customer_unique_id,product_id,rank,category
004b45ec5c64187465168251cd1c9c2f,0bcc3eeca39e1064258aa1e932269894,1,garden_tools
004b45ec5c64187465168251cd1c9c2f,422879e10f46682990de24d770e7f83d,2,garden_tools
004b45ec5c64187465168251cd1c9c2f,53759a2ecddad2bb87a079a1f1519f73,3,garden_tools
004b45ec5c64187465168251cd1c9c2f,368c6c730842d78016ad823897a372db,4,garden_tools
004b45ec5c64187465168251cd1c9c2f,389d119b48cf3043d311335e499d9c6b,5,garden_tools
00a39521eb40f7012db50455bf083460,4d69476a7bd01b8eec1c87e60778364c,1,sports_leisure
00a39521eb40f7012db50455bf083460,cec09725da5ed01471d9a505e7389d37,2,sports_leisure
012a218df8995d3ec3bb221828360c86,99a4788cb24856965c36a24e339b6058,1,bed_bath_table
012a218df8995d3ec3bb221828360c86,aca2eb7d00ea1a7b8ebd4e68314663af,2,furniture_decor
012a218df8995d3ec3bb221828360c86,422879e10f46682990de24d770e7f83d,3,garden_tools
012a218df8995d3ec3bb221828360c86,53b36df67ebb7c41585e8d54d6772e08,4,watches_gifts
012a218df8995d3ec3bb221828360c86,389d119b48cf3043d311335e499d9c6b,5,garden_tools
012a218df8995d3ec3bb221828360c86,d1c427060a0f73f6b889a5c7c61f2ac4,6,computers_accessories
012a218df8995d3ec3bb221828360c86,368c6c730842d78016ad823897a372db,7,garden_tools
012a218df8995d3ec3bb221828360c86,53759a2ecddad2bb87a079a1f1519f73,8,garden_tools
012a218df8995d3ec3bb221828360c86,154e7e31ebfa092203795c972e5804a6,9,health_beauty
012a218df8995d3ec3bb221828360c86,2b4609f8948be18874494203496bc318,10,health_beauty
0178b244a5c281fb2ade54038dd4b161,35afc973633aaeb6b877ff57b2793310,1,home_confort
0178b244a5c281fb2ade54038dd4b161,f2e53dd1670f3c376518263b3f71424d,2,bed_bath_table
0178b244a5c281fb2ade54038dd4b161,eebbed5ed3b134eceb717496c47652ba,3,bed_bath_table
0178b244a5c281fb2ade54038dd4b161,3e5201fe0d1ba474d9b90152c83c706c,4,bed_bath_table
0178b244a5c281fb2ade54038dd4b161,7aef20f12c90de905bf7782cb29dffb3,5,furniture_decor
0178b244a5c281fb2ade54038dd4b161,0a23fd10720c5ffc6c7f5e66b0b26ae2,6,furniture_decor
0178b244a5c281fb2ade54038dd4b161,f2c1df0fc307ec60e3321c708c1dcac3,7,bed_bath_table
0178b244a5c281fb2ade54038dd4b161,3a3502ecc84a931af1064f5a82ed267a,8,furniture_decor
0178b244a5c281fb2ade54038dd4b161,b05fae603a3a28a977633c139cece058,9,bed_bath_table
0178b244a5c281fb2ade54038dd4b161,9bc39c44d241610638729a32026eb37a,10,bed_bath_table
01f2285f85a1c603eb7ef755ad311769,99a4788cb24856965c36a24e339b6058,1,bed_bath_table
01f2285f85a1c603eb7ef755ad311769,aca2eb7d00ea1a7b8ebd4e68314663af,2,furniture_decor
01f2285f85a1c603eb7ef755ad311769,422879e10f46682990de24d770e7f83d,3,garden_tools
01f2285f85a1c603eb7ef755ad311769,53b36df67ebb7c41585e8d54d6772e08,4,watches_gifts
01f2285f85a1c603eb7ef755ad311769,389d119b48cf3043d311335e499d9c6b,5,garden_tools
01f2285f85a1c603eb7ef755ad311769,d1c427060a0f73f6b889a5c7c61f2ac4,6,computers_accessories
01f2285f85a1c603eb7ef755ad311769,368c6c730842d78016ad823897a372db,7,garden_tools
01f2285f85a1c603eb7ef755ad311769,53759a2ecddad2bb87a079a1f1519f73,8,garden_tools
01f2285f85a1c603eb7ef755ad311769,154e7e31ebfa092203795c972e5804a6,9,health_beauty
01f2285f85a1c603eb7ef755ad311769,2b4609f8948be18874494203496bc318,10,health_beauty
03d4953a455f8489e712ea80699de878,99a4788cb24856965c36a24e339b6058,1,bed_bath_table
03d4953a455f8489e712ea80699de878,aca2eb7d00ea1a7b8ebd4e68314663af,2,furniture_decor
03d4953a455f8489e712ea80699de878,422879e10f46682990de24d770e7f83d,3,garden_tools
03d4953a455f8489e712ea80699de878,53b36df67ebb7c41585e8d54d6772e08,4,watches_gifts
03d4953a455f8489e712ea80699de878,389d119b48cf3043d311335e499d9c6b,5,garden_tools
03d4953a455f8489e712ea80699de878,d1c427060a0f73f6b889a5c7c61f2ac4,6,computers_accessories
03d4953a455f8489e712ea80699de878,368c6c730842d78016ad823897a372db,7,garden_tools
03d4953a455f8489e712ea80699de878,53759a2ecddad2bb87a079a1f1519f73,8,garden_tools
03d4953a455f8489e712ea80699de878,154e7e31ebfa092203795c972e5804a6,9,health_beauty
03d4953a455f8489e712ea80699de878,2b4609f8948be18874494203496bc318,10,health_beauty
03ef7f03905227e15c7b6c860554b3cb,99a4788cb24856965c36a24e339b6058,1,bed_bath_table
03ef7f03905227e15c7b6c860554b3cb,aca2eb7d00ea1a7b8ebd4e68314663af,2,furniture_decor
03ef7f03905227e15c7b6c860554b3cb,422879e10f46682990de24d770e7f83d,3,garden_tools
03ef7f03905227e15c7b6c860554b3cb,53b36df67ebb7c41585e8d54d6772e08,4,watches_gifts
03ef7f03905227e15c7b6c860554b3cb,389d119b48cf3043d311335e499d9c6b,5,garden_tools
03ef7f03905227e15c7b6c860554b3cb,d1c427060a0f73f6b889a5c7c61f2ac4,6,computers_accessories
03ef7f03905227e15c7b6c860554b3cb,368c6c730842d78016ad823897a372db,7,garden_tools
03ef7f03905227e15c7b6c860554b3cb,53759a2ecddad2bb87a079a1f1519f73,8,garden_tools
03ef7f03905227e15c7b6c860554b3cb,154e7e31ebfa092203795c972e5804a6,9,health_beauty
03ef7f03905227e15c7b6c860554b3cb,2b4609f8948be18874494203496bc318,10,health_beauty
041caba6a63ace5818387698ea85cdb2,d952c09021388fd5b1e5f914f559fb10,1,telephony
070acf4df1234a6257809e4e79644481,99a4788cb24856965c36a24e339b6058,1,bed_bath_table
070acf4df1234a6257809e4e79644481,aca2eb7d00ea1a7b8ebd4e68314663af,2,furniture_decor
070acf4df1234a6257809e4e79644481,422879e10f46682990de24d770e7f83d,3,garden_tools
070acf4df1234a6257809e4e79644481,53b36df67ebb7c41585e8d54d6772e08,4,watches_gifts
070acf4df1234a6257809e4e79644481,389d119b48cf3043d311335e499d9c6b,5,garden_tools
070acf4df1234a6257809e4e79644481,d1c427060a0f73f6b889a5c7c61f2ac4,6,computers_accessories
070acf4df1234a6257809e4e79644481,368c6c730842d78016ad823897a372db,7,garden_tools
070acf4df1234a6257809e4e79644481,53759a2ecddad2bb87a079a1f1519f73,8,garden_tools
070acf4df1234a6257809e4e79644481,154e7e31ebfa092203795c972e5804a6,9,health_beauty
070acf4df1234a6257809e4e79644481,2b4609f8948be18874494203496bc318,10,health_beauty
07ff81a9676efa0286ddd3f09e7c0063,c8a93a4386deccaca35baaaf72ec918b,1,furniture_decor
083ca1aa470c280236380973a48f77c6,99a4788cb24856965c36a24e339b6058,1,bed_bath_table
083ca1aa470c280236380973a48f77c6,aca2eb7d00ea1a7b8ebd4e68314663af,2,furniture_decor
083ca1aa470c280236380973a48f77c6,422879e10f46682990de24d770e7f83d,3,garden_tools
083ca1aa470c280236380973a48f77c6,53b36df67ebb7c41585e8d54d6772e08,4,watches_gifts
083ca1aa470c280236380973a48f77c6,389d119b48cf3043d311335e499d9c6b,5,garden_tools
083ca1aa470c280236380973a48f77c6,d1c427060a0f73f6b889a5c7c61f2ac4,6,computers_accessories
083ca1aa470c280236380973a48f77c6,368c6c730842d78016ad823897a372db,7,garden_tools
083ca1aa470c280236380973a48f77c6,53759a2ecddad2bb87a079a1f1519f73,8,garden_tools
083ca1aa470c280236380973a48f77c6,154e7e31ebfa092203795c972e5804a6,9,health_beauty
083ca1aa470c280236380973a48f77c6,2b4609f8948be18874494203496bc318,10,health_beauty
083ce299ea3fc1eba79bd0b17f64555b,99a4788cb24856965c36a24e339b6058,1,bed_bath_table
083ce299ea3fc1eba79bd0b17f64555b,aca2eb7d00ea1a7b8ebd4e68314663af,2,furniture_decor
083ce299ea3fc1eba79bd0b17f64555b,422879e10f46682990de24d770e7f83d,3,garden_tools
083ce299ea3fc1eba79bd0b17f64555b,53b36df67ebb7c41585e8d54d6772e08,4,watches_gifts
083ce299ea3fc1eba79bd0b17f64555b,389d119b48cf3043d311335e499d9c6b,5,garden_tools
083ce299ea3fc1eba79bd0b17f64555b,d1c427060a0f73f6b889a5c7c61f2ac4,6,computers_accessories
083ce299ea3fc1eba79bd0b17f64555b,368c6c730842d78016ad823897a372db,7,garden_tools
083ce299ea3fc1eba79bd0b17f64555b,53759a2ecddad2bb87a079a1f1519f73,8,garden_tools
083ce299ea3fc1eba79bd0b17f64555b,154e7e31ebfa092203795c972e5804a6,9,health_beauty
083ce299ea3fc1eba79bd0b17f64555b,2b4609f8948be18874494203496bc318,10,health_beauty
084be429c23e342acf5084ac6156d22e,1034b97aafcca692c8a2157f58f5b637,1,bed_bath_table
084be429c23e342acf5084ac6156d22e,320e20e13905991b0d83e8f181fcc196,2,furniture_decor
084be429c23e342acf5084ac6156d22e,a0ef8572cd061badd81ffc48dc04d1fa,3,furniture_decor
084be429c23e342acf5084ac6156d22e,0efe972876d70927f5099b77f387c6c7,4,furniture_decor
084be429c23e342acf5084ac6156d22e,e68a5a5626c4b1bfc5ca78202f898300,5,cool_stuff
084be429c23e342acf5084ac6156d22e,2481a472d98c582b46bc2dfeae6f539f,6,furniture_decor
084be429c23e342acf5084ac6156d22e,66a0a6e02b7f543e5b021ce361f267d4,7,cool_stuff
08b57f87bc889756ca453bf8106d48ce,99a4788cb24856965c36a24e339b6058,1,bed_bath_table
08b57f87bc889756ca453bf8106d48ce,aca2eb7d00ea1a7b8ebd4e68314663af,2,furniture_decor
08b57f87bc889756ca453bf8106d48ce,422879e10f46682990de24d770e7f83d,3,garden_tools
08b57f87bc889756ca453bf8106d48ce,53b36df67ebb7c41585e8d54d6772e08,4,watches_gifts
08b57f87bc889756ca453bf8106d48ce,389d119b48cf3043d311335e499d9c6b,5,garden_tools
08b57f87bc889756ca453bf8106d48ce,d1c427060a0f73f6b889a5c7c61f2ac4,6,computers_accessories
08b57f87bc889756ca453bf8106d48ce,368c6c730842d78016ad823897a372db,7,garden_tools
08b57f87bc889756ca453bf8106d48ce,53759a2ecddad2bb87a079a1f1519f73,8,garden_tools
08b57f87bc889756ca453bf8106d48ce,154e7e31ebfa092203795c972e5804a6,9,health_beauty
08b57f87bc889756ca453bf8106d48ce,2b4609f8948be18874494203496bc318,10,health_beauty
0ac4a9460c1baf3051ffec5c9021a499,99a4788cb24856965c36a24e339b6058,1,bed_bath_table
0ac4a9460c1baf3051ffec5c9021a499,aca2eb7d00ea1a7b8ebd4e68314663af,2,furniture_decor
0ac4a9460c1baf3051ffec5c9021a499,422879e10f46682990de24d770e7f83d,3,garden_tools
0ac4a9460c1baf3051ffec5c9021a499,53b36df67ebb7c41585e8d54d6772e08,4,watches_gifts
0ac4a9460c1baf3051ffec5c9021a499,389d119b48cf3043d311335e499d9c6b,5,garden_tools
0ac4a9460c1baf3051ffec5c9021a499,d1c427060a0f73f6b889a5c7c61f2ac4,6,computers_accessories
0ac4a9460c1baf3051ffec5c9021a499,368c6c730842d78016ad823897a372db,7,garden_tools
0ac4a9460c1baf3051ffec5c9021a499,53759a2ecddad2bb87a079a1f1519f73,8,garden_tools
0ac4a9460c1baf3051ffec5c9021a499,154e7e31ebfa092203795c972e5804a6,9,health_beauty
0ac4a9460c1baf3051ffec5c9021a499,2b4609f8948be18874494203496bc318,10,health_beauty
0ad1d79346c3b98b517348ecbbadfbc6,62177bb58dda374cc02e6cd2616996a1,1,industry_commerce_and_business
0ad7cb4f48f2a2cf5080e3c19c7cf98c,48972c4d034d78bb520475d037515238,1,bed_bath_table
0ad7cb4f48f2a2cf5080e3c19c7cf98c,8adde8ed66e628e94f29b9832156ab08,2,furniture_decor
0b51518c7deffd54b13b007c9f91c3f0,99a4788cb24856965c36a24e339b6058,1,bed_bath_table
0b51518c7deffd54b13b007c9f91c3f0,aca2eb7d00ea1a7b8ebd4e68314663af,2,furniture_decor
0b51518c7deffd54b13b007c9f91c3f0,422879e10f46682990de24d770e7f83d,3,garden_tools
0b51518c7deffd54b13b007c9f91c3f0,53b36df67ebb7c41585e8d54d6772e08,4,watches_gifts
0b51518c7deffd54b13b007c9f91c3f0,389d119b48cf3043d311335e499d9c6b,5,garden_tools
0b51518c7deffd54b13b007c9f91c3f0,d1c427060a0f73f6b889a5c7c61f2ac4,6,computers_accessories
0b51518c7deffd54b13b007c9f91c3f0,368c6c730842d78016ad823897a372db,7,garden_tools
0b51518c7deffd54b13b007c9f91c3f0,53759a2ecddad2bb87a079a1f1519f73,8,garden_tools
0b51518c7deffd54b13b007c9f91c3f0,154e7e31ebfa092203795c972e5804a6,9,health_beauty
0b51518c7deffd54b13b007c9f91c3f0,2b4609f8948be18874494203496bc318,10,health_beauty
0c1201c04330536234aaa49b396745d4,99a4788cb24856965c36a24e339b6058,1,bed_bath_table
0c1201c04330536234aaa49b396745d4,aca2eb7d00ea1a7b8ebd4e68314663af,2,furniture_decor
0c1201c04330536234aaa49b396745d4,422879e10f46682990de24d770e7f83d,3,garden_tools
0c1201c04330536234aaa49b396745d4,53b36df67ebb7c41585e8d54d6772e08,4,watches_gifts
0c1201c04330536234aaa49b396745d4,389d119b48cf3043d311335e499d9c6b,5,garden_tools
0c1201c04330536234aaa49b396745d4,d1c427060a0f73f6b889a5c7c61f2ac4,6,computers_accessories
0c1201c04330536234aaa49b396745d4,368c6c730842d78016ad823897a372db,7,garden_tools
0c1201c04330536234aaa49b396745d4,53759a2ecddad2bb87a079a1f1519f73,8,garden_tools
0c1201c04330536234aaa49b396745d4,154e7e31ebfa092203795c972e5804a6,9,health_beauty
0c1201c04330536234aaa49b396745d4,2b4609f8948be18874494203496bc318,10,health_beauty
0c32aa09e8eced3ea26c2a013b7b75e9,99a4788cb24856965c36a24e339b6058,1,bed_bath_table
0c32aa09e8eced3ea26c2a013b7b75e9,aca2eb7d00ea1a7b8ebd4e68314663af,2,furniture_decor
0c32aa09e8eced3ea26c2a013b7b75e9,422879e10f46682990de24d770e7f83d,3,garden_tools
0c32aa09e8eced3ea26c2a013b7b75e9,53b36df67ebb7c41585e8d54d6772e08,4,watches_gifts
0c32aa09e8eced3ea26c2a013b7b75e9,389d119b48cf3043d311335e499d9c6b,5,garden_tools
0c32aa09e8eced3ea26c2a013b7b75e9,d1c427060a0f73f6b889a5c7c61f2ac4,6,computers_accessories
0c32aa09e8eced3ea26c2a013b7b75e9,368c6c730842d78016ad823897a372db,7,garden_tools
0c32aa09e8eced3ea26c2a013b7b75e9,53759a2ecddad2bb87a079a1f1519f73,8,garden_tools
0c32aa09e8eced3ea26c2a013b7b75e9,154e7e31ebfa092203795c972e5804a6,9,health_beauty
0c32aa09e8eced3ea26c2a013b7b75e9,2b4609f8948be18874494203496bc318,10,health_beauty
0d153268371aa25450d4117ff070277e,99a4788cb24856965c36a24e339b6058,1,bed_bath_table
0d153268371aa25450d4117ff070277e,aca2eb7d00ea1a7b8ebd4e68314663af,2,furniture_decor
0d153268371aa25450d4117ff070277e,422879e10f46682990de24d770e7f83d,3,garden_tools
0d153268371aa25450d4117ff070277e,53b36df67ebb7c41585e8d54d6772e08,4,watches_gifts
0d153268371aa25450d4117ff070277e,389d119b48cf3043d311335e499d9c6b,5,garden_tools
0d153268371aa25450d4117ff070277e,d1c427060a0f73f6b889a5c7c61f2ac4,6,computers_accessories
0d153268371aa25450d4117ff070277e,368c6c730842d78016ad823897a372db,7,garden_tools
0d153268371aa25450d4117ff070277e,53759a2ecddad2bb87a079a1f1519f73,8,garden_tools
0d153268371aa25450d4117ff070277e,154e7e31ebfa092203795c972e5804a6,9,health_beauty
0d153268371aa25450d4117ff070277e,2b4609f8948be18874494203496bc318,10,health_beauty
0dc81b520ef7db9cb44bb075e129dcf8,daf84c8f6a77308759733b317cf20666,1,furniture_living_room
0dc81b520ef7db9cb44bb075e129dcf8,61a53738adc5c0e8d243553320f9ba1c,2,sports_leisure
0dc81b520ef7db9cb44bb075e129dcf8,0a9bdadab17a9b0f258f64d11a0adf7b,3,furniture_decor
0dc81b520ef7db9cb44bb075e129dcf8,1bfb290d7273a442c874dbe74b4abae6,4,office_furniture
0e4d012fac3d20c033e0284fb6d2ea6a,53759a2ecddad2bb87a079a1f1519f73,1,garden_tools
0e4d012fac3d20c033e0284fb6d2ea6a,0bcc3eeca39e1064258aa1e932269894,2,garden_tools
0e4d012fac3d20c033e0284fb6d2ea6a,389d119b48cf3043d311335e499d9c6b,3,garden_tools
0e4d012fac3d20c033e0284fb6d2ea6a,b0961721fd839e9982420e807758a2a6,4,garden_tools
0e4d012fac3d20c033e0284fb6d2ea6a,96f8ecb5e5705b3b726d7e3022622575,5,furniture_decor
0e4d012fac3d20c033e0284fb6d2ea6a,ea413ac4e120d19ac3473fb659db1c9a,6,furniture_decor
0e4d012fac3d20c033e0284fb6d2ea6a,be0a8cb3c50011daec32f4d8ecdccb28,7,furniture_decor
0e4d012fac3d20c033e0284fb6d2ea6a,8273821fd2a32fbbc77ad8b743b2a1b9,8,housewares
0e4d012fac3d20c033e0284fb6d2ea6a,422879e10f46682990de24d770e7f83d,9,garden_tools
0e4d012fac3d20c033e0284fb6d2ea6a,a5341e3f8155dbb3e62323d3ea289729,10,furniture_decor
0ee57f62666561b72f2ceacad0230cbf,99a4788cb24856965c36a24e339b6058,1,bed_bath_table
0ee57f62666561b72f2ceacad0230cbf,aca2eb7d00ea1a7b8ebd4e68314663af,2,furniture_decor
0ee57f62666561b72f2ceacad0230cbf,422879e10f46682990de24d770e7f83d,3,garden_tools
0ee57f62666561b72f2ceacad0230cbf,53b36df67ebb7c41585e8d54d6772e08,4,watches_gifts
0ee57f62666561b72f2ceacad0230cbf,389d119b48cf3043d311335e499d9c6b,5,garden_tools
0ee57f62666561b72f2ceacad0230cbf,d1c427060a0f73f6b889a5c7c61f2ac4,6,computers_accessories
0ee57f62666561b72f2ceacad0230cbf,368c6c730842d78016ad823897a372db,7,garden_tools
0ee57f62666561b72f2ceacad0230cbf,53759a2ecddad2bb87a079a1f1519f73,8,garden_tools
0ee57f62666561b72f2ceacad0230cbf,154e7e31ebfa092203795c972e5804a6,9,health_beauty
0ee57f62666561b72f2ceacad0230cbf,2b4609f8948be18874494203496bc318,10,health_beauty
0ef7b906320b21fe4d39f99496aaa2d8,b77ae16cc8f67cd1c0ec781d5bf4da2b,1,cool_stuff
0ef7b906320b21fe4d39f99496aaa2d8,3354a4e684f5e7199f9407db70ccd92b,2,cool_stuff
0efd5025e6544ef110881866b945d0cc,99a4788cb24856965c36a24e339b6058,1,bed_bath_table
0efd5025e6544ef110881866b945d0cc,aca2eb7d00ea1a7b8ebd4e68314663af,2,furniture_decor
0efd5025e6544ef110881866b945d0cc,422879e10f46682990de24d770e7f83d,3,garden_tools
0efd5025e6544ef110881866b945d0cc,53b36df67ebb7c41585e8d54d6772e08,4,watches_gifts
0efd5025e6544ef110881866b945d0cc,389d119b48cf3043d311335e499d9c6b,5,garden_tools
0efd5025e6544ef110881866b945d0cc,d1c427060a0f73f6b889a5c7c61f2ac4,6,computers_accessories
0efd5025e6544ef110881866b945d0cc,368c6c730842d78016ad823897a372db,7,garden_tools
0efd5025e6544ef110881866b945d0cc,53759a2ecddad2bb87a079a1f1519f73,8,garden_tools
0efd5025e6544ef110881866b945d0cc,154e7e31ebfa092203795c972e5804a6,9,health_beauty
0efd5025e6544ef110881866b945d0cc,2b4609f8948be18874494203496bc318,10,health_beauty
0f26a77f8de836d7c44b4694e0fa3ea4,99a4788cb24856965c36a24e339b6058,1,bed_bath_table
0f26a77f8de836d7c44b4694e0fa3ea4,aca2eb7d00ea1a7b8ebd4e68314663af,2,furniture_decor
0f26a77f8de836d7c44b4694e0fa3ea4,422879e10f46682990de24d770e7f83d,3,garden_tools
0f26a77f8de836d7c44b4694e0fa3ea4,53b36df67ebb7c41585e8d54d6772e08,4,watches_gifts
0f26a77f8de836d7c44b4694e0fa3ea4,389d119b48cf3043d311335e499d9c6b,5,garden_tools
0f26a77f8de836d7c44b4694e0fa3ea4,d1c427060a0f73f6b889a5c7c61f2ac4,6,computers_accessories
0f26a77f8de836d7c44b4694e0fa3ea4,368c6c730842d78016ad823897a372db,7,garden_tools
0f26a77f8de836d7c44b4694e0fa3ea4,53759a2ecddad2bb87a079a1f1519f73,8,garden_tools
0f26a77f8de836d7c44b4694e0fa3ea4,154e7e31ebfa092203795c972e5804a6,9,health_beauty
0f26a77f8de836d7c44b4694e0fa3ea4,2b4609f8948be18874494203496bc318,10,health_beauty
10351fa9e690ca750568e3c19978d69e,99a4788cb24856965c36a24e339b6058,1,bed_bath_table
10351fa9e690ca750568e3c19978d69e,aca2eb7d00ea1a7b8ebd4e68314663af,2,furniture_decor
10351fa9e690ca750568e3c19978d69e,422879e10f46682990de24d770e7f83d,3,garden_tools
10351fa9e690ca750568e3c19978d69e,53b36df67ebb7c41585e8d54d6772e08,4,watches_gifts
10351fa9e690ca750568e3c19978d69e,389d119b48cf3043d311335e499d9c6b,5,garden_tools
10351fa9e690ca750568e3c19978d69e,d1c427060a0f73f6b889a5c7c61f2ac4,6,computers_accessories
10351fa9e690ca750568e3c19978d69e,368c6c730842d78016ad823897a372db,7,garden_tools
10351fa9e690ca750568e3c19978d69e,53759a2ecddad2bb87a079a1f1519f73,8,garden_tools
10351fa9e690ca750568e3c19978d69e,154e7e31ebfa092203795c972e5804a6,9,health_beauty
10351fa9e690ca750568e3c19978d69e,2b4609f8948be18874494203496bc318,10,health_beauty
1041688b50cfd8ef6df6086a1746a30c,308a7360ee2e0ecfb6aa7708428692af,1,electronics
10b442e762ba8a5ad22de5ba2207e5f1,99a4788cb24856965c36a24e339b6058,1,bed_bath_table
10b442e762ba8a5ad22de5ba2207e5f1,aca2eb7d00ea1a7b8ebd4e68314663af,2,furniture_decor
10b442e762ba8a5ad22de5ba2207e5f1,422879e10f46682990de24d770e7f83d,3,garden_tools
10b442e762ba8a5ad22de5ba2207e5f1,53b36df67ebb7c41585e8d54d6772e08,4,watches_gifts
10b442e762ba8a5ad22de5ba2207e5f1,389d119b48cf3043d311335e499d9c6b,5,garden_tools
10b442e762ba8a5ad22de5ba2207e5f1,d1c427060a0f73f6b889a5c7c61f2ac4,6,computers_accessories
10b442e762ba8a5ad22de5ba2207e5f1,368c6c730842d78016ad823897a372db,7,garden_tools
10b442e762ba8a5ad22de5ba2207e5f1,53759a2ecddad2bb87a079a1f1519f73,8,garden_tools
10b442e762ba8a5ad22de5ba2207e5f1,154e7e31ebfa092203795c972e5804a6,9,health_beauty
10b442e762ba8a5ad22de5ba2207e5f1,2b4609f8948be18874494203496bc318,10,health_beauty
11e95918d6816403858e8314a3503f4c,99a4788cb24856965c36a24e339b6058,1,bed_bath_table
11e95918d6816403858e8314a3503f4c,aca2eb7d00ea1a7b8ebd4e68314663af,2,furniture_decor
11e95918d6816403858e8314a3503f4c,422879e10f46682990de24d770e7f83d,3,garden_tools
11e95918d6816403858e8314a3503f4c,53b36df67ebb7c41585e8d54d6772e08,4,watches_gifts
11e95918d6816403858e8314a3503f4c,389d119b48cf3043d311335e499d9c6b,5,garden_tools
11e95918d6816403858e8314a3503f4c,d1c427060a0f73f6b889a5c7c61f2ac4,6,computers_accessories
11e95918d6816403858e8314a3503f4c,368c6c730842d78016ad823897a372db,7,garden_tools
11e95918d6816403858e8314a3503f4c,53759a2ecddad2bb87a079a1f1519f73,8,garden_tools
11e95918d6816403858e8314a3503f4c,154e7e31ebfa092203795c972e5804a6,9,health_beauty
11e95918d6816403858e8314a3503f4c,2b4609f8948be18874494203496bc318,10,health_beauty
124ef8d5acc80858c69d34e3e08b572d,99a4788cb24856965c36a24e339b6058,1,bed_bath_table
124ef8d5acc80858c69d34e3e08b572d,aca2eb7d00ea1a7b8ebd4e68314663af,2,furniture_decor
124ef8d5acc80858c69d34e3e08b572d,422879e10f46682990de24d770e7f83d,3,garden_tools
124ef8d5acc80858c69d34e3e08b572d,53b36df67ebb7c41585e8d54d6772e08,4,watches_gifts
124ef8d5acc80858c69d34e3e08b572d,389d119b48cf3043d311335e499d9c6b,5,garden_tools
124ef8d5acc80858c69d34e3e08b572d,d1c427060a0f73f6b889a5c7c61f2ac4,6,computers_accessories
124ef8d5acc80858c69d34e3e08b572d,368c6c730842d78016ad823897a372db,7,garden_tools
124ef8d5acc80858c69d34e3e08b572d,53759a2ecddad2bb87a079a1f1519f73,8,garden_tools
124ef8d5acc80858c69d34e3e08b572d,154e7e31ebfa092203795c972e5804a6,9,health_beauty
124ef8d5acc80858c69d34e3e08b572d,2b4609f8948be18874494203496bc318,10,health_beauty
130f4a32887cc549621b3c6cf36bf77e,99a4788cb24856965c36a24e339b6058,1,bed_bath_table
130f4a32887cc549621b3c6cf36bf77e,aca2eb7d00ea1a7b8ebd4e68314663af,2,furniture_decor
130f4a32887cc549621b3c6cf36bf77e,422879e10f46682990de24d770e7f83d,3,garden_tools
130f4a32887cc549621b3c6cf36bf77e,53b36df67ebb7c41585e8d54d6772e08,4,watches_gifts
130f4a32887cc549621b3c6cf36bf77e,389d119b48cf3043d311335e499d9c6b,5,garden_tools
130f4a32887cc549621b3c6cf36bf77e,d1c427060a0f73f6b889a5c7c61f2ac4,6,computers_accessories
130f4a32887cc549621b3c6cf36bf77e,368c6c730842d78016ad823897a372db,7,garden_tools
130f4a32887cc549621b3c6cf36bf77e,53759a2ecddad2bb87a079a1f1519f73,8,garden_tools
130f4a32887cc549621b3c6cf36bf77e,154e7e31ebfa092203795c972e5804a6,9,health_beauty
130f4a32887cc549621b3c6cf36bf77e,2b4609f8948be18874494203496bc318,10,health_beauty
139093b1c6e7e3108ac0469ce43bfb99,53759a2ecddad2bb87a079a1f1519f73,1,garden_tools
139093b1c6e7e3108ac0469ce43bfb99,0bcc3eeca39e1064258aa1e932269894,2,garden_tools
139093b1c6e7e3108ac0469ce43bfb99,389d119b48cf3043d311335e499d9c6b,3,garden_tools
139093b1c6e7e3108ac0469ce43bfb99,b0961721fd839e9982420e807758a2a6,4,garden_tools
139093b1c6e7e3108ac0469ce43bfb99,96f8ecb5e5705b3b726d7e3022622575,5,furniture_decor
139093b1c6e7e3108ac0469ce43bfb99,ea413ac4e120d19ac3473fb659db1c9a,6,furniture_decor
139093b1c6e7e3108ac0469ce43bfb99,27c0cea4dc76549f5bd124d9cad0ae3b,7,baby
139093b1c6e7e3108ac0469ce43bfb99,be0a8cb3c50011daec32f4d8ecdccb28,8,furniture_decor
139093b1c6e7e3108ac0469ce43bfb99,8273821fd2a32fbbc77ad8b743b2a1b9,9,housewares
139093b1c6e7e3108ac0469ce43bfb99,422879e10f46682990de24d770e7f83d,10,garden_tools
13bf0b4120921402dff563cda4383ff6,99a4788cb24856965c36a24e339b6058,1,bed_bath_table
13bf0b4120921402dff563cda4383ff6,aca2eb7d00ea1a7b8ebd4e68314663af,2,furniture_decor
13bf0b4120921402dff563cda4383ff6,422879e10f46682990de24d770e7f83d,3,garden_tools
13bf0b4120921402dff563cda4383ff6,53b36df67ebb7c41585e8d54d6772e08,4,watches_gifts
13bf0b4120921402dff563cda4383ff6,389d119b48cf3043d311335e499d9c6b,5,garden_tools
13bf0b4120921402dff563cda4383ff6,d1c427060a0f73f6b889a5c7c61f2ac4,6,computers_accessories
13bf0b4120921402dff563cda4383ff6,368c6c730842d78016ad823897a372db,7,garden_tools
13bf0b4120921402dff563cda4383ff6,53759a2ecddad2bb87a079a1f1519f73,8,garden_tools
13bf0b4120921402dff563cda4383ff6,154e7e31ebfa092203795c972e5804a6,9,health_beauty
13bf0b4120921402dff563cda4383ff6,2b4609f8948be18874494203496bc318,10,health_beauty
142dc6250eac579893595d9889411834,99a4788cb24856965c36a24e339b6058,1,bed_bath_table
142dc6250eac579893595d9889411834,aca2eb7d00ea1a7b8ebd4e68314663af,2,furniture_decor
142dc6250eac579893595d9889411834,422879e10f46682990de24d770e7f83d,3,garden_tools
142dc6250eac579893595d9889411834,53b36df67ebb7c41585e8d54d6772e08,4,watches_gifts
142dc6250eac579893595d9889411834,389d119b48cf3043d311335e499d9c6b,5,garden_tools
142dc6250eac579893595d9889411834,d1c427060a0f73f6b889a5c7c61f2ac4,6,computers_accessories
142dc6250eac579893595d9889411834,368c6c730842d78016ad823897a372db,7,garden_tools
142dc6250eac579893595d9889411834,53759a2ecddad2bb87a079a1f1519f73,8,garden_tools
142dc6250eac579893595d9889411834,154e7e31ebfa092203795c972e5804a6,9,health_beauty
142dc6250eac579893595d9889411834,2b4609f8948be18874494203496bc318,10,health_beauty
1450ca0539e1e64a77c08ba841c8be94,99a4788cb24856965c36a24e339b6058,1,bed_bath_table
1450ca0539e1e64a77c08ba841c8be94,aca2eb7d00ea1a7b8ebd4e68314663af,2,furniture_decor
1450ca0539e1e64a77c08ba841c8be94,422879e10f46682990de24d770e7f83d,3,garden_tools
1450ca0539e1e64a77c08ba841c8be94,53b36df67ebb7c41585e8d54d6772e08,4,watches_gifts
1450ca0539e1e64a77c08ba841c8be94,389d119b48cf3043d311335e499d9c6b,5,garden_tools
1450ca0539e1e64a77c08ba841c8be94,d1c427060a0f73f6b889a5c7c61f2ac4,6,computers_accessories
1450ca0539e1e64a77c08ba841c8be94,368c6c730842d78016ad823897a372db,7,garden_tools
1450ca0539e1e64a77c08ba841c8be94,53759a2ecddad2bb87a079a1f1519f73,8,garden_tools
1450ca0539e1e64a77c08ba841c8be94,154e7e31ebfa092203795c972e5804a6,9,health_beauty
1450ca0539e1e64a77c08ba841c8be94,2b4609f8948be18874494203496bc318,10,health_beauty
151e9edb34867eaece4d6e7ae188f261,99a4788cb24856965c36a24e339b6058,1,bed_bath_table
151e9edb34867eaece4d6e7ae188f261,aca2eb7d00ea1a7b8ebd4e68314663af,2,furniture_decor
151e9edb34867eaece4d6e7ae188f261,422879e10f46682990de24d770e7f83d,3,garden_tools
151e9edb34867eaece4d6e7ae188f261,53b36df67ebb7c41585e8d54d6772e08,4,watches_gifts
151e9edb34867eaece4d6e7ae188f261,389d119b48cf3043d311335e499d9c6b,5,garden_tools
151e9edb34867eaece4d6e7ae188f261,d1c427060a0f73f6b889a5c7c61f2ac4,6,computers_accessories
151e9edb34867eaece4d6e7ae188f261,368c6c730842d78016ad823897a372db,7,garden_tools
151e9edb34867eaece4d6e7ae188f261,53759a2ecddad2bb87a079a1f1519f73,8,garden_tools
151e9edb34867eaece4d6e7ae188f261,154e7e31ebfa092203795c972e5804a6,9,health_beauty
151e9edb34867eaece4d6e7ae188f261,2b4609f8948be18874494203496bc318,10,health_beauty
18186af785c301b05127a291eac901e1,50b2ddbf47bd0b8eecabb404613e2a45,1,bed_bath_table
182053495bc94c2f41090ce8c41be266,99a4788cb24856965c36a24e339b6058,1,bed_bath_table
182053495bc94c2f41090ce8c41be266,aca2eb7d00ea1a7b8ebd4e68314663af,2,furniture_decor
182053495bc94c2f41090ce8c41be266,422879e10f46682990de24d770e7f83d,3,garden_tools
182053495bc94c2f41090ce8c41be266,53b36df67ebb7c41585e8d54d6772e08,4,watches_gifts
182053495bc94c2f41090ce8c41be266,389d119b48cf3043d311335e499d9c6b,5,garden_tools
182053495bc94c2f41090ce8c41be266,d1c427060a0f73f6b889a5c7c61f2ac4,6,computers_accessories
182053495bc94c2f41090ce8c41be266,368c6c730842d78016ad823897a372db,7,garden_tools
182053495bc94c2f41090ce8c41be266,53759a2ecddad2bb87a079a1f1519f73,8,garden_tools
182053495bc94c2f41090ce8c41be266,154e7e31ebfa092203795c972e5804a6,9,health_beauty
182053495bc94c2f41090ce8c41be266,2b4609f8948be18874494203496bc318,10,health_beauty
18bc87094128bbfe943cf88adcf72059,99a4788cb24856965c36a24e339b6058,1,bed_bath_table
18bc87094128bbfe943cf88adcf72059,aca2eb7d00ea1a7b8ebd4e68314663af,2,furniture_decor
18bc87094128bbfe943cf88adcf72059,422879e10f46682990de24d770e7f83d,3,garden_tools
18bc87094128bbfe943cf88adcf72059,53b36df67ebb7c41585e8d54d6772e08,4,watches_gifts
18bc87094128bbfe943cf88adcf72059,389d119b48cf3043d311335e499d9c6b,5,garden_tools
18bc87094128bbfe943cf88adcf72059,d1c427060a0f73f6b889a5c7c61f2ac4,6,computers_accessories
18bc87094128bbfe943cf88adcf72059,368c6c730842d78016ad823897a372db,7,garden_tools
18bc87094128bbfe943cf88adcf72059,53759a2ecddad2bb87a079a1f1519f73,8,garden_tools
18bc87094128bbfe943cf88adcf72059,154e7e31ebfa092203795c972e5804a6,9,health_beauty
18bc87094128bbfe943cf88adcf72059,2b4609f8948be18874494203496bc318,10,health_beauty
1912afd96bbe171633bb73727487ef85,99a4788cb24856965c36a24e339b6058,1,bed_bath_table
1912afd96bbe171633bb73727487ef85,aca2eb7d00ea1a7b8ebd4e68314663af,2,furniture_decor
1912afd96bbe171633bb73727487ef85,422879e10f46682990de24d770e7f83d,3,garden_tools
1912afd96bbe171633bb73727487ef85,53b36df67ebb7c41585e8d54d6772e08,4,watches_gifts
1912afd96bbe171633bb73727487ef85,389d119b48cf3043d311335e499d9c6b,5,garden_tools
1912afd96bbe171633bb73727487ef85,d1c427060a0f73f6b889a5c7c61f2ac4,6,computers_accessories
1912afd96bbe171633bb73727487ef85,368c6c730842d78016ad823897a372db,7,garden_tools
1912afd96bbe171633bb73727487ef85,53759a2ecddad2bb87a079a1f1519f73,8,garden_tools
1912afd96bbe171633bb73727487ef85,154e7e31ebfa092203795c972e5804a6,9,health_beauty
1912afd96bbe171633bb73727487ef85,2b4609f8948be18874494203496bc318,10,health_beauty
1a13743254d9c8e6360106295947932f,fcf28afb1353f2f12ea041dd74954226,1,telephony
1a281fe9f53ee457dacd2c9e8ccf861f,cb61a9727a2f74ec0c80652f4d62e812,1,furniture_decor
1a281fe9f53ee457dacd2c9e8ccf861f,a9e1892ce37ec3b694e45a58e3377556,2,furniture_decor
1a281fe9f53ee457dacd2c9e8ccf861f,2a5806f10d0f00e5ad032dd2e3c8806e,3,office_furniture
1ac4011bec2c0d9ce8eceb56bb1142c7,99a4788cb24856965c36a24e339b6058,1,bed_bath_table
1ac4011bec2c0d9ce8eceb56bb1142c7,aca2eb7d00ea1a7b8ebd4e68314663af,2,furniture_decor
1ac4011bec2c0d9ce8eceb56bb1142c7,422879e10f46682990de24d770e7f83d,3,garden_tools
1ac4011bec2c0d9ce8eceb56bb1142c7,53b36df67ebb7c41585e8d54d6772e08,4,watches_gifts
1ac4011bec2c0d9ce8eceb56bb1142c7,389d119b48cf3043d311335e499d9c6b,5,garden_tools
1ac4011bec2c0d9ce8eceb56bb1142c7,d1c427060a0f73f6b889a5c7c61f2ac4,6,computers_accessories
1ac4011bec2c0d9ce8eceb56bb1142c7,368c6c730842d78016ad823897a372db,7,garden_tools
1ac4011bec2c0d9ce8eceb56bb1142c7,53759a2ecddad2bb87a079a1f1519f73,8,garden_tools
1ac4011bec2c0d9ce8eceb56bb1142c7,154e7e31ebfa092203795c972e5804a6,9,health_beauty
1ac4011bec2c0d9ce8eceb56bb1142c7,2b4609f8948be18874494203496bc318,10,health_beauty
1b6e96ed99cb8d135efe220d761bbd67,99a4788cb24856965c36a24e339b6058,1,bed_bath_table
1b6e96ed99cb8d135efe220d761bbd67,aca2eb7d00ea1a7b8ebd4e68314663af,2,furniture_decor
1b6e96ed99cb8d135efe220d761bbd67,422879e10f46682990de24d770e7f83d,3,garden_tools
1b6e96ed99cb8d135efe220d761bbd67,53b36df67ebb7c41585e8d54d6772e08,4,watches_gifts
1b6e96ed99cb8d135efe220d761bbd67,389d119b48cf3043d311335e499d9c6b,5,garden_tools
1b6e96ed99cb8d135efe220d761bbd67,d1c427060a0f73f6b889a5c7c61f2ac4,6,computers_accessories
1b6e96ed99cb8d135efe220d761bbd67,368c6c730842d78016ad823897a372db,7,garden_tools
1b6e96ed99cb8d135efe220d761bbd67,53759a2ecddad2bb87a079a1f1519f73,8,garden_tools
1b6e96ed99cb8d135efe220d761bbd67,154e7e31ebfa092203795c972e5804a6,9,health_beauty
1b6e96ed99cb8d135efe220d761bbd67,2b4609f8948be18874494203496bc318,10,health_beauty
1b7b7f9631cd453251d0b328c9b38a2a,99a4788cb24856965c36a24e339b6058,1,bed_bath_table
1b7b7f9631cd453251d0b328c9b38a2a,aca2eb7d00ea1a7b8ebd4e68314663af,2,furniture_decor
1b7b7f9631cd453251d0b328c9b38a2a,422879e10f46682990de24d770e7f83d,3,garden_tools
1b7b7f9631cd453251d0b328c9b38a2a,53b36df67ebb7c41585e8d54d6772e08,4,watches_gifts
1b7b7f9631cd453251d0b328c9b38a2a,389d119b48cf3043d311335e499d9c6b,5,garden_tools
1b7b7f9631cd453251d0b328c9b38a2a,d1c427060a0f73f6b889a5c7c61f2ac4,6,computers_accessories
1b7b7f9631cd453251d0b328c9b38a2a,368c6c730842d78016ad823897a372db,7,garden_tools
1b7b7f9631cd453251d0b328c9b38a2a,53759a2ecddad2bb87a079a1f1519f73,8,garden_tools
1b7b7f9631cd453251d0b328c9b38a2a,154e7e31ebfa092203795c972e5804a6,9,health_beauty
1b7b7f9631cd453251d0b328c9b38a2a,2b4609f8948be18874494203496bc318,10,health_beauty
1d0be6ff723818bb810023b236405017,99a4788cb24856965c36a24e339b6058,1,bed_bath_table
1d0be6ff723818bb810023b236405017,aca2eb7d00ea1a7b8ebd4e68314663af,2,furniture_decor
1d0be6ff723818bb810023b236405017,422879e10f46682990de24d770e7f83d,3,garden_tools
1d0be6ff723818bb810023b236405017,53b36df67ebb7c41585e8d54d6772e08,4,watches_gifts
1d0be6ff723818bb810023b236405017,389d119b48cf3043d311335e499d9c6b,5,garden_tools
1d0be6ff723818bb810023b236405017,d1c427060a0f73f6b889a5c7c61f2ac4,6,computers_accessories
1d0be6ff723818bb810023b236405017,368c6c730842d78016ad823897a372db,7,garden_tools
1d0be6ff723818bb810023b236405017,53759a2ecddad2bb87a079a1f1519f73,8,garden_tools
1d0be6ff723818bb810023b236405017,154e7e31ebfa092203795c972e5804a6,9,health_beauty
1d0be6ff723818bb810023b236405017,2b4609f8948be18874494203496bc318,10,health_beauty
1d7e8be24bca64576da891970638bfe3,99a4788cb24856965c36a24e339b6058,1,bed_bath_table
1d7e8be24bca64576da891970638bfe3,aca2eb7d00ea1a7b8ebd4e68314663af,2,furniture_decor
1d7e8be24bca64576da891970638bfe3,422879e10f46682990de24d770e7f83d,3,garden_tools
1d7e8be24bca64576da891970638bfe3,53b36df67ebb7c41585e8d54d6772e08,4,watches_gifts
1d7e8be24bca64576da891970638bfe3,389d119b48cf3043d311335e499d9c6b,5,garden_tools
1d7e8be24bca64576da891970638bfe3,d1c427060a0f73f6b889a5c7c61f2ac4,6,computers_accessories
1d7e8be24bca64576da891970638bfe3,368c6c730842d78016ad823897a372db,7,garden_tools
1d7e8be24bca64576da891970638bfe3,53759a2ecddad2bb87a079a1f1519f73,8,garden_tools
1d7e8be24bca64576da891970638bfe3,154e7e31ebfa092203795c972e5804a6,9,health_beauty
1d7e8be24bca64576da891970638bfe3,2b4609f8948be18874494203496bc318,10,health_beauty
1dcb4c54d17855c39899eb445551501c,389d119b48cf3043d311335e499d9c6b,1,garden_tools
1dcb4c54d17855c39899eb445551501c,368c6c730842d78016ad823897a372db,2,garden_tools
1dcb4c54d17855c39899eb445551501c,422879e10f46682990de24d770e7f83d,3,garden_tools
1dcb4c54d17855c39899eb445551501c,0bcc3eeca39e1064258aa1e932269894,4,garden_tools
1dcb4c54d17855c39899eb445551501c,b0961721fd839e9982420e807758a2a6,5,garden_tools
1dcb4c54d17855c39899eb445551501c,442484911e00b4bff85ece3e10c1dc1f,6,watches_gifts
1dcb4c54d17855c39899eb445551501c,2ef36e1cae01b86d0ff0a2f50ff2bd53,7,furniture_decor
1dcb4c54d17855c39899eb445551501c,abda62f854cffdc94184e6bccadc2286,8,housewares
1dcb4c54d17855c39899eb445551501c,d979289e78afc0a6bee40e1f9dabe520,9,home_construction
1dcb4c54d17855c39899eb445551501c,3dac223b855944e271f439d6bc318bce,10,furniture_decor
1e0926e360000226b237bf277aec3380,99a4788cb24856965c36a24e339b6058,1,bed_bath_table
1e0926e360000226b237bf277aec3380,aca2eb7d00ea1a7b8ebd4e68314663af,2,furniture_decor
1e0926e360000226b237bf277aec3380,422879e10f46682990de24d770e7f83d,3,garden_tools
1e0926e360000226b237bf277aec3380,53b36df67ebb7c41585e8d54d6772e08,4,watches_gifts
1e0926e360000226b237bf277aec3380,389d119b48cf3043d311335e499d9c6b,5,garden_tools
1e0926e360000226b237bf277aec3380,d1c427060a0f73f6b889a5c7c61f2ac4,6,computers_accessories
1e0926e360000226b237bf277aec3380,368c6c730842d78016ad823897a372db,7,garden_tools
1e0926e360000226b237bf277aec3380,53759a2ecddad2bb87a079a1f1519f73,8,garden_tools
1e0926e360000226b237bf277aec3380,154e7e31ebfa092203795c972e5804a6,9,health_beauty
1e0926e360000226b237bf277aec3380,2b4609f8948be18874494203496bc318,10,health_beauty
2028c90d6c4523ae70a285c44010258a,99a4788cb24856965c36a24e339b6058,1,bed_bath_table
2028c90d6c4523ae70a285c44010258a,aca2eb7d00ea1a7b8ebd4e68314663af,2,furniture_decor
2028c90d6c4523ae70a285c44010258a,422879e10f46682990de24d770e7f83d,3,garden_tools
2028c90d6c4523ae70a285c44010258a,53b36df67ebb7c41585e8d54d6772e08,4,watches_gifts
2028c90d6c4523ae70a285c44010258a,389d119b48cf3043d311335e499d9c6b,5,garden_tools
2028c90d6c4523ae70a285c44010258a,d1c427060a0f73f6b889a5c7c61f2ac4,6,computers_accessories
2028c90d6c4523ae70a285c44010258a,368c6c730842d78016ad823897a372db,7,garden_tools
2028c90d6c4523ae70a285c44010258a,53759a2ecddad2bb87a079a1f1519f73,8,garden_tools
2028c90d6c4523ae70a285c44010258a,154e7e31ebfa092203795c972e5804a6,9,health_beauty
2028c90d6c4523ae70a285c44010258a,2b4609f8948be18874494203496bc318,10,health_beauty
20ae758fb6688386d9d1540f63d380e0,5bf143472b353eb9135f9eb9c2154497,1,telephony
211aaecea827d378c879c2b2f667c89d,75d6b6963340c6063f7f4cfcccfe6a30,1,perfumery
213b36024bb0b8261de0ffbd652ebc34,99a4788cb24856965c36a24e339b6058,1,bed_bath_table
213b36024bb0b8261de0ffbd652ebc34,aca2eb7d00ea1a7b8ebd4e68314663af,2,furniture_decor
213b36024bb0b8261de0ffbd652ebc34,422879e10f46682990de24d770e7f83d,3,garden_tools
213b36024bb0b8261de0ffbd652ebc34,53b36df67ebb7c41585e8d54d6772e08,4,watches_gifts
213b36024bb0b8261de0ffbd652ebc34,389d119b48cf3043d311335e499d9c6b,5,garden_tools
213b36024bb0b8261de0ffbd652ebc34,d1c427060a0f73f6b889a5c7c61f2ac4,6,computers_accessories
213b36024bb0b8261de0ffbd652ebc34,368c6c730842d78016ad823897a372db,7,garden_tools
213b36024bb0b8261de0ffbd652ebc34,53759a2ecddad2bb87a079a1f1519f73,8,garden_tools
213b36024bb0b8261de0ffbd652ebc34,154e7e31ebfa092203795c972e5804a6,9,health_beauty
213b36024bb0b8261de0ffbd652ebc34,2b4609f8948be18874494203496bc318,10,health_beauty
21559d7ff0ebff720e5e160184338fed,99a4788cb24856965c36a24e339b6058,1,bed_bath_table
21559d7ff0ebff720e5e160184338fed,aca2eb7d00ea1a7b8ebd4e68314663af,2,furniture_decor
21559d7ff0ebff720e5e160184338fed,422879e10f46682990de24d770e7f83d,3,garden_tools
21559d7ff0ebff720e5e160184338fed,53b36df67ebb7c41585e8d54d6772e08,4,watches_gifts
21559d7ff0ebff720e5e160184338fed,389d119b48cf3043d311335e499d9c6b,5,garden_tools
21559d7ff0ebff720e5e160184338fed,d1c427060a0f73f6b889a5c7c61f2ac4,6,computers_accessories
21559d7ff0ebff720e5e160184338fed,368c6c730842d78016ad823897a372db,7,garden_tools
21559d7ff0ebff720e5e160184338fed,53759a2ecddad2bb87a079a1f1519f73,8,garden_tools
21559d7ff0ebff720e5e160184338fed,154e7e31ebfa092203795c972e5804a6,9,health_beauty
21559d7ff0ebff720e5e160184338fed,2b4609f8948be18874494203496bc318,10,health_beauty
216ab90e27f18940cfac8f9f02fb4239,99a4788cb24856965c36a24e339b6058,1,bed_bath_table
216ab90e27f18940cfac8f9f02fb4239,aca2eb7d00ea1a7b8ebd4e68314663af,2,furniture_decor
216ab90e27f18940cfac8f9f02fb4239,422879e10f46682990de24d770e7f83d,3,garden_tools
216ab90e27f18940cfac8f9f02fb4239,53b36df67ebb7c41585e8d54d6772e08,4,watches_gifts
216ab90e27f18940cfac8f9f02fb4239,389d119b48cf3043d311335e499d9c6b,5,garden_tools
216ab90e27f18940cfac8f9f02fb4239,d1c427060a0f73f6b889a5c7c61f2ac4,6,computers_accessories
216ab90e27f18940cfac8f9f02fb4239,368c6c730842d78016ad823897a372db,7,garden_tools
216ab90e27f18940cfac8f9f02fb4239,53759a2ecddad2bb87a079a1f1519f73,8,garden_tools
216ab90e27f18940cfac8f9f02fb4239,154e7e31ebfa092203795c972e5804a6,9,health_beauty
216ab90e27f18940cfac8f9f02fb4239,2b4609f8948be18874494203496bc318,10,health_beauty
217394922e43c19740ea4464e63ca8e0,99a4788cb24856965c36a24e339b6058,1,bed_bath_table
217394922e43c19740ea4464e63ca8e0,aca2eb7d00ea1a7b8ebd4e68314663af,2,furniture_decor
217394922e43c19740ea4464e63ca8e0,422879e10f46682990de24d770e7f83d,3,garden_tools
217394922e43c19740ea4464e63ca8e0,53b36df67ebb7c41585e8d54d6772e08,4,watches_gifts
217394922e43c19740ea4464e63ca8e0,389d119b48cf3043d311335e499d9c6b,5,garden_tools
217394922e43c19740ea4464e63ca8e0,d1c427060a0f73f6b889a5c7c61f2ac4,6,computers_accessories
217394922e43c19740ea4464e63ca8e0,368c6c730842d78016ad823897a372db,7,garden_tools
217394922e43c19740ea4464e63ca8e0,53759a2ecddad2bb87a079a1f1519f73,8,garden_tools
217394922e43c19740ea4464e63ca8e0,154e7e31ebfa092203795c972e5804a6,9,health_beauty
217394922e43c19740ea4464e63ca8e0,2b4609f8948be18874494203496bc318,10,health_beauty
221d59abddcd719f3ec72c50078b9e31,4dcb49b9ca7e48d2f108d40caa77caa2,1,pet_shop
22ac8971f405f9520b3e7cf37e042ee7,53759a2ecddad2bb87a079a1f1519f73,1,garden_tools
22ac8971f405f9520b3e7cf37e042ee7,0bcc3eeca39e1064258aa1e932269894,2,garden_tools
22ac8971f405f9520b3e7cf37e042ee7,389d119b48cf3043d311335e499d9c6b,3,garden_tools
22ac8971f405f9520b3e7cf37e042ee7,b0961721fd839e9982420e807758a2a6,4,garden_tools
22ac8971f405f9520b3e7cf37e042ee7,96f8ecb5e5705b3b726d7e3022622575,5,furniture_decor
22ac8971f405f9520b3e7cf37e042ee7,ea413ac4e120d19ac3473fb659db1c9a,6,furniture_decor
22ac8971f405f9520b3e7cf37e042ee7,27c0cea4dc76549f5bd124d9cad0ae3b,7,baby
22ac8971f405f9520b3e7cf37e042ee7,be0a8cb3c50011daec32f4d8ecdccb28,8,furniture_decor
22ac8971f405f9520b3e7cf37e042ee7,8273821fd2a32fbbc77ad8b743b2a1b9,9,housewares
22ac8971f405f9520b3e7cf37e042ee7,422879e10f46682990de24d770e7f83d,10,garden_tools
24072811917876a84c81166f96aed0c1,99a4788cb24856965c36a24e339b6058,1,bed_bath_table
24072811917876a84c81166f96aed0c1,aca2eb7d00ea1a7b8ebd4e68314663af,2,furniture_decor
24072811917876a84c81166f96aed0c1,422879e10f46682990de24d770e7f83d,3,garden_tools
24072811917876a84c81166f96aed0c1,53b36df67ebb7c41585e8d54d6772e08,4,watches_gifts
24072811917876a84c81166f96aed0c1,389d119b48cf3043d311335e499d9c6b,5,garden_tools
24072811917876a84c81166f96aed0c1,d1c427060a0f73f6b889a5c7c61f2ac4,6,computers_accessories
24072811917876a84c81166f96aed0c1,368c6c730842d78016ad823897a372db,7,garden_tools
24072811917876a84c81166f96aed0c1,53759a2ecddad2bb87a079a1f1519f73,8,garden_tools
24072811917876a84c81166f96aed0c1,154e7e31ebfa092203795c972e5804a6,9,health_beauty
24072811917876a84c81166f96aed0c1,2b4609f8948be18874494203496bc318,10,health_beauty
243b99bd9ed8a3f460e7289d0a8df291,99a4788cb24856965c36a24e339b6058,1,bed_bath_table
243b99bd9ed8a3f460e7289d0a8df291,aca2eb7d00ea1a7b8ebd4e68314663af,2,furniture_decor
243b99bd9ed8a3f460e7289d0a8df291,422879e10f46682990de24d770e7f83d,3,garden_tools
243b99bd9ed8a3f460e7289d0a8df291,53b36df67ebb7c41585e8d54d6772e08,4,watches_gifts
243b99bd9ed8a3f460e7289d0a8df291,389d119b48cf3043d311335e499d9c6b,5,garden_tools
243b99bd9ed8a3f460e7289d0a8df291,d1c427060a0f73f6b889a5c7c61f2ac4,6,computers_accessories
243b99bd9ed8a3f460e7289d0a8df291,368c6c730842d78016ad823897a372db,7,garden_tools
243b99bd9ed8a3f460e7289d0a8df291,53759a2ecddad2bb87a079a1f1519f73,8,garden_tools
243b99bd9ed8a3f460e7289d0a8df291,154e7e31ebfa092203795c972e5804a6,9,health_beauty
243b99bd9ed8a3f460e7289d0a8df291,2b4609f8948be18874494203496bc318,10,health_beauty
26a6e3e036636ef1d5636f98b66094cc,4fcb3d9a5f4871e8362dfedbdb02b064,1,auto
26a6e3e036636ef1d5636f98b66094cc,1d3f55c00acdb29bd959f2760abc8b7d,2,auto
272f0ffe236b0bf765e14f5a2b577a6b,99a4788cb24856965c36a24e339b6058,1,bed_bath_table
272f0ffe236b0bf765e14f5a2b577a6b,aca2eb7d00ea1a7b8ebd4e68314663af,2,furniture_decor
272f0ffe236b0bf765e14f5a2b577a6b,422879e10f46682990de24d770e7f83d,3,garden_tools
272f0ffe236b0bf765e14f5a2b577a6b,53b36df67ebb7c41585e8d54d6772e08,4,watches_gifts
272f0ffe236b0bf765e14f5a2b577a6b,389d119b48cf3043d311335e499d9c6b,5,garden_tools
272f0ffe236b0bf765e14f5a2b577a6b,d1c427060a0f73f6b889a5c7c61f2ac4,6,computers_accessories
272f0ffe236b0bf765e14f5a2b577a6b,368c6c730842d78016ad823897a372db,7,garden_tools
272f0ffe236b0bf765e14f5a2b577a6b,53759a2ecddad2bb87a079a1f1519f73,8,garden_tools
272f0ffe236b0bf765e14f5a2b577a6b,154e7e31ebfa092203795c972e5804a6,9,health_beauty
272f0ffe236b0bf765e14f5a2b577a6b,2b4609f8948be18874494203496bc318,10,health_beauty
282d49fddab8e95a8673a2a90072cf5c,99a4788cb24856965c36a24e339b6058,1,bed_bath_table
282d49fddab8e95a8673a2a90072cf5c,aca2eb7d00ea1a7b8ebd4e68314663af,2,furniture_decor
282d49fddab8e95a8673a2a90072cf5c,422879e10f46682990de24d770e7f83d,3,garden_tools
282d49fddab8e95a8673a2a90072cf5c,53b36df67ebb7c41585e8d54d6772e08,4,watches_gifts
282d49fddab8e95a8673a2a90072cf5c,389d119b48cf3043d311335e499d9c6b,5,garden_tools
282d49fddab8e95a8673a2a90072cf5c,d1c427060a0f73f6b889a5c7c61f2ac4,6,computers_accessories
282d49fddab8e95a8673a2a90072cf5c,368c6c730842d78016ad823897a372db,7,garden_tools
282d49fddab8e95a8673a2a90072cf5c,53759a2ecddad2bb87a079a1f1519f73,8,garden_tools
282d49fddab8e95a8673a2a90072cf5c,154e7e31ebfa092203795c972e5804a6,9,health_beauty
282d49fddab8e95a8673a2a90072cf5c,2b4609f8948be18874494203496bc318,10,health_beauty
28aea3e12549a3611bbd8d4e3310e4fa,0a28355911f72609e396a3dc10b11c90,1,fashion_bags_accessories
28aea3e12549a3611bbd8d4e3310e4fa,ff9032482857269e8683f0c2f8ba4709,2,fashion_bags_accessories
28aea3e12549a3611bbd8d4e3310e4fa,471e714759273827991f1746906737d1,3,fashion_bags_accessories
28aea3e12549a3611bbd8d4e3310e4fa,c4fc1d4489f664ce1c6c55b7089738b2,4,fashion_bags_accessories
28aea3e12549a3611bbd8d4e3310e4fa,d103baa8d35783ff2772704ed17ddd45,5,fashion_bags_accessories
291d020953194db1b8578ff8d9959c62,99a4788cb24856965c36a24e339b6058,1,bed_bath_table
291d020953194db1b8578ff8d9959c62,aca2eb7d00ea1a7b8ebd4e68314663af,2,furniture_decor
291d020953194db1b8578ff8d9959c62,422879e10f46682990de24d770e7f83d,3,garden_tools
291d020953194db1b8578ff8d9959c62,53b36df67ebb7c41585e8d54d6772e08,4,watches_gifts
291d020953194db1b8578ff8d9959c62,389d119b48cf3043d311335e499d9c6b,5,garden_tools
291d020953194db1b8578ff8d9959c62,d1c427060a0f73f6b889a5c7c61f2ac4,6,computers_accessories
291d020953194db1b8578ff8d9959c62,368c6c730842d78016ad823897a372db,7,garden_tools
291d020953194db1b8578ff8d9959c62,53759a2ecddad2bb87a079a1f1519f73,8,garden_tools
291d020953194db1b8578ff8d9959c62,154e7e31ebfa092203795c972e5804a6,9,health_beauty
291d020953194db1b8578ff8d9959c62,2b4609f8948be18874494203496bc318,10,health_beauty
295c05e81917928d76245e842748184d,99a4788cb24856965c36a24e339b6058,1,bed_bath_table
295c05e81917928d76245e842748184d,aca2eb7d00ea1a7b8ebd4e68314663af,2,furniture_decor
295c05e81917928d76245e842748184d,422879e10f46682990de24d770e7f83d,3,garden_tools
295c05e81917928d76245e842748184d,53b36df67ebb7c41585e8d54d6772e08,4,watches_gifts
295c05e81917928d76245e842748184d,389d119b48cf3043d311335e499d9c6b,5,garden_tools
295c05e81917928d76245e842748184d,d1c427060a0f73f6b889a5c7c61f2ac4,6,computers_accessories
295c05e81917928d76245e842748184d,368c6c730842d78016ad823897a372db,7,garden_tools
295c05e81917928d76245e842748184d,53759a2ecddad2bb87a079a1f1519f73,8,garden_tools
295c05e81917928d76245e842748184d,154e7e31ebfa092203795c972e5804a6,9,health_beauty
295c05e81917928d76245e842748184d,2b4609f8948be18874494203496bc318,10,health_beauty
2a17d0a71f5910d7207819f9ca9ec12b,a97a0ec5a609c8af654b79e9a96d12af,1,furniture_decor
2a17d0a71f5910d7207819f9ca9ec12b,ea20f928ceaa7f146fe62a0cc8413ee5,2,furniture_decor
2a17d0a71f5910d7207819f9ca9ec12b,6a23ae3187f1dac41b7210a8c7739d6b,3,furniture_decor
2a17d0a71f5910d7207819f9ca9ec12b,d678178aa4291cd25a755a90188375c8,4,furniture_decor
2a17d0a71f5910d7207819f9ca9ec12b,9ecadb84c81da840dbf3564378b586e9,5,furniture_decor
2a36404701b15c414647a2ec2102baba,7666acd3cb60e97bf02449e36be0c02a,1,sports_leisure
2a36404701b15c414647a2ec2102baba,dea837d4f3f30b541725d258c15e4ff1,2,sports_leisure
2a7f837de6a1999e457b8e3c5619156f,4cee4c57bf2e00c0c0e10918245491c1,1,bed_bath_table
2a7f837de6a1999e457b8e3c5619156f,ed5122a6a757a4fea8f32a6fb95a5135,2,bed_bath_table
2b9bd15bf8e54b231c518790c55e5f92,9bb8ca338e5588c361e34eae02e8fad6,1,health_beauty
2b9bd15bf8e54b231c518790c55e5f92,f40876e0ef3cd5f9132b1f16b04b1346,2,health_beauty
2be5dce8b491a7bc6a65d6e91bf49812,7c1bd920dbdf22470b68bde975dd3ccf,1,health_beauty
2be5dce8b491a7bc6a65d6e91bf49812,bc9b777dcebf814cf56193dcef254448,2,health_beauty
2be5dce8b491a7bc6a65d6e91bf49812,2b4609f8948be18874494203496bc318,3,health_beauty
2c45ab66a3dae52960147e76a35740ff,99a4788cb24856965c36a24e339b6058,1,bed_bath_table
2c45ab66a3dae52960147e76a35740ff,aca2eb7d00ea1a7b8ebd4e68314663af,2,furniture_decor
2c45ab66a3dae52960147e76a35740ff,422879e10f46682990de24d770e7f83d,3,garden_tools
2c45ab66a3dae52960147e76a35740ff,53b36df67ebb7c41585e8d54d6772e08,4,watches_gifts
2c45ab66a3dae52960147e76a35740ff,389d119b48cf3043d311335e499d9c6b,5,garden_tools
2c45ab66a3dae52960147e76a35740ff,d1c427060a0f73f6b889a5c7c61f2ac4,6,computers_accessories
2c45ab66a3dae52960147e76a35740ff,368c6c730842d78016ad823897a372db,7,garden_tools
2c45ab66a3dae52960147e76a35740ff,53759a2ecddad2bb87a079a1f1519f73,8,garden_tools
2c45ab66a3dae52960147e76a35740ff,154e7e31ebfa092203795c972e5804a6,9,health_beauty
2c45ab66a3dae52960147e76a35740ff,2b4609f8948be18874494203496bc318,10,health_beauty
2d14556024f4bbe01f147576097c42fe,c58a00c22983c35a40e549564aa0aafa,1,stationery
2d14556024f4bbe01f147576097c42fe,242edc6b84c00f0d48c664a020a92c52,2,luggage_accessories
2d5e5796e7901464c00407e69739c6db,99a4788cb24856965c36a24e339b6058,1,bed_bath_table
2d5e5796e7901464c00407e69739c6db,aca2eb7d00ea1a7b8ebd4e68314663af,2,furniture_decor
2d5e5796e7901464c00407e69739c6db,422879e10f46682990de24d770e7f83d,3,garden_tools
2d5e5796e7901464c00407e69739c6db,53b36df67ebb7c41585e8d54d6772e08,4,watches_gifts
2d5e5796e7901464c00407e69739c6db,389d119b48cf3043d311335e499d9c6b,5,garden_tools
2d5e5796e7901464c00407e69739c6db,d1c427060a0f73f6b889a5c7c61f2ac4,6,computers_accessories
2d5e5796e7901464c00407e69739c6db,368c6c730842d78016ad823897a372db,7,garden_tools
2d5e5796e7901464c00407e69739c6db,53759a2ecddad2bb87a079a1f1519f73,8,garden_tools
2d5e5796e7901464c00407e69739c6db,154e7e31ebfa092203795c972e5804a6,9,health_beauty
2d5e5796e7901464c00407e69739c6db,2b4609f8948be18874494203496bc318,10,health_beauty
2e49a3bbeb76297ee0ff49df39c2456c,399f54c06661d06ca45c6e24ed238e0e,1,bed_bath_table
2e49a3bbeb76297ee0ff49df39c2456c,d25bbb182b51d1594fe3b54a27ae143e,2,bed_bath_table
2e49a3bbeb76297ee0ff49df39c2456c,e95fb3a80ca294f39de925b6428f3a32,3,bed_bath_table
2e49a3bbeb76297ee0ff49df39c2456c,17d8b8e9c21ec0fc5b33724e32fe422e,4,bed_bath_table
2e49a3bbeb76297ee0ff49df39c2456c,99444c1e11fc38755dae86f5c67d3d1a,5,bed_bath_table
2f118e666b41b76a61d8cdbbc19f7735,99a4788cb24856965c36a24e339b6058,1,bed_bath_table
2f118e666b41b76a61d8cdbbc19f7735,aca2eb7d00ea1a7b8ebd4e68314663af,2,furniture_decor
2f118e666b41b76a61d8cdbbc19f7735,422879e10f46682990de24d770e7f83d,3,garden_tools
2f118e666b41b76a61d8cdbbc19f7735,53b36df67ebb7c41585e8d54d6772e08,4,watches_gifts
2f118e666b41b76a61d8cdbbc19f7735,389d119b48cf3043d311335e499d9c6b,5,garden_tools
2f118e666b41b76a61d8cdbbc19f7735,d1c427060a0f73f6b889a5c7c61f2ac4,6,computers_accessories
2f118e666b41b76a61d8cdbbc19f7735,368c6c730842d78016ad823897a372db,7,garden_tools
2f118e666b41b76a61d8cdbbc19f7735,53759a2ecddad2bb87a079a1f1519f73,8,garden_tools
2f118e666b41b76a61d8cdbbc19f7735,154e7e31ebfa092203795c972e5804a6,9,health_beauty
2f118e666b41b76a61d8cdbbc19f7735,2b4609f8948be18874494203496bc318,10,health_beauty
2f2f4b5a5700a5b108e6da7f0f5f5bb3,36f60d45225e60c7da4558b070ce4b60,1,computers_accessories
2f2f4b5a5700a5b108e6da7f0f5f5bb3,56cdfe67fbda57c1dcc752f5f361f981,2,computers_accessories
2f2f4b5a5700a5b108e6da7f0f5f5bb3,ee57070aa3b24a06fdd0e02efd2d757d,3,computers_accessories
30b782a79466007756f170cb5bd6bbd8,99a4788cb24856965c36a24e339b6058,1,bed_bath_table
30b782a79466007756f170cb5bd6bbd8,aca2eb7d00ea1a7b8ebd4e68314663af,2,furniture_decor
30b782a79466007756f170cb5bd6bbd8,422879e10f46682990de24d770e7f83d,3,garden_tools
30b782a79466007756f170cb5bd6bbd8,53b36df67ebb7c41585e8d54d6772e08,4,watches_gifts
30b782a79466007756f170cb5bd6bbd8,389d119b48cf3043d311335e499d9c6b,5,garden_tools
30b782a79466007756f170cb5bd6bbd8,d1c427060a0f73f6b889a5c7c61f2ac4,6,computers_accessories
30b782a79466007756f170cb5bd6bbd8,368c6c730842d78016ad823897a372db,7,garden_tools
30b782a79466007756f170cb5bd6bbd8,53759a2ecddad2bb87a079a1f1519f73,8,garden_tools
30b782a79466007756f170cb5bd6bbd8,154e7e31ebfa092203795c972e5804a6,9,health_beauty
30b782a79466007756f170cb5bd6bbd8,2b4609f8948be18874494203496bc318,10,health_beauty
313febe2adc914a7cb3f6e903f8e13cf,99a4788cb24856965c36a24e339b6058,1,bed_bath_table
313febe2adc914a7cb3f6e903f8e13cf,aca2eb7d00ea1a7b8ebd4e68314663af,2,furniture_decor
313febe2adc914a7cb3f6e903f8e13cf,422879e10f46682990de24d770e7f83d,3,garden_tools
313febe2adc914a7cb3f6e903f8e13cf,53b36df67ebb7c41585e8d54d6772e08,4,watches_gifts
313febe2adc914a7cb3f6e903f8e13cf,389d119b48cf3043d311335e499d9c6b,5,garden_tools
313febe2adc914a7cb3f6e903f8e13cf,d1c427060a0f73f6b889a5c7c61f2ac4,6,computers_accessories
313febe2adc914a7cb3f6e903f8e13cf,368c6c730842d78016ad823897a372db,7,garden_tools
313febe2adc914a7cb3f6e903f8e13cf,53759a2ecddad2bb87a079a1f1519f73,8,garden_tools
313febe2adc914a7cb3f6e903f8e13cf,154e7e31ebfa092203795c972e5804a6,9,health_beauty
313febe2adc914a7cb3f6e903f8e13cf,2b4609f8948be18874494203496bc318,10,health_beauty
31d332d20895c5c0baefe55207a0fead,a0b7d5a992ccda646f2d34e418fff5a0,1,furniture_decor
323ff9fd6b4a3edcdf3039e1fb213eb6,53759a2ecddad2bb87a079a1f1519f73,1,garden_tools
323ff9fd6b4a3edcdf3039e1fb213eb6,0bcc3eeca39e1064258aa1e932269894,2,garden_tools
323ff9fd6b4a3edcdf3039e1fb213eb6,389d119b48cf3043d311335e499d9c6b,3,garden_tools
323ff9fd6b4a3edcdf3039e1fb213eb6,b0961721fd839e9982420e807758a2a6,4,garden_tools
323ff9fd6b4a3edcdf3039e1fb213eb6,96f8ecb5e5705b3b726d7e3022622575,5,furniture_decor
323ff9fd6b4a3edcdf3039e1fb213eb6,ea413ac4e120d19ac3473fb659db1c9a,6,furniture_decor
323ff9fd6b4a3edcdf3039e1fb213eb6,27c0cea4dc76549f5bd124d9cad0ae3b,7,baby
323ff9fd6b4a3edcdf3039e1fb213eb6,be0a8cb3c50011daec32f4d8ecdccb28,8,furniture_decor
323ff9fd6b4a3edcdf3039e1fb213eb6,8273821fd2a32fbbc77ad8b743b2a1b9,9,housewares
323ff9fd6b4a3edcdf3039e1fb213eb6,422879e10f46682990de24d770e7f83d,10,garden_tools
32ea3bdedab835c3aa6cb68ce66565ef,99a4788cb24856965c36a24e339b6058,1,bed_bath_table
32ea3bdedab835c3aa6cb68ce66565ef,aca2eb7d00ea1a7b8ebd4e68314663af,2,furniture_decor
32ea3bdedab835c3aa6cb68ce66565ef,422879e10f46682990de24d770e7f83d,3,garden_tools
32ea3bdedab835c3aa6cb68ce66565ef,53b36df67ebb7c41585e8d54d6772e08,4,watches_gifts
32ea3bdedab835c3aa6cb68ce66565ef,389d119b48cf3043d311335e499d9c6b,5,garden_tools
32ea3bdedab835c3aa6cb68ce66565ef,d1c427060a0f73f6b889a5c7c61f2ac4,6,computers_accessories
32ea3bdedab835c3aa6cb68ce66565ef,368c6c730842d78016ad823897a372db,7,garden_tools
32ea3bdedab835c3aa6cb68ce66565ef,53759a2ecddad2bb87a079a1f1519f73,8,garden_tools
32ea3bdedab835c3aa6cb68ce66565ef,154e7e31ebfa092203795c972e5804a6,9,health_beauty
32ea3bdedab835c3aa6cb68ce66565ef,2b4609f8948be18874494203496bc318,10,health_beauty
330fdaa06f93c0c6ffb4af7d79c1ef12,99a4788cb24856965c36a24e339b6058,1,bed_bath_table
330fdaa06f93c0c6ffb4af7d79c1ef12,aca2eb7d00ea1a7b8ebd4e68314663af,2,furniture_decor
330fdaa06f93c0c6ffb4af7d79c1ef12,422879e10f46682990de24d770e7f83d,3,garden_tools
330fdaa06f93c0c6ffb4af7d79c1ef12,53b36df67ebb7c41585e8d54d6772e08,4,watches_gifts
330fdaa06f93c0c6ffb4af7d79c1ef12,389d119b48cf3043d311335e499d9c6b,5,garden_tools
330fdaa06f93c0c6ffb4af7d79c1ef12,d1c427060a0f73f6b889a5c7c61f2ac4,6,computers_accessories
330fdaa06f93c0c6ffb4af7d79c1ef12,368c6c730842d78016ad823897a372db,7,garden_tools
330fdaa06f93c0c6ffb4af7d79c1ef12,53759a2ecddad2bb87a079a1f1519f73,8,garden_tools
330fdaa06f93c0c6ffb4af7d79c1ef12,154e7e31ebfa092203795c972e5804a6,9,health_beauty
330fdaa06f93c0c6ffb4af7d79c1ef12,2b4609f8948be18874494203496bc318,10,health_beauty
33176de67c05eeed870fd49f234387a0,3516632e8f52b679ff83d1665ecc990e,1,computers_accessories
334d0235ca6f2f09dd55804a26efe952,99a4788cb24856965c36a24e339b6058,1,bed_bath_table
334d0235ca6f2f09dd55804a26efe952,aca2eb7d00ea1a7b8ebd4e68314663af,2,furniture_decor
334d0235ca6f2f09dd55804a26efe952,422879e10f46682990de24d770e7f83d,3,garden_tools
334d0235ca6f2f09dd55804a26efe952,53b36df67ebb7c41585e8d54d6772e08,4,watches_gifts
334d0235ca6f2f09dd55804a26efe952,389d119b48cf3043d311335e499d9c6b,5,garden_tools
334d0235ca6f2f09dd55804a26efe952,d1c427060a0f73f6b889a5c7c61f2ac4,6,computers_accessories
334d0235ca6f2f09dd55804a26efe952,368c6c730842d78016ad823897a372db,7,garden_tools
334d0235ca6f2f09dd55804a26efe952,53759a2ecddad2bb87a079a1f1519f73,8,garden_tools
334d0235ca6f2f09dd55804a26efe952,154e7e31ebfa092203795c972e5804a6,9,health_beauty
334d0235ca6f2f09dd55804a26efe952,2b4609f8948be18874494203496bc318,10,health_beauty
345759b8cb3d30586551de1ca6905df0,d26580768894ea0cdc9f19dc672956c2,1,housewares
34b0cd95480e55c2a701293a2b9671b3,99a4788cb24856965c36a24e339b6058,1,bed_bath_table
34b0cd95480e55c2a701293a2b9671b3,aca2eb7d00ea1a7b8ebd4e68314663af,2,furniture_decor
34b0cd95480e55c2a701293a2b9671b3,422879e10f46682990de24d770e7f83d,3,garden_tools
34b0cd95480e55c2a701293a2b9671b3,53b36df67ebb7c41585e8d54d6772e08,4,watches_gifts
34b0cd95480e55c2a701293a2b9671b3,389d119b48cf3043d311335e499d9c6b,5,garden_tools
34b0cd95480e55c2a701293a2b9671b3,d1c427060a0f73f6b889a5c7c61f2ac4,6,computers_accessories
34b0cd95480e55c2a701293a2b9671b3,368c6c730842d78016ad823897a372db,7,garden_tools
34b0cd95480e55c2a701293a2b9671b3,53759a2ecddad2bb87a079a1f1519f73,8,garden_tools
34b0cd95480e55c2a701293a2b9671b3,154e7e31ebfa092203795c972e5804a6,9,health_beauty
34b0cd95480e55c2a701293a2b9671b3,2b4609f8948be18874494203496bc318,10,health_beauty
35b45b906d1450b3540dc96692f58583,99a4788cb24856965c36a24e339b6058,1,bed_bath_table
35b45b906d1450b3540dc96692f58583,aca2eb7d00ea1a7b8ebd4e68314663af,2,furniture_decor
35b45b906d1450b3540dc96692f58583,422879e10f46682990de24d770e7f83d,3,garden_tools
35b45b906d1450b3540dc96692f58583,53b36df67ebb7c41585e8d54d6772e08,4,watches_gifts
35b45b906d1450b3540dc96692f58583,389d119b48cf3043d311335e499d9c6b,5,garden_tools
35b45b906d1450b3540dc96692f58583,d1c427060a0f73f6b889a5c7c61f2ac4,6,computers_accessories
35b45b906d1450b3540dc96692f58583,368c6c730842d78016ad823897a372db,7,garden_tools
35b45b906d1450b3540dc96692f58583,53759a2ecddad2bb87a079a1f1519f73,8,garden_tools
35b45b906d1450b3540dc96692f58583,154e7e31ebfa092203795c972e5804a6,9,health_beauty
35b45b906d1450b3540dc96692f58583,2b4609f8948be18874494203496bc318,10,health_beauty
3725c5b8c1cf5ee69158f66922a862c4,99a4788cb24856965c36a24e339b6058,1,bed_bath_table
3725c5b8c1cf5ee69158f66922a862c4,aca2eb7d00ea1a7b8ebd4e68314663af,2,furniture_decor
3725c5b8c1cf5ee69158f66922a862c4,422879e10f46682990de24d770e7f83d,3,garden_tools
3725c5b8c1cf5ee69158f66922a862c4,53b36df67ebb7c41585e8d54d6772e08,4,watches_gifts
3725c5b8c1cf5ee69158f66922a862c4,389d119b48cf3043d311335e499d9c6b,5,garden_tools
3725c5b8c1cf5ee69158f66922a862c4,d1c427060a0f73f6b889a5c7c61f2ac4,6,computers_accessories
3725c5b8c1cf5ee69158f66922a862c4,368c6c730842d78016ad823897a372db,7,garden_tools
3725c5b8c1cf5ee69158f66922a862c4,53759a2ecddad2bb87a079a1f1519f73,8,garden_tools
3725c5b8c1cf5ee69158f66922a862c4,154e7e31ebfa092203795c972e5804a6,9,health_beauty
3725c5b8c1cf5ee69158f66922a862c4,2b4609f8948be18874494203496bc318,10,health_beauty
37266d5c6bf5cb0700372d16599a9b21,5e7baae596125f355d38d3823b041f1d,1,health_beauty
37f2527bb624e379f72a742154fdb762,962a6951154f98f2c8e9a5b8b2bcf4a9,1,furniture_decor
387b38ebe598313ef56ef3df19b192af,99a4788cb24856965c36a24e339b6058,1,bed_bath_table
387b38ebe598313ef56ef3df19b192af,aca2eb7d00ea1a7b8ebd4e68314663af,2,furniture_decor
387b38ebe598313ef56ef3df19b192af,422879e10f46682990de24d770e7f83d,3,garden_tools
387b38ebe598313ef56ef3df19b192af,53b36df67ebb7c41585e8d54d6772e08,4,watches_gifts
387b38ebe598313ef56ef3df19b192af,389d119b48cf3043d311335e499d9c6b,5,garden_tools
387b38ebe598313ef56ef3df19b192af,d1c427060a0f73f6b889a5c7c61f2ac4,6,computers_accessories
387b38ebe598313ef56ef3df19b192af,368c6c730842d78016ad823897a372db,7,garden_tools
387b38ebe598313ef56ef3df19b192af,53759a2ecddad2bb87a079a1f1519f73,8,garden_tools
387b38ebe598313ef56ef3df19b192af,154e7e31ebfa092203795c972e5804a6,9,health_beauty
387b38ebe598313ef56ef3df19b192af,2b4609f8948be18874494203496bc318,10,health_beauty
394ac4de8f3acb14253c177f0e15bc58,99a4788cb24856965c36a24e339b6058,1,bed_bath_table
394ac4de8f3acb14253c177f0e15bc58,aca2eb7d00ea1a7b8ebd4e68314663af,2,furniture_decor
394ac4de8f3acb14253c177f0e15bc58,422879e10f46682990de24d770e7f83d,3,garden_tools
394ac4de8f3acb14253c177f0e15bc58,53b36df67ebb7c41585e8d54d6772e08,4,watches_gifts
394ac4de8f3acb14253c177f0e15bc58,389d119b48cf3043d311335e499d9c6b,5,garden_tools
394ac4de8f3acb14253c177f0e15bc58,d1c427060a0f73f6b889a5c7c61f2ac4,6,computers_accessories
394ac4de8f3acb14253c177f0e15bc58,368c6c730842d78016ad823897a372db,7,garden_tools
394ac4de8f3acb14253c177f0e15bc58,53759a2ecddad2bb87a079a1f1519f73,8,garden_tools
394ac4de8f3acb14253c177f0e15bc58,154e7e31ebfa092203795c972e5804a6,9,health_beauty
394ac4de8f3acb14253c177f0e15bc58,2b4609f8948be18874494203496bc318,10,health_beauty
397b44d5bb99eabf54ea9c2b41ebb905,99a4788cb24856965c36a24e339b6058,1,bed_bath_table
397b44d5bb99eabf54ea9c2b41ebb905,aca2eb7d00ea1a7b8ebd4e68314663af,2,furniture_decor
397b44d5bb99eabf54ea9c2b41ebb905,422879e10f46682990de24d770e7f83d,3,garden_tools
397b44d5bb99eabf54ea9c2b41ebb905,53b36df67ebb7c41585e8d54d6772e08,4,watches_gifts
397b44d5bb99eabf54ea9c2b41ebb905,389d119b48cf3043d311335e499d9c6b,5,garden_tools
397b44d5bb99eabf54ea9c2b41ebb905,d1c427060a0f73f6b889a5c7c61f2ac4,6,computers_accessories
397b44d5bb99eabf54ea9c2b41ebb905,368c6c730842d78016ad823897a372db,7,garden_tools
397b44d5bb99eabf54ea9c2b41ebb905,53759a2ecddad2bb87a079a1f1519f73,8,garden_tools
397b44d5bb99eabf54ea9c2b41ebb905,154e7e31ebfa092203795c972e5804a6,9,health_beauty
397b44d5bb99eabf54ea9c2b41ebb905,2b4609f8948be18874494203496bc318,10,health_beauty
3a2681b8e4c9f2171aaade5d578f2cb7,99a4788cb24856965c36a24e339b6058,1,bed_bath_table
3a2681b8e4c9f2171aaade5d578f2cb7,aca2eb7d00ea1a7b8ebd4e68314663af,2,furniture_decor
3a2681b8e4c9f2171aaade5d578f2cb7,422879e10f46682990de24d770e7f83d,3,garden_tools
3a2681b8e4c9f2171aaade5d578f2cb7,53b36df67ebb7c41585e8d54d6772e08,4,watches_gifts
3a2681b8e4c9f2171aaade5d578f2cb7,389d119b48cf3043d311335e499d9c6b,5,garden_tools
3a2681b8e4c9f2171aaade5d578f2cb7,d1c427060a0f73f6b889a5c7c61f2ac4,6,computers_accessories
3a2681b8e4c9f2171aaade5d578f2cb7,368c6c730842d78016ad823897a372db,7,garden_tools
3a2681b8e4c9f2171aaade5d578f2cb7,53759a2ecddad2bb87a079a1f1519f73,8,garden_tools
3a2681b8e4c9f2171aaade5d578f2cb7,154e7e31ebfa092203795c972e5804a6,9,health_beauty
3a2681b8e4c9f2171aaade5d578f2cb7,2b4609f8948be18874494203496bc318,10,health_beauty
3a41ac64aa715256d81e129f02b451bf,99a4788cb24856965c36a24e339b6058,1,bed_bath_table
3a41ac64aa715256d81e129f02b451bf,aca2eb7d00ea1a7b8ebd4e68314663af,2,furniture_decor
3a41ac64aa715256d81e129f02b451bf,422879e10f46682990de24d770e7f83d,3,garden_tools
3a41ac64aa715256d81e129f02b451bf,53b36df67ebb7c41585e8d54d6772e08,4,watches_gifts
3a41ac64aa715256d81e129f02b451bf,389d119b48cf3043d311335e499d9c6b,5,garden_tools
3a41ac64aa715256d81e129f02b451bf,d1c427060a0f73f6b889a5c7c61f2ac4,6,computers_accessories
3a41ac64aa715256d81e129f02b451bf,368c6c730842d78016ad823897a372db,7,garden_tools
3a41ac64aa715256d81e129f02b451bf,53759a2ecddad2bb87a079a1f1519f73,8,garden_tools
3a41ac64aa715256d81e129f02b451bf,154e7e31ebfa092203795c972e5804a6,9,health_beauty
3a41ac64aa715256d81e129f02b451bf,2b4609f8948be18874494203496bc318,10,health_beauty
3b97119ab53db4ae0144dff13c2ee26b,99a4788cb24856965c36a24e339b6058,1,bed_bath_table
3b97119ab53db4ae0144dff13c2ee26b,aca2eb7d00ea1a7b8ebd4e68314663af,2,furniture_decor
3b97119ab53db4ae0144dff13c2ee26b,422879e10f46682990de24d770e7f83d,3,garden_tools
3b97119ab53db4ae0144dff13c2ee26b,53b36df67ebb7c41585e8d54d6772e08,4,watches_gifts
3b97119ab53db4ae0144dff13c2ee26b,389d119b48cf3043d311335e499d9c6b,5,garden_tools
3b97119ab53db4ae0144dff13c2ee26b,d1c427060a0f73f6b889a5c7c61f2ac4,6,computers_accessories
3b97119ab53db4ae0144dff13c2ee26b,368c6c730842d78016ad823897a372db,7,garden_tools
3b97119ab53db4ae0144dff13c2ee26b,53759a2ecddad2bb87a079a1f1519f73,8,garden_tools
3b97119ab53db4ae0144dff13c2ee26b,154e7e31ebfa092203795c972e5804a6,9,health_beauty
3b97119ab53db4ae0144dff13c2ee26b,2b4609f8948be18874494203496bc318,10,health_beauty
3d4f12dece1264e5d6321f1b7f003336,99a4788cb24856965c36a24e339b6058,1,bed_bath_table
3d4f12dece1264e5d6321f1b7f003336,aca2eb7d00ea1a7b8ebd4e68314663af,2,furniture_decor
3d4f12dece1264e5d6321f1b7f003336,422879e10f46682990de24d770e7f83d,3,garden_tools
3d4f12dece1264e5d6321f1b7f003336,53b36df67ebb7c41585e8d54d6772e08,4,watches_gifts
3d4f12dece1264e5d6321f1b7f003336,389d119b48cf3043d311335e499d9c6b,5,garden_tools
3d4f12dece1264e5d6321f1b7f003336,d1c427060a0f73f6b889a5c7c61f2ac4,6,computers_accessories
3d4f12dece1264e5d6321f1b7f003336,368c6c730842d78016ad823897a372db,7,garden_tools
3d4f12dece1264e5d6321f1b7f003336,53759a2ecddad2bb87a079a1f1519f73,8,garden_tools
3d4f12dece1264e5d6321f1b7f003336,154e7e31ebfa092203795c972e5804a6,9,health_beauty
3d4f12dece1264e5d6321f1b7f003336,2b4609f8948be18874494203496bc318,10,health_beauty
3d93772915efa454a89bf52047b0b285,99a4788cb24856965c36a24e339b6058,1,bed_bath_table
3d93772915efa454a89bf52047b0b285,aca2eb7d00ea1a7b8ebd4e68314663af,2,furniture_decor
3d93772915efa454a89bf52047b0b285,422879e10f46682990de24d770e7f83d,3,garden_tools
3d93772915efa454a89bf52047b0b285,53b36df67ebb7c41585e8d54d6772e08,4,watches_gifts
3d93772915efa454a89bf52047b0b285,389d119b48cf3043d311335e499d9c6b,5,garden_tools
3d93772915efa454a89bf52047b0b285,d1c427060a0f73f6b889a5c7c61f2ac4,6,computers_accessories
3d93772915efa454a89bf52047b0b285,368c6c730842d78016ad823897a372db,7,garden_tools
3d93772915efa454a89bf52047b0b285,53759a2ecddad2bb87a079a1f1519f73,8,garden_tools
3d93772915efa454a89bf52047b0b285,154e7e31ebfa092203795c972e5804a6,9,health_beauty
3d93772915efa454a89bf52047b0b285,2b4609f8948be18874494203496bc318,10,health_beauty
3daa1c97a3155484f70c88b19c90dfb5,99a4788cb24856965c36a24e339b6058,1,bed_bath_table
3daa1c97a3155484f70c88b19c90dfb5,aca2eb7d00ea1a7b8ebd4e68314663af,2,furniture_decor
3daa1c97a3155484f70c88b19c90dfb5,422879e10f46682990de24d770e7f83d,3,garden_tools
3daa1c97a3155484f70c88b19c90dfb5,53b36df67ebb7c41585e8d54d6772e08,4,watches_gifts
3daa1c97a3155484f70c88b19c90dfb5,389d119b48cf3043d311335e499d9c6b,5,garden_tools
3daa1c97a3155484f70c88b19c90dfb5,d1c427060a0f73f6b889a5c7c61f2ac4,6,computers_accessories
3daa1c97a3155484f70c88b19c90dfb5,368c6c730842d78016ad823897a372db,7,garden_tools
3daa1c97a3155484f70c88b19c90dfb5,53759a2ecddad2bb87a079a1f1519f73,8,garden_tools
3daa1c97a3155484f70c88b19c90dfb5,154e7e31ebfa092203795c972e5804a6,9,health_beauty
3daa1c97a3155484f70c88b19c90dfb5,2b4609f8948be18874494203496bc318,10,health_beauty
3e7bb77746c1489704b3e041860dfb6d,99a4788cb24856965c36a24e339b6058,1,bed_bath_table
3e7bb77746c1489704b3e041860dfb6d,aca2eb7d00ea1a7b8ebd4e68314663af,2,furniture_decor
3e7bb77746c1489704b3e041860dfb6d,422879e10f46682990de24d770e7f83d,3,garden_tools
3e7bb77746c1489704b3e041860dfb6d,53b36df67ebb7c41585e8d54d6772e08,4,watches_gifts
3e7bb77746c1489704b3e041860dfb6d,389d119b48cf3043d311335e499d9c6b,5,garden_tools
3e7bb77746c1489704b3e041860dfb6d,d1c427060a0f73f6b889a5c7c61f2ac4,6,computers_accessories
3e7bb77746c1489704b3e041860dfb6d,368c6c730842d78016ad823897a372db,7,garden_tools
3e7bb77746c1489704b3e041860dfb6d,53759a2ecddad2bb87a079a1f1519f73,8,garden_tools
3e7bb77746c1489704b3e041860dfb6d,154e7e31ebfa092203795c972e5804a6,9,health_beauty
3e7bb77746c1489704b3e041860dfb6d,2b4609f8948be18874494203496bc318,10,health_beauty
3ea4185126195c34ed9949d8e406d570,99a4788cb24856965c36a24e339b6058,1,bed_bath_table
3ea4185126195c34ed9949d8e406d570,aca2eb7d00ea1a7b8ebd4e68314663af,2,furniture_decor
3ea4185126195c34ed9949d8e406d570,422879e10f46682990de24d770e7f83d,3,garden_tools
3ea4185126195c34ed9949d8e406d570,53b36df67ebb7c41585e8d54d6772e08,4,watches_gifts
3ea4185126195c34ed9949d8e406d570,389d119b48cf3043d311335e499d9c6b,5,garden_tools
3ea4185126195c34ed9949d8e406d570,d1c427060a0f73f6b889a5c7c61f2ac4,6,computers_accessories
3ea4185126195c34ed9949d8e406d570,368c6c730842d78016ad823897a372db,7,garden_tools
3ea4185126195c34ed9949d8e406d570,53759a2ecddad2bb87a079a1f1519f73,8,garden_tools
3ea4185126195c34ed9949d8e406d570,154e7e31ebfa092203795c972e5804a6,9,health_beauty
3ea4185126195c34ed9949d8e406d570,2b4609f8948be18874494203496bc318,10,health_beauty
3fe3e628c6c7a15ae96416826a4c5952,99a4788cb24856965c36a24e339b6058,1,bed_bath_table
3fe3e628c6c7a15ae96416826a4c5952,aca2eb7d00ea1a7b8ebd4e68314663af,2,furniture_decor
3fe3e628c6c7a15ae96416826a4c5952,422879e10f46682990de24d770e7f83d,3,garden_tools
3fe3e628c6c7a15ae96416826a4c5952,53b36df67ebb7c41585e8d54d6772e08,4,watches_gifts
3fe3e628c6c7a15ae96416826a4c5952,389d119b48cf3043d311335e499d9c6b,5,garden_tools
3fe3e628c6c7a15ae96416826a4c5952,d1c427060a0f73f6b889a5c7c61f2ac4,6,computers_accessories
3fe3e628c6c7a15ae96416826a4c5952,368c6c730842d78016ad823897a372db,7,garden_tools
3fe3e628c6c7a15ae96416826a4c5952,53759a2ecddad2bb87a079a1f1519f73,8,garden_tools
3fe3e628c6c7a15ae96416826a4c5952,154e7e31ebfa092203795c972e5804a6,9,health_beauty
3fe3e628c6c7a15ae96416826a4c5952,2b4609f8948be18874494203496bc318,10,health_beauty
3ff874206f1d7d1e3ffe12bc9c88c27c,a963b6b0ba2dd73f51cb8f84855094fc,1,furniture_decor
3ff874206f1d7d1e3ffe12bc9c88c27c,0522015abfd1094949180dee8dacbdf9,2,furniture_decor
3ff874206f1d7d1e3ffe12bc9c88c27c,d249f9dc99c68bbd2e4301672e0f97c5,3,furniture_decor
4041baa51d9eae8f5955ccd4f02bb044,99a4788cb24856965c36a24e339b6058,1,bed_bath_table
4041baa51d9eae8f5955ccd4f02bb044,aca2eb7d00ea1a7b8ebd4e68314663af,2,furniture_decor
4041baa51d9eae8f5955ccd4f02bb044,422879e10f46682990de24d770e7f83d,3,garden_tools
4041baa51d9eae8f5955ccd4f02bb044,53b36df67ebb7c41585e8d54d6772e08,4,watches_gifts
4041baa51d9eae8f5955ccd4f02bb044,389d119b48cf3043d311335e499d9c6b,5,garden_tools
4041baa51d9eae8f5955ccd4f02bb044,d1c427060a0f73f6b889a5c7c61f2ac4,6,computers_accessories
4041baa51d9eae8f5955ccd4f02bb044,368c6c730842d78016ad823897a372db,7,garden_tools
4041baa51d9eae8f5955ccd4f02bb044,53759a2ecddad2bb87a079a1f1519f73,8,garden_tools
4041baa51d9eae8f5955ccd4f02bb044,154e7e31ebfa092203795c972e5804a6,9,health_beauty
4041baa51d9eae8f5955ccd4f02bb044,2b4609f8948be18874494203496bc318,10,health_beauty
4046cc9e4828038b58ee191e1f713466,99a4788cb24856965c36a24e339b6058,1,bed_bath_table
4046cc9e4828038b58ee191e1f713466,aca2eb7d00ea1a7b8ebd4e68314663af,2,furniture_decor
4046cc9e4828038b58ee191e1f713466,422879e10f46682990de24d770e7f83d,3,garden_tools
4046cc9e4828038b58ee191e1f713466,53b36df67ebb7c41585e8d54d6772e08,4,watches_gifts
4046cc9e4828038b58ee191e1f713466,389d119b48cf3043d311335e499d9c6b,5,garden_tools
4046cc9e4828038b58ee191e1f713466,d1c427060a0f73f6b889a5c7c61f2ac4,6,computers_accessories
4046cc9e4828038b58ee191e1f713466,368c6c730842d78016ad823897a372db,7,garden_tools
4046cc9e4828038b58ee191e1f713466,53759a2ecddad2bb87a079a1f1519f73,8,garden_tools
4046cc9e4828038b58ee191e1f713466,154e7e31ebfa092203795c972e5804a6,9,health_beauty
4046cc9e4828038b58ee191e1f713466,2b4609f8948be18874494203496bc318,10,health_beauty
408aee96c75632a92e5079eee61da399,99a4788cb24856965c36a24e339b6058,1,bed_bath_table
408aee96c75632a92e5079eee61da399,aca2eb7d00ea1a7b8ebd4e68314663af,2,furniture_decor
408aee96c75632a92e5079eee61da399,422879e10f46682990de24d770e7f83d,3,garden_tools
408aee96c75632a92e5079eee61da399,53b36df67ebb7c41585e8d54d6772e08,4,watches_gifts
408aee96c75632a92e5079eee61da399,389d119b48cf3043d311335e499d9c6b,5,garden_tools
408aee96c75632a92e5079eee61da399,d1c427060a0f73f6b889a5c7c61f2ac4,6,computers_accessories
408aee96c75632a92e5079eee61da399,368c6c730842d78016ad823897a372db,7,garden_tools
408aee96c75632a92e5079eee61da399,53759a2ecddad2bb87a079a1f1519f73,8,garden_tools
408aee96c75632a92e5079eee61da399,154e7e31ebfa092203795c972e5804a6,9,health_beauty
408aee96c75632a92e5079eee61da399,2b4609f8948be18874494203496bc318,10,health_beauty
4092bf290aa60e4f2d4a0dcc2f38c954,99a4788cb24856965c36a24e339b6058,1,bed_bath_table
4092bf290aa60e4f2d4a0dcc2f38c954,aca2eb7d00ea1a7b8ebd4e68314663af,2,furniture_decor
4092bf290aa60e4f2d4a0dcc2f38c954,422879e10f46682990de24d770e7f83d,3,garden_tools
4092bf290aa60e4f2d4a0dcc2f38c954,53b36df67ebb7c41585e8d54d6772e08,4,watches_gifts
4092bf290aa60e4f2d4a0dcc2f38c954,389d119b48cf3043d311335e499d9c6b,5,garden_tools
4092bf290aa60e4f2d4a0dcc2f38c954,d1c427060a0f73f6b889a5c7c61f2ac4,6,computers_accessories
4092bf290aa60e4f2d4a0dcc2f38c954,368c6c730842d78016ad823897a372db,7,garden_tools
4092bf290aa60e4f2d4a0dcc2f38c954,53759a2ecddad2bb87a079a1f1519f73,8,garden_tools
4092bf290aa60e4f2d4a0dcc2f38c954,154e7e31ebfa092203795c972e5804a6,9,health_beauty
4092bf290aa60e4f2d4a0dcc2f38c954,2b4609f8948be18874494203496bc318,10,health_beauty
410a0462acba9ae869f84450fae8a4ea,99a4788cb24856965c36a24e339b6058,1,bed_bath_table
410a0462acba9ae869f84450fae8a4ea,aca2eb7d00ea1a7b8ebd4e68314663af,2,furniture_decor
410a0462acba9ae869f84450fae8a4ea,422879e10f46682990de24d770e7f83d,3,garden_tools
410a0462acba9ae869f84450fae8a4ea,53b36df67ebb7c41585e8d54d6772e08,4,watches_gifts
410a0462acba9ae869f84450fae8a4ea,389d119b48cf3043d311335e499d9c6b,5,garden_tools
410a0462acba9ae869f84450fae8a4ea,d1c427060a0f73f6b889a5c7c61f2ac4,6,computers_accessories
410a0462acba9ae869f84450fae8a4ea,368c6c730842d78016ad823897a372db,7,garden_tools
410a0462acba9ae869f84450fae8a4ea,53759a2ecddad2bb87a079a1f1519f73,8,garden_tools
410a0462acba9ae869f84450fae8a4ea,154e7e31ebfa092203795c972e5804a6,9,health_beauty
410a0462acba9ae869f84450fae8a4ea,2b4609f8948be18874494203496bc318,10,health_beauty
41b4af321ed477242aebe74652fd8219,99a4788cb24856965c36a24e339b6058,1,bed_bath_table
41b4af321ed477242aebe74652fd8219,aca2eb7d00ea1a7b8ebd4e68314663af,2,furniture_decor
41b4af321ed477242aebe74652fd8219,422879e10f46682990de24d770e7f83d,3,garden_tools
41b4af321ed477242aebe74652fd8219,53b36df67ebb7c41585e8d54d6772e08,4,watches_gifts
41b4af321ed477242aebe74652fd8219,389d119b48cf3043d311335e499d9c6b,5,garden_tools
41b4af321ed477242aebe74652fd8219,d1c427060a0f73f6b889a5c7c61f2ac4,6,computers_accessories
41b4af321ed477242aebe74652fd8219,368c6c730842d78016ad823897a372db,7,garden_tools
41b4af321ed477242aebe74652fd8219,53759a2ecddad2bb87a079a1f1519f73,8,garden_tools
41b4af321ed477242aebe74652fd8219,154e7e31ebfa092203795c972e5804a6,9,health_beauty
41b4af321ed477242aebe74652fd8219,2b4609f8948be18874494203496bc318,10,health_beauty
41d57ab847e5ccbe403f46b07ee577d6,99a4788cb24856965c36a24e339b6058,1,bed_bath_table
41d57ab847e5ccbe403f46b07ee577d6,aca2eb7d00ea1a7b8ebd4e68314663af,2,furniture_decor
41d57ab847e5ccbe403f46b07ee577d6,422879e10f46682990de24d770e7f83d,3,garden_tools
41d57ab847e5ccbe403f46b07ee577d6,53b36df67ebb7c41585e8d54d6772e08,4,watches_gifts
41d57ab847e5ccbe403f46b07ee577d6,389d119b48cf3043d311335e499d9c6b,5,garden_tools
41d57ab847e5ccbe403f46b07ee577d6,d1c427060a0f73f6b889a5c7c61f2ac4,6,computers_accessories
41d57ab847e5ccbe403f46b07ee577d6,368c6c730842d78016ad823897a372db,7,garden_tools
41d57ab847e5ccbe403f46b07ee577d6,53759a2ecddad2bb87a079a1f1519f73,8,garden_tools
41d57ab847e5ccbe403f46b07ee577d6,154e7e31ebfa092203795c972e5804a6,9,health_beauty
41d57ab847e5ccbe403f46b07ee577d6,2b4609f8948be18874494203496bc318,10,health_beauty
423d40b193638955a782839886648464,99a4788cb24856965c36a24e339b6058,1,bed_bath_table
423d40b193638955a782839886648464,aca2eb7d00ea1a7b8ebd4e68314663af,2,furniture_decor
423d40b193638955a782839886648464,422879e10f46682990de24d770e7f83d,3,garden_tools
423d40b193638955a782839886648464,53b36df67ebb7c41585e8d54d6772e08,4,watches_gifts
423d40b193638955a782839886648464,389d119b48cf3043d311335e499d9c6b,5,garden_tools
423d40b193638955a782839886648464,d1c427060a0f73f6b889a5c7c61f2ac4,6,computers_accessories
423d40b193638955a782839886648464,368c6c730842d78016ad823897a372db,7,garden_tools
423d40b193638955a782839886648464,53759a2ecddad2bb87a079a1f1519f73,8,garden_tools
423d40b193638955a782839886648464,154e7e31ebfa092203795c972e5804a6,9,health_beauty
423d40b193638955a782839886648464,2b4609f8948be18874494203496bc318,10,health_beauty
4291db0da71914754618cd789aebcd56,5f2d2e225329430182f0d167faa3779b,1,furniture_decor
4291db0da71914754618cd789aebcd56,bd5b04e67f3659248acfb0c61c08a9c1,2,bed_bath_table
44b49176f1aca9533b67f3eedab0b2de,d1c427060a0f73f6b889a5c7c61f2ac4,1,computers_accessories
44b49176f1aca9533b67f3eedab0b2de,52c80cedd4e90108bf4fa6a206ef6b03,2,garden_tools
456f6d64ecda1b968375d3a68eabfb5c,99a4788cb24856965c36a24e339b6058,1,bed_bath_table
456f6d64ecda1b968375d3a68eabfb5c,aca2eb7d00ea1a7b8ebd4e68314663af,2,furniture_decor
456f6d64ecda1b968375d3a68eabfb5c,422879e10f46682990de24d770e7f83d,3,garden_tools
456f6d64ecda1b968375d3a68eabfb5c,53b36df67ebb7c41585e8d54d6772e08,4,watches_gifts
456f6d64ecda1b968375d3a68eabfb5c,389d119b48cf3043d311335e499d9c6b,5,garden_tools
456f6d64ecda1b968375d3a68eabfb5c,d1c427060a0f73f6b889a5c7c61f2ac4,6,computers_accessories
456f6d64ecda1b968375d3a68eabfb5c,368c6c730842d78016ad823897a372db,7,garden_tools
456f6d64ecda1b968375d3a68eabfb5c,53759a2ecddad2bb87a079a1f1519f73,8,garden_tools
456f6d64ecda1b968375d3a68eabfb5c,154e7e31ebfa092203795c972e5804a6,9,health_beauty
456f6d64ecda1b968375d3a68eabfb5c,2b4609f8948be18874494203496bc318,10,health_beauty
4577881f7a6c10d8eb6bd7f7a82ffa86,99a4788cb24856965c36a24e339b6058,1,bed_bath_table
4577881f7a6c10d8eb6bd7f7a82ffa86,aca2eb7d00ea1a7b8ebd4e68314663af,2,furniture_decor
4577881f7a6c10d8eb6bd7f7a82ffa86,422879e10f46682990de24d770e7f83d,3,garden_tools
4577881f7a6c10d8eb6bd7f7a82ffa86,53b36df67ebb7c41585e8d54d6772e08,4,watches_gifts
4577881f7a6c10d8eb6bd7f7a82ffa86,389d119b48cf3043d311335e499d9c6b,5,garden_tools
4577881f7a6c10d8eb6bd7f7a82ffa86,d1c427060a0f73f6b889a5c7c61f2ac4,6,computers_accessories
4577881f7a6c10d8eb6bd7f7a82ffa86,368c6c730842d78016ad823897a372db,7,garden_tools
4577881f7a6c10d8eb6bd7f7a82ffa86,53759a2ecddad2bb87a079a1f1519f73,8,garden_tools
4577881f7a6c10d8eb6bd7f7a82ffa86,154e7e31ebfa092203795c972e5804a6,9,health_beauty
4577881f7a6c10d8eb6bd7f7a82ffa86,2b4609f8948be18874494203496bc318,10,health_beauty
4658b26bcea972ed0b86a5f8c61718be,99a4788cb24856965c36a24e339b6058,1,bed_bath_table
4658b26bcea972ed0b86a5f8c61718be,aca2eb7d00ea1a7b8ebd4e68314663af,2,furniture_decor
4658b26bcea972ed0b86a5f8c61718be,422879e10f46682990de24d770e7f83d,3,garden_tools
4658b26bcea972ed0b86a5f8c61718be,53b36df67ebb7c41585e8d54d6772e08,4,watches_gifts
4658b26bcea972ed0b86a5f8c61718be,389d119b48cf3043d311335e499d9c6b,5,garden_tools
4658b26bcea972ed0b86a5f8c61718be,d1c427060a0f73f6b889a5c7c61f2ac4,6,computers_accessories
4658b26bcea972ed0b86a5f8c61718be,368c6c730842d78016ad823897a372db,7,garden_tools
4658b26bcea972ed0b86a5f8c61718be,53759a2ecddad2bb87a079a1f1519f73,8,garden_tools
4658b26bcea972ed0b86a5f8c61718be,154e7e31ebfa092203795c972e5804a6,9,health_beauty
4658b26bcea972ed0b86a5f8c61718be,2b4609f8948be18874494203496bc318,10,health_beauty
46da36c3df7118852b770394d1ba2be5,da7e1b2f8c91cbf61a22b55e8cd49bcd,1,housewares
46ed126bcf1df6e195dbc63d7c320983,99a4788cb24856965c36a24e339b6058,1,bed_bath_table
46ed126bcf1df6e195dbc63d7c320983,aca2eb7d00ea1a7b8ebd4e68314663af,2,furniture_decor
46ed126bcf1df6e195dbc63d7c320983,422879e10f46682990de24d770e7f83d,3,garden_tools
46ed126bcf1df6e195dbc63d7c320983,53b36df67ebb7c41585e8d54d6772e08,4,watches_gifts
46ed126bcf1df6e195dbc63d7c320983,389d119b48cf3043d311335e499d9c6b,5,garden_tools
46ed126bcf1df6e195dbc63d7c320983,d1c427060a0f73f6b889a5c7c61f2ac4,6,computers_accessories
46ed126bcf1df6e195dbc63d7c320983,368c6c730842d78016ad823897a372db,7,garden_tools
46ed126bcf1df6e195dbc63d7c320983,53759a2ecddad2bb87a079a1f1519f73,8,garden_tools
46ed126bcf1df6e195dbc63d7c320983,154e7e31ebfa092203795c972e5804a6,9,health_beauty
46ed126bcf1df6e195dbc63d7c320983,2b4609f8948be18874494203496bc318,10,health_beauty
4702ba5faa8283e0f6b6a545cdaf8a9f,99a4788cb24856965c36a24e339b6058,1,bed_bath_table
4702ba5faa8283e0f6b6a545cdaf8a9f,aca2eb7d00ea1a7b8ebd4e68314663af,2,furniture_decor
4702ba5faa8283e0f6b6a545cdaf8a9f,422879e10f46682990de24d770e7f83d,3,garden_tools
4702ba5faa8283e0f6b6a545cdaf8a9f,53b36df67ebb7c41585e8d54d6772e08,4,watches_gifts
4702ba5faa8283e0f6b6a545cdaf8a9f,389d119b48cf3043d311335e499d9c6b,5,garden_tools
4702ba5faa8283e0f6b6a545cdaf8a9f,d1c427060a0f73f6b889a5c7c61f2ac4,6,computers_accessories
4702ba5faa8283e0f6b6a545cdaf8a9f,368c6c730842d78016ad823897a372db,7,garden_tools
4702ba5faa8283e0f6b6a545cdaf8a9f,53759a2ecddad2bb87a079a1f1519f73,8,garden_tools
4702ba5faa8283e0f6b6a545cdaf8a9f,154e7e31ebfa092203795c972e5804a6,9,health_beauty
4702ba5faa8283e0f6b6a545cdaf8a9f,2b4609f8948be18874494203496bc318,10,health_beauty
4711348768db55c57a67aba080ead566,2948658cb6abc82847412be7201bfc4c,1,health_beauty
47544c4d42f988172faedb4b05231671,99a4788cb24856965c36a24e339b6058,1,bed_bath_table
47544c4d42f988172faedb4b05231671,aca2eb7d00ea1a7b8ebd4e68314663af,2,furniture_decor
47544c4d42f988172faedb4b05231671,422879e10f46682990de24d770e7f83d,3,garden_tools
47544c4d42f988172faedb4b05231671,53b36df67ebb7c41585e8d54d6772e08,4,watches_gifts
47544c4d42f988172faedb4b05231671,389d119b48cf3043d311335e499d9c6b,5,garden_tools
47544c4d42f988172faedb4b05231671,d1c427060a0f73f6b889a5c7c61f2ac4,6,computers_accessories
47544c4d42f988172faedb4b05231671,368c6c730842d78016ad823897a372db,7,garden_tools
47544c4d42f988172faedb4b05231671,53759a2ecddad2bb87a079a1f1519f73,8,garden_tools
47544c4d42f988172faedb4b05231671,154e7e31ebfa092203795c972e5804a6,9,health_beauty
47544c4d42f988172faedb4b05231671,2b4609f8948be18874494203496bc318,10,health_beauty
4755e6cf97a25760ab159e0457c84a29,3f14d740544f37ece8a9e7bc8349797e,1,computers_accessories
4755e6cf97a25760ab159e0457c84a29,99f5b2240b82bf9387e5cf2fc0335b08,2,computers_accessories
4755e6cf97a25760ab159e0457c84a29,56cdfe67fbda57c1dcc752f5f361f981,3,computers_accessories
4755e6cf97a25760ab159e0457c84a29,ee57070aa3b24a06fdd0e02efd2d757d,4,computers_accessories
4755e6cf97a25760ab159e0457c84a29,d5991653e037ccb7af6ed7d94246b249,5,computers_accessories
4827d6a02f010b9505e4af04c7fac522,99a4788cb24856965c36a24e339b6058,1,bed_bath_table
4827d6a02f010b9505e4af04c7fac522,aca2eb7d00ea1a7b8ebd4e68314663af,2,furniture_decor
4827d6a02f010b9505e4af04c7fac522,422879e10f46682990de24d770e7f83d,3,garden_tools
4827d6a02f010b9505e4af04c7fac522,53b36df67ebb7c41585e8d54d6772e08,4,watches_gifts
4827d6a02f010b9505e4af04c7fac522,389d119b48cf3043d311335e499d9c6b,5,garden_tools
4827d6a02f010b9505e4af04c7fac522,d1c427060a0f73f6b889a5c7c61f2ac4,6,computers_accessories
4827d6a02f010b9505e4af04c7fac522,368c6c730842d78016ad823897a372db,7,garden_tools
4827d6a02f010b9505e4af04c7fac522,53759a2ecddad2bb87a079a1f1519f73,8,garden_tools
4827d6a02f010b9505e4af04c7fac522,154e7e31ebfa092203795c972e5804a6,9,health_beauty
4827d6a02f010b9505e4af04c7fac522,2b4609f8948be18874494203496bc318,10,health_beauty
494e887fef923d79982b3c0e1ab49cdd,99a4788cb24856965c36a24e339b6058,1,bed_bath_table
494e887fef923d79982b3c0e1ab49cdd,aca2eb7d00ea1a7b8ebd4e68314663af,2,furniture_decor
494e887fef923d79982b3c0e1ab49cdd,422879e10f46682990de24d770e7f83d,3,garden_tools
494e887fef923d79982b3c0e1ab49cdd,53b36df67ebb7c41585e8d54d6772e08,4,watches_gifts
494e887fef923d79982b3c0e1ab49cdd,389d119b48cf3043d311335e499d9c6b,5,garden_tools
494e887fef923d79982b3c0e1ab49cdd,d1c427060a0f73f6b889a5c7c61f2ac4,6,computers_accessories
494e887fef923d79982b3c0e1ab49cdd,368c6c730842d78016ad823897a372db,7,garden_tools
494e887fef923d79982b3c0e1ab49cdd,53759a2ecddad2bb87a079a1f1519f73,8,garden_tools
494e887fef923d79982b3c0e1ab49cdd,154e7e31ebfa092203795c972e5804a6,9,health_beauty
494e887fef923d79982b3c0e1ab49cdd,2b4609f8948be18874494203496bc318,10,health_beauty
495fe7ae31686381c8145b2936e761dc,d1c427060a0f73f6b889a5c7c61f2ac4,1,computers_accessories
495fe7ae31686381c8145b2936e761dc,52c80cedd4e90108bf4fa6a206ef6b03,2,garden_tools
49c6b1ee895e59043bcd5e2135f08355,422879e10f46682990de24d770e7f83d,1,garden_tools
49c6b1ee895e59043bcd5e2135f08355,53759a2ecddad2bb87a079a1f1519f73,2,garden_tools
49c6b1ee895e59043bcd5e2135f08355,368c6c730842d78016ad823897a372db,3,garden_tools
49c6b1ee895e59043bcd5e2135f08355,0bcc3eeca39e1064258aa1e932269894,4,garden_tools
49c6b1ee895e59043bcd5e2135f08355,b0961721fd839e9982420e807758a2a6,5,garden_tools
49c6b1ee895e59043bcd5e2135f08355,abda62f854cffdc94184e6bccadc2286,6,housewares
49c6b1ee895e59043bcd5e2135f08355,774e21c631ca26cba7b5606bdca7460f,7,sports_leisure
49c6b1ee895e59043bcd5e2135f08355,97759b2e2035fcd87986a43119b56c7d,8,home_construction
49c6b1ee895e59043bcd5e2135f08355,680874c570dad71c0a2844cfbf417054,9,furniture_decor
49c6b1ee895e59043bcd5e2135f08355,d1c427060a0f73f6b889a5c7c61f2ac4,10,computers_accessories
4ce423721c74231c174d0bb22367645a,99a4788cb24856965c36a24e339b6058,1,bed_bath_table
4ce423721c74231c174d0bb22367645a,aca2eb7d00ea1a7b8ebd4e68314663af,2,furniture_decor
4ce423721c74231c174d0bb22367645a,422879e10f46682990de24d770e7f83d,3,garden_tools
4ce423721c74231c174d0bb22367645a,53b36df67ebb7c41585e8d54d6772e08,4,watches_gifts
4ce423721c74231c174d0bb22367645a,389d119b48cf3043d311335e499d9c6b,5,garden_tools
4ce423721c74231c174d0bb22367645a,d1c427060a0f73f6b889a5c7c61f2ac4,6,computers_accessories
4ce423721c74231c174d0bb22367645a,368c6c730842d78016ad823897a372db,7,garden_tools
4ce423721c74231c174d0bb22367645a,53759a2ecddad2bb87a079a1f1519f73,8,garden_tools
4ce423721c74231c174d0bb22367645a,154e7e31ebfa092203795c972e5804a6,9,health_beauty
4ce423721c74231c174d0bb22367645a,2b4609f8948be18874494203496bc318,10,health_beauty
4cfa5155cf7cff8eb15e0b12041d058e,389d119b48cf3043d311335e499d9c6b,1,garden_tools
4cfa5155cf7cff8eb15e0b12041d058e,0bcc3eeca39e1064258aa1e932269894,2,garden_tools
4cfa5155cf7cff8eb15e0b12041d058e,53759a2ecddad2bb87a079a1f1519f73,3,garden_tools
4cfa5155cf7cff8eb15e0b12041d058e,b0961721fd839e9982420e807758a2a6,4,garden_tools
4cfa5155cf7cff8eb15e0b12041d058e,368c6c730842d78016ad823897a372db,5,garden_tools
4cfa5155cf7cff8eb15e0b12041d058e,88e40881adf08ea3b87cb1d65c8c1d83,6,pet_shop
4cfa5155cf7cff8eb15e0b12041d058e,a6be3b3eaae040735e86e4376ea77515,7,baby
4cfa5155cf7cff8eb15e0b12041d058e,e11092e9722d1b6f8c18cd8947a1daff,8,baby
4cfa5155cf7cff8eb15e0b12041d058e,ba92b5a0701d2f820ba6ca8f8c86294f,9,bed_bath_table
4cfa5155cf7cff8eb15e0b12041d058e,eb6c2ecde53034fc9ec47741b3232c9d,10,furniture_decor
4d7b6c39aa3c7b53acb8058e4094a593,99a4788cb24856965c36a24e339b6058,1,bed_bath_table
4d7b6c39aa3c7b53acb8058e4094a593,aca2eb7d00ea1a7b8ebd4e68314663af,2,furniture_decor
4d7b6c39aa3c7b53acb8058e4094a593,422879e10f46682990de24d770e7f83d,3,garden_tools
4d7b6c39aa3c7b53acb8058e4094a593,53b36df67ebb7c41585e8d54d6772e08,4,watches_gifts
4d7b6c39aa3c7b53acb8058e4094a593,389d119b48cf3043d311335e499d9c6b,5,garden_tools
4d7b6c39aa3c7b53acb8058e4094a593,d1c427060a0f73f6b889a5c7c61f2ac4,6,computers_accessories
4d7b6c39aa3c7b53acb8058e4094a593,368c6c730842d78016ad823897a372db,7,garden_tools
4d7b6c39aa3c7b53acb8058e4094a593,53759a2ecddad2bb87a079a1f1519f73,8,garden_tools
4d7b6c39aa3c7b53acb8058e4094a593,154e7e31ebfa092203795c972e5804a6,9,health_beauty
4d7b6c39aa3c7b53acb8058e4094a593,2b4609f8948be18874494203496bc318,10,health_beauty
4d9e104764077f7dfae917c7cc803212,951cb45d30e716a846d8cf5874034e56,1,telephony
4e1cce07cd5937c69dacac3c8b13d965,99a4788cb24856965c36a24e339b6058,1,bed_bath_table
4e1cce07cd5937c69dacac3c8b13d965,aca2eb7d00ea1a7b8ebd4e68314663af,2,furniture_decor
4e1cce07cd5937c69dacac3c8b13d965,422879e10f46682990de24d770e7f83d,3,garden_tools
4e1cce07cd5937c69dacac3c8b13d965,53b36df67ebb7c41585e8d54d6772e08,4,watches_gifts
4e1cce07cd5937c69dacac3c8b13d965,389d119b48cf3043d311335e499d9c6b,5,garden_tools
4e1cce07cd5937c69dacac3c8b13d965,d1c427060a0f73f6b889a5c7c61f2ac4,6,computers_accessories
4e1cce07cd5937c69dacac3c8b13d965,368c6c730842d78016ad823897a372db,7,garden_tools
4e1cce07cd5937c69dacac3c8b13d965,53759a2ecddad2bb87a079a1f1519f73,8,garden_tools
4e1cce07cd5937c69dacac3c8b13d965,154e7e31ebfa092203795c972e5804a6,9,health_beauty
4e1cce07cd5937c69dacac3c8b13d965,2b4609f8948be18874494203496bc318,10,health_beauty
4e65032f1f574189fb793bac5a867bbc,99a4788cb24856965c36a24e339b6058,1,bed_bath_table
4e65032f1f574189fb793bac5a867bbc,aca2eb7d00ea1a7b8ebd4e68314663af,2,furniture_decor
4e65032f1f574189fb793bac5a867bbc,422879e10f46682990de24d770e7f83d,3,garden_tools
4e65032f1f574189fb793bac5a867bbc,53b36df67ebb7c41585e8d54d6772e08,4,watches_gifts
4e65032f1f574189fb793bac5a867bbc,389d119b48cf3043d311335e499d9c6b,5,garden_tools
4e65032f1f574189fb793bac5a867bbc,d1c427060a0f73f6b889a5c7c61f2ac4,6,computers_accessories
4e65032f1f574189fb793bac5a867bbc,368c6c730842d78016ad823897a372db,7,garden_tools
4e65032f1f574189fb793bac5a867bbc,53759a2ecddad2bb87a079a1f1519f73,8,garden_tools
4e65032f1f574189fb793bac5a867bbc,154e7e31ebfa092203795c972e5804a6,9,health_beauty
4e65032f1f574189fb793bac5a867bbc,2b4609f8948be18874494203496bc318,10,health_beauty
4f0c8db463d2261888faa81900eb33c1,99a4788cb24856965c36a24e339b6058,1,bed_bath_table
4f0c8db463d2261888faa81900eb33c1,aca2eb7d00ea1a7b8ebd4e68314663af,2,furniture_decor
4f0c8db463d2261888faa81900eb33c1,422879e10f46682990de24d770e7f83d,3,garden_tools
4f0c8db463d2261888faa81900eb33c1,53b36df67ebb7c41585e8d54d6772e08,4,watches_gifts
4f0c8db463d2261888faa81900eb33c1,389d119b48cf3043d311335e499d9c6b,5,garden_tools
4f0c8db463d2261888faa81900eb33c1,d1c427060a0f73f6b889a5c7c61f2ac4,6,computers_accessories
4f0c8db463d2261888faa81900eb33c1,368c6c730842d78016ad823897a372db,7,garden_tools
4f0c8db463d2261888faa81900eb33c1,53759a2ecddad2bb87a079a1f1519f73,8,garden_tools
4f0c8db463d2261888faa81900eb33c1,154e7e31ebfa092203795c972e5804a6,9,health_beauty
4f0c8db463d2261888faa81900eb33c1,2b4609f8948be18874494203496bc318,10,health_beauty
4f477c554c5bd165f95d62b409ac6425,99a4788cb24856965c36a24e339b6058,1,bed_bath_table
4f477c554c5bd165f95d62b409ac6425,aca2eb7d00ea1a7b8ebd4e68314663af,2,furniture_decor
4f477c554c5bd165f95d62b409ac6425,422879e10f46682990de24d770e7f83d,3,garden_tools
4f477c554c5bd165f95d62b409ac6425,53b36df67ebb7c41585e8d54d6772e08,4,watches_gifts
4f477c554c5bd165f95d62b409ac6425,389d119b48cf3043d311335e499d9c6b,5,garden_tools
4f477c554c5bd165f95d62b409ac6425,d1c427060a0f73f6b889a5c7c61f2ac4,6,computers_accessories
4f477c554c5bd165f95d62b409ac6425,368c6c730842d78016ad823897a372db,7,garden_tools
4f477c554c5bd165f95d62b409ac6425,53759a2ecddad2bb87a079a1f1519f73,8,garden_tools
4f477c554c5bd165f95d62b409ac6425,154e7e31ebfa092203795c972e5804a6,9,health_beauty
4f477c554c5bd165f95d62b409ac6425,2b4609f8948be18874494203496bc318,10,health_beauty
4f4943d1a8ac2c4a65d4fba25ee8c0bb,99a4788cb24856965c36a24e339b6058,1,bed_bath_table
4f4943d1a8ac2c4a65d4fba25ee8c0bb,aca2eb7d00ea1a7b8ebd4e68314663af,2,furniture_decor
4f4943d1a8ac2c4a65d4fba25ee8c0bb,422879e10f46682990de24d770e7f83d,3,garden_tools
4f4943d1a8ac2c4a65d4fba25ee8c0bb,53b36df67ebb7c41585e8d54d6772e08,4,watches_gifts
4f4943d1a8ac2c4a65d4fba25ee8c0bb,389d119b48cf3043d311335e499d9c6b,5,garden_tools
4f4943d1a8ac2c4a65d4fba25ee8c0bb,d1c427060a0f73f6b889a5c7c61f2ac4,6,computers_accessories
4f4943d1a8ac2c4a65d4fba25ee8c0bb,368c6c730842d78016ad823897a372db,7,garden_tools
4f4943d1a8ac2c4a65d4fba25ee8c0bb,53759a2ecddad2bb87a079a1f1519f73,8,garden_tools
4f4943d1a8ac2c4a65d4fba25ee8c0bb,154e7e31ebfa092203795c972e5804a6,9,health_beauty
4f4943d1a8ac2c4a65d4fba25ee8c0bb,2b4609f8948be18874494203496bc318,10,health_beauty
4facc2e6fbc2bffab2fea92d2b4aa7e4,99a4788cb24856965c36a24e339b6058,1,bed_bath_table
4facc2e6fbc2bffab2fea92d2b4aa7e4,aca2eb7d00ea1a7b8ebd4e68314663af,2,furniture_decor
4facc2e6fbc2bffab2fea92d2b4aa7e4,422879e10f46682990de24d770e7f83d,3,garden_tools
4facc2e6fbc2bffab2fea92d2b4aa7e4,53b36df67ebb7c41585e8d54d6772e08,4,watches_gifts
4facc2e6fbc2bffab2fea92d2b4aa7e4,389d119b48cf3043d311335e499d9c6b,5,garden_tools
4facc2e6fbc2bffab2fea92d2b4aa7e4,d1c427060a0f73f6b889a5c7c61f2ac4,6,computers_accessories
4facc2e6fbc2bffab2fea92d2b4aa7e4,368c6c730842d78016ad823897a372db,7,garden_tools
4facc2e6fbc2bffab2fea92d2b4aa7e4,53759a2ecddad2bb87a079a1f1519f73,8,garden_tools
4facc2e6fbc2bffab2fea92d2b4aa7e4,154e7e31ebfa092203795c972e5804a6,9,health_beauty
4facc2e6fbc2bffab2fea92d2b4aa7e4,2b4609f8948be18874494203496bc318,10,health_beauty
525e9dbf2f675f893b9f695d5ecefb31,99a4788cb24856965c36a24e339b6058,1,bed_bath_table
525e9dbf2f675f893b9f695d5ecefb31,aca2eb7d00ea1a7b8ebd4e68314663af,2,furniture_decor
525e9dbf2f675f893b9f695d5ecefb31,422879e10f46682990de24d770e7f83d,3,garden_tools
525e9dbf2f675f893b9f695d5ecefb31,53b36df67ebb7c41585e8d54d6772e08,4,watches_gifts
525e9dbf2f675f893b9f695d5ecefb31,389d119b48cf3043d311335e499d9c6b,5,garden_tools
525e9dbf2f675f893b9f695d5ecefb31,d1c427060a0f73f6b889a5c7c61f2ac4,6,computers_accessories
525e9dbf2f675f893b9f695d5ecefb31,368c6c730842d78016ad823897a372db,7,garden_tools
525e9dbf2f675f893b9f695d5ecefb31,53759a2ecddad2bb87a079a1f1519f73,8,garden_tools
525e9dbf2f675f893b9f695d5ecefb31,154e7e31ebfa092203795c972e5804a6,9,health_beauty
525e9dbf2f675f893b9f695d5ecefb31,2b4609f8948be18874494203496bc318,10,health_beauty
53e4d5ab8287848319f0220d47ee7ca0,99a4788cb24856965c36a24e339b6058,1,bed_bath_table
53e4d5ab8287848319f0220d47ee7ca0,aca2eb7d00ea1a7b8ebd4e68314663af,2,furniture_decor
53e4d5ab8287848319f0220d47ee7ca0,422879e10f46682990de24d770e7f83d,3,garden_tools
53e4d5ab8287848319f0220d47ee7ca0,53b36df67ebb7c41585e8d54d6772e08,4,watches_gifts
53e4d5ab8287848319f0220d47ee7ca0,389d119b48cf3043d311335e499d9c6b,5,garden_tools
53e4d5ab8287848319f0220d47ee7ca0,d1c427060a0f73f6b889a5c7c61f2ac4,6,computers_accessories
53e4d5ab8287848319f0220d47ee7ca0,368c6c730842d78016ad823897a372db,7,garden_tools
53e4d5ab8287848319f0220d47ee7ca0,53759a2ecddad2bb87a079a1f1519f73,8,garden_tools
53e4d5ab8287848319f0220d47ee7ca0,154e7e31ebfa092203795c972e5804a6,9,health_beauty
53e4d5ab8287848319f0220d47ee7ca0,2b4609f8948be18874494203496bc318,10,health_beauty
5457ae2c352c18e3bf5cba68301d96a8,df581a0b9a4bf71da645a0a3d5d2b4fe,1,pet_shop
549a24530925587e2faddb35f667e458,99a4788cb24856965c36a24e339b6058,1,bed_bath_table
549a24530925587e2faddb35f667e458,aca2eb7d00ea1a7b8ebd4e68314663af,2,furniture_decor
549a24530925587e2faddb35f667e458,422879e10f46682990de24d770e7f83d,3,garden_tools
549a24530925587e2faddb35f667e458,53b36df67ebb7c41585e8d54d6772e08,4,watches_gifts
549a24530925587e2faddb35f667e458,389d119b48cf3043d311335e499d9c6b,5,garden_tools
549a24530925587e2faddb35f667e458,d1c427060a0f73f6b889a5c7c61f2ac4,6,computers_accessories
549a24530925587e2faddb35f667e458,368c6c730842d78016ad823897a372db,7,garden_tools
549a24530925587e2faddb35f667e458,53759a2ecddad2bb87a079a1f1519f73,8,garden_tools
549a24530925587e2faddb35f667e458,154e7e31ebfa092203795c972e5804a6,9,health_beauty
549a24530925587e2faddb35f667e458,2b4609f8948be18874494203496bc318,10,health_beauty
556ffcdd6185be1c44ea83be3b1b5f86,99a4788cb24856965c36a24e339b6058,1,bed_bath_table
556ffcdd6185be1c44ea83be3b1b5f86,aca2eb7d00ea1a7b8ebd4e68314663af,2,furniture_decor
556ffcdd6185be1c44ea83be3b1b5f86,422879e10f46682990de24d770e7f83d,3,garden_tools
556ffcdd6185be1c44ea83be3b1b5f86,53b36df67ebb7c41585e8d54d6772e08,4,watches_gifts
556ffcdd6185be1c44ea83be3b1b5f86,389d119b48cf3043d311335e499d9c6b,5,garden_tools
556ffcdd6185be1c44ea83be3b1b5f86,d1c427060a0f73f6b889a5c7c61f2ac4,6,computers_accessories
556ffcdd6185be1c44ea83be3b1b5f86,368c6c730842d78016ad823897a372db,7,garden_tools
556ffcdd6185be1c44ea83be3b1b5f86,53759a2ecddad2bb87a079a1f1519f73,8,garden_tools
556ffcdd6185be1c44ea83be3b1b5f86,154e7e31ebfa092203795c972e5804a6,9,health_beauty
556ffcdd6185be1c44ea83be3b1b5f86,2b4609f8948be18874494203496bc318,10,health_beauty
55f21db4f9a353dcee5b774f750c65a1,99a4788cb24856965c36a24e339b6058,1,bed_bath_table
55f21db4f9a353dcee5b774f750c65a1,aca2eb7d00ea1a7b8ebd4e68314663af,2,furniture_decor
55f21db4f9a353dcee5b774f750c65a1,422879e10f46682990de24d770e7f83d,3,garden_tools
55f21db4f9a353dcee5b774f750c65a1,53b36df67ebb7c41585e8d54d6772e08,4,watches_gifts
55f21db4f9a353dcee5b774f750c65a1,389d119b48cf3043d311335e499d9c6b,5,garden_tools
55f21db4f9a353dcee5b774f750c65a1,d1c427060a0f73f6b889a5c7c61f2ac4,6,computers_accessories
55f21db4f9a353dcee5b774f750c65a1,368c6c730842d78016ad823897a372db,7,garden_tools
55f21db4f9a353dcee5b774f750c65a1,53759a2ecddad2bb87a079a1f1519f73,8,garden_tools
55f21db4f9a353dcee5b774f750c65a1,154e7e31ebfa092203795c972e5804a6,9,health_beauty
55f21db4f9a353dcee5b774f750c65a1,2b4609f8948be18874494203496bc318,10,health_beauty
55fbb64f60861980e74c4f136f304297,99a4788cb24856965c36a24e339b6058,1,bed_bath_table
55fbb64f60861980e74c4f136f304297,aca2eb7d00ea1a7b8ebd4e68314663af,2,furniture_decor
55fbb64f60861980e74c4f136f304297,422879e10f46682990de24d770e7f83d,3,garden_tools
55fbb64f60861980e74c4f136f304297,53b36df67ebb7c41585e8d54d6772e08,4,watches_gifts
55fbb64f60861980e74c4f136f304297,389d119b48cf3043d311335e499d9c6b,5,garden_tools
55fbb64f60861980e74c4f136f304297,d1c427060a0f73f6b889a5c7c61f2ac4,6,computers_accessories
55fbb64f60861980e74c4f136f304297,368c6c730842d78016ad823897a372db,7,garden_tools
55fbb64f60861980e74c4f136f304297,53759a2ecddad2bb87a079a1f1519f73,8,garden_tools
55fbb64f60861980e74c4f136f304297,154e7e31ebfa092203795c972e5804a6,9,health_beauty
55fbb64f60861980e74c4f136f304297,2b4609f8948be18874494203496bc318,10,health_beauty
562b3bca5a8903b7451462b6e7aa6082,99a4788cb24856965c36a24e339b6058,1,bed_bath_table
562b3bca5a8903b7451462b6e7aa6082,aca2eb7d00ea1a7b8ebd4e68314663af,2,furniture_decor
562b3bca5a8903b7451462b6e7aa6082,422879e10f46682990de24d770e7f83d,3,garden_tools
562b3bca5a8903b7451462b6e7aa6082,53b36df67ebb7c41585e8d54d6772e08,4,watches_gifts
562b3bca5a8903b7451462b6e7aa6082,389d119b48cf3043d311335e499d9c6b,5,garden_tools
562b3bca5a8903b7451462b6e7aa6082,d1c427060a0f73f6b889a5c7c61f2ac4,6,computers_accessories
562b3bca5a8903b7451462b6e7aa6082,368c6c730842d78016ad823897a372db,7,garden_tools
562b3bca5a8903b7451462b6e7aa6082,53759a2ecddad2bb87a079a1f1519f73,8,garden_tools
562b3bca5a8903b7451462b6e7aa6082,154e7e31ebfa092203795c972e5804a6,9,health_beauty
562b3bca5a8903b7451462b6e7aa6082,2b4609f8948be18874494203496bc318,10,health_beauty
56c355e615aa216a8c404c4f3d22383c,99a4788cb24856965c36a24e339b6058,1,bed_bath_table
56c355e615aa216a8c404c4f3d22383c,aca2eb7d00ea1a7b8ebd4e68314663af,2,furniture_decor
56c355e615aa216a8c404c4f3d22383c,422879e10f46682990de24d770e7f83d,3,garden_tools
56c355e615aa216a8c404c4f3d22383c,53b36df67ebb7c41585e8d54d6772e08,4,watches_gifts
56c355e615aa216a8c404c4f3d22383c,389d119b48cf3043d311335e499d9c6b,5,garden_tools
56c355e615aa216a8c404c4f3d22383c,d1c427060a0f73f6b889a5c7c61f2ac4,6,computers_accessories
56c355e615aa216a8c404c4f3d22383c,368c6c730842d78016ad823897a372db,7,garden_tools
56c355e615aa216a8c404c4f3d22383c,53759a2ecddad2bb87a079a1f1519f73,8,garden_tools
56c355e615aa216a8c404c4f3d22383c,154e7e31ebfa092203795c972e5804a6,9,health_beauty
56c355e615aa216a8c404c4f3d22383c,2b4609f8948be18874494203496bc318,10,health_beauty
575e8735ac3203bfb92c7d52919faf70,99a4788cb24856965c36a24e339b6058,1,bed_bath_table
575e8735ac3203bfb92c7d52919faf70,aca2eb7d00ea1a7b8ebd4e68314663af,2,furniture_decor
575e8735ac3203bfb92c7d52919faf70,422879e10f46682990de24d770e7f83d,3,garden_tools
575e8735ac3203bfb92c7d52919faf70,53b36df67ebb7c41585e8d54d6772e08,4,watches_gifts
575e8735ac3203bfb92c7d52919faf70,389d119b48cf3043d311335e499d9c6b,5,garden_tools
575e8735ac3203bfb92c7d52919faf70,d1c427060a0f73f6b889a5c7c61f2ac4,6,computers_accessories
575e8735ac3203bfb92c7d52919faf70,368c6c730842d78016ad823897a372db,7,garden_tools
575e8735ac3203bfb92c7d52919faf70,53759a2ecddad2bb87a079a1f1519f73,8,garden_tools
575e8735ac3203bfb92c7d52919faf70,154e7e31ebfa092203795c972e5804a6,9,health_beauty
575e8735ac3203bfb92c7d52919faf70,2b4609f8948be18874494203496bc318,10,health_beauty
580e86cc6d0c8eafede3d6f2fa4bf9ab,2b4280ae2d10eefdff9b5e1b1a9ebf53,1,watches_gifts
580e86cc6d0c8eafede3d6f2fa4bf9ab,202bd859659a841de892b00c341300ff,2,watches_gifts
580e86cc6d0c8eafede3d6f2fa4bf9ab,87cb507e0daa37bbf34956fd59eba832,3,watches_gifts
580e86cc6d0c8eafede3d6f2fa4bf9ab,2136c70bbe723d338fab53da3c03e6dc,4,watches_gifts
58e2253f083d42930c64ca32b510a512,457cd0a99cfa977993e4eb6d98d95abb,1,telephony
5936fabf5dfeaa6c31d9f649b5794e2c,99a4788cb24856965c36a24e339b6058,1,bed_bath_table
5936fabf5dfeaa6c31d9f649b5794e2c,aca2eb7d00ea1a7b8ebd4e68314663af,2,furniture_decor
5936fabf5dfeaa6c31d9f649b5794e2c,422879e10f46682990de24d770e7f83d,3,garden_tools
5936fabf5dfeaa6c31d9f649b5794e2c,53b36df67ebb7c41585e8d54d6772e08,4,watches_gifts
5936fabf5dfeaa6c31d9f649b5794e2c,389d119b48cf3043d311335e499d9c6b,5,garden_tools
5936fabf5dfeaa6c31d9f649b5794e2c,d1c427060a0f73f6b889a5c7c61f2ac4,6,computers_accessories
5936fabf5dfeaa6c31d9f649b5794e2c,368c6c730842d78016ad823897a372db,7,garden_tools
5936fabf5dfeaa6c31d9f649b5794e2c,53759a2ecddad2bb87a079a1f1519f73,8,garden_tools
5936fabf5dfeaa6c31d9f649b5794e2c,154e7e31ebfa092203795c972e5804a6,9,health_beauty
5936fabf5dfeaa6c31d9f649b5794e2c,2b4609f8948be18874494203496bc318,10,health_beauty
5941ba7f91b519d195e16e34fcf61bac,69c1a709ba2ac6511ef8553b93074ec1,1,fashion_bags_accessories
5941ba7f91b519d195e16e34fcf61bac,39b86f4e3aedf22731990099a660a6f5,2,fashion_bags_accessories
5941ba7f91b519d195e16e34fcf61bac,77fa3381855b6763c52ca3b72824f508,3,fashion_bags_accessories
5941ba7f91b519d195e16e34fcf61bac,d017a2151d543a9885604dc62a3d9dcc,4,fashion_bags_accessories
5a819fa976c2a1e65fa35e5c890d4dcb,99a4788cb24856965c36a24e339b6058,1,bed_bath_table
5a819fa976c2a1e65fa35e5c890d4dcb,aca2eb7d00ea1a7b8ebd4e68314663af,2,furniture_decor
5a819fa976c2a1e65fa35e5c890d4dcb,422879e10f46682990de24d770e7f83d,3,garden_tools
5a819fa976c2a1e65fa35e5c890d4dcb,53b36df67ebb7c41585e8d54d6772e08,4,watches_gifts
5a819fa976c2a1e65fa35e5c890d4dcb,389d119b48cf3043d311335e499d9c6b,5,garden_tools
5a819fa976c2a1e65fa35e5c890d4dcb,d1c427060a0f73f6b889a5c7c61f2ac4,6,computers_accessories
5a819fa976c2a1e65fa35e5c890d4dcb,368c6c730842d78016ad823897a372db,7,garden_tools
5a819fa976c2a1e65fa35e5c890d4dcb,53759a2ecddad2bb87a079a1f1519f73,8,garden_tools
5a819fa976c2a1e65fa35e5c890d4dcb,154e7e31ebfa092203795c972e5804a6,9,health_beauty
5a819fa976c2a1e65fa35e5c890d4dcb,2b4609f8948be18874494203496bc318,10,health_beauty
5b3b19201bb81179198a9ce0d26ae56f,99a4788cb24856965c36a24e339b6058,1,bed_bath_table
5b3b19201bb81179198a9ce0d26ae56f,aca2eb7d00ea1a7b8ebd4e68314663af,2,furniture_decor
5b3b19201bb81179198a9ce0d26ae56f,422879e10f46682990de24d770e7f83d,3,garden_tools
5b3b19201bb81179198a9ce0d26ae56f,53b36df67ebb7c41585e8d54d6772e08,4,watches_gifts
5b3b19201bb81179198a9ce0d26ae56f,389d119b48cf3043d311335e499d9c6b,5,garden_tools
5b3b19201bb81179198a9ce0d26ae56f,d1c427060a0f73f6b889a5c7c61f2ac4,6,computers_accessories
5b3b19201bb81179198a9ce0d26ae56f,368c6c730842d78016ad823897a372db,7,garden_tools
5b3b19201bb81179198a9ce0d26ae56f,53759a2ecddad2bb87a079a1f1519f73,8,garden_tools
5b3b19201bb81179198a9ce0d26ae56f,154e7e31ebfa092203795c972e5804a6,9,health_beauty
5b3b19201bb81179198a9ce0d26ae56f,2b4609f8948be18874494203496bc318,10,health_beauty
5c2b5c09534917d37857557d37ed9205,99a4788cb24856965c36a24e339b6058,1,bed_bath_table
5c2b5c09534917d37857557d37ed9205,aca2eb7d00ea1a7b8ebd4e68314663af,2,furniture_decor
5c2b5c09534917d37857557d37ed9205,422879e10f46682990de24d770e7f83d,3,garden_tools
5c2b5c09534917d37857557d37ed9205,53b36df67ebb7c41585e8d54d6772e08,4,watches_gifts
5c2b5c09534917d37857557d37ed9205,389d119b48cf3043d311335e499d9c6b,5,garden_tools
5c2b5c09534917d37857557d37ed9205,d1c427060a0f73f6b889a5c7c61f2ac4,6,computers_accessories
5c2b5c09534917d37857557d37ed9205,368c6c730842d78016ad823897a372db,7,garden_tools
5c2b5c09534917d37857557d37ed9205,53759a2ecddad2bb87a079a1f1519f73,8,garden_tools
5c2b5c09534917d37857557d37ed9205,154e7e31ebfa092203795c972e5804a6,9,health_beauty
5c2b5c09534917d37857557d37ed9205,2b4609f8948be18874494203496bc318,10,health_beauty
5c77da09750b42091c93c331d544ab53,d1c427060a0f73f6b889a5c7c61f2ac4,1,computers_accessories
5c77da09750b42091c93c331d544ab53,8c591ab0ca519558779df02023177f44,2,garden_tools
5c77da09750b42091c93c331d544ab53,c4baedd846ed09b85f78a781b522f126,3,garden_tools
5d323409404dee6bdb0f6cf9ef828dae,28dc766929435d5a8555ce85e2f82667,1,home_appliances_2
5d63628c95182301765aa1482b0293aa,99a4788cb24856965c36a24e339b6058,1,bed_bath_table
5d63628c95182301765aa1482b0293aa,aca2eb7d00ea1a7b8ebd4e68314663af,2,furniture_decor
5d63628c95182301765aa1482b0293aa,422879e10f46682990de24d770e7f83d,3,garden_tools
5d63628c95182301765aa1482b0293aa,53b36df67ebb7c41585e8d54d6772e08,4,watches_gifts
5d63628c95182301765aa1482b0293aa,389d119b48cf3043d311335e499d9c6b,5,garden_tools
5d63628c95182301765aa1482b0293aa,d1c427060a0f73f6b889a5c7c61f2ac4,6,computers_accessories
5d63628c95182301765aa1482b0293aa,368c6c730842d78016ad823897a372db,7,garden_tools
5d63628c95182301765aa1482b0293aa,53759a2ecddad2bb87a079a1f1519f73,8,garden_tools
5d63628c95182301765aa1482b0293aa,154e7e31ebfa092203795c972e5804a6,9,health_beauty
5d63628c95182301765aa1482b0293aa,2b4609f8948be18874494203496bc318,10,health_beauty
5d7ff357d021646cf8adf2601713f624,99a4788cb24856965c36a24e339b6058,1,bed_bath_table
5d7ff357d021646cf8adf2601713f624,aca2eb7d00ea1a7b8ebd4e68314663af,2,furniture_decor
5d7ff357d021646cf8adf2601713f624,422879e10f46682990de24d770e7f83d,3,garden_tools
5d7ff357d021646cf8adf2601713f624,53b36df67ebb7c41585e8d54d6772e08,4,watches_gifts
5d7ff357d021646cf8adf2601713f624,389d119b48cf3043d311335e499d9c6b,5,garden_tools
5d7ff357d021646cf8adf2601713f624,d1c427060a0f73f6b889a5c7c61f2ac4,6,computers_accessories
5d7ff357d021646cf8adf2601713f624,368c6c730842d78016ad823897a372db,7,garden_tools
5d7ff357d021646cf8adf2601713f624,53759a2ecddad2bb87a079a1f1519f73,8,garden_tools
5d7ff357d021646cf8adf2601713f624,154e7e31ebfa092203795c972e5804a6,9,health_beauty
5d7ff357d021646cf8adf2601713f624,2b4609f8948be18874494203496bc318,10,health_beauty
5eefb861d4921a3e628bbc65c50a480a,99a4788cb24856965c36a24e339b6058,1,bed_bath_table
5eefb861d4921a3e628bbc65c50a480a,aca2eb7d00ea1a7b8ebd4e68314663af,2,furniture_decor
5eefb861d4921a3e628bbc65c50a480a,422879e10f46682990de24d770e7f83d,3,garden_tools
5eefb861d4921a3e628bbc65c50a480a,53b36df67ebb7c41585e8d54d6772e08,4,watches_gifts
5eefb861d4921a3e628bbc65c50a480a,389d119b48cf3043d311335e499d9c6b,5,garden_tools
5eefb861d4921a3e628bbc65c50a480a,d1c427060a0f73f6b889a5c7c61f2ac4,6,computers_accessories
5eefb861d4921a3e628bbc65c50a480a,368c6c730842d78016ad823897a372db,7,garden_tools
5eefb861d4921a3e628bbc65c50a480a,53759a2ecddad2bb87a079a1f1519f73,8,garden_tools
5eefb861d4921a3e628bbc65c50a480a,154e7e31ebfa092203795c972e5804a6,9,health_beauty
5eefb861d4921a3e628bbc65c50a480a,2b4609f8948be18874494203496bc318,10,health_beauty
5faabfe6772088c4d906b63fa81ac63d,99a4788cb24856965c36a24e339b6058,1,bed_bath_table
5faabfe6772088c4d906b63fa81ac63d,aca2eb7d00ea1a7b8ebd4e68314663af,2,furniture_decor
5faabfe6772088c4d906b63fa81ac63d,422879e10f46682990de24d770e7f83d,3,garden_tools
5faabfe6772088c4d906b63fa81ac63d,53b36df67ebb7c41585e8d54d6772e08,4,watches_gifts
5faabfe6772088c4d906b63fa81ac63d,389d119b48cf3043d311335e499d9c6b,5,garden_tools
5faabfe6772088c4d906b63fa81ac63d,d1c427060a0f73f6b889a5c7c61f2ac4,6,computers_accessories
5faabfe6772088c4d906b63fa81ac63d,368c6c730842d78016ad823897a372db,7,garden_tools
5faabfe6772088c4d906b63fa81ac63d,53759a2ecddad2bb87a079a1f1519f73,8,garden_tools
5faabfe6772088c4d906b63fa81ac63d,154e7e31ebfa092203795c972e5804a6,9,health_beauty
5faabfe6772088c4d906b63fa81ac63d,2b4609f8948be18874494203496bc318,10,health_beauty
6084496782926c56bf04c556331bf884,99a4788cb24856965c36a24e339b6058,1,bed_bath_table
6084496782926c56bf04c556331bf884,aca2eb7d00ea1a7b8ebd4e68314663af,2,furniture_decor
6084496782926c56bf04c556331bf884,422879e10f46682990de24d770e7f83d,3,garden_tools
6084496782926c56bf04c556331bf884,53b36df67ebb7c41585e8d54d6772e08,4,watches_gifts
6084496782926c56bf04c556331bf884,389d119b48cf3043d311335e499d9c6b,5,garden_tools
6084496782926c56bf04c556331bf884,d1c427060a0f73f6b889a5c7c61f2ac4,6,computers_accessories
6084496782926c56bf04c556331bf884,368c6c730842d78016ad823897a372db,7,garden_tools
6084496782926c56bf04c556331bf884,53759a2ecddad2bb87a079a1f1519f73,8,garden_tools
6084496782926c56bf04c556331bf884,154e7e31ebfa092203795c972e5804a6,9,health_beauty
6084496782926c56bf04c556331bf884,2b4609f8948be18874494203496bc318,10,health_beauty
60863e9f13562f664b73e6f76ff85910,02ed3b595447e948efc3eac897e4df0e,1,bed_bath_table
60863e9f13562f664b73e6f76ff85910,dde35467201d3ff9e3f8e4297aa2768e,2,home_confort
60863e9f13562f664b73e6f76ff85910,44aadbb26d5c81d9846b0c48bc00d7a3,3,bed_bath_table
60863e9f13562f664b73e6f76ff85910,a1dd59756b92c62cd39375d0b0222698,4,bed_bath_table
60863e9f13562f664b73e6f76ff85910,f2f411f86bd5bd427e28e2a30771761f,5,bed_bath_table
60863e9f13562f664b73e6f76ff85910,937c825572d26b9e5a723527c6d625c6,6,bed_bath_table
60863e9f13562f664b73e6f76ff85910,39aa98469aa7460a9764311b3f8efb12,7,bed_bath_table
61fe766e454d5e750b33250035b4311d,99a4788cb24856965c36a24e339b6058,1,bed_bath_table
61fe766e454d5e750b33250035b4311d,aca2eb7d00ea1a7b8ebd4e68314663af,2,furniture_decor
61fe766e454d5e750b33250035b4311d,422879e10f46682990de24d770e7f83d,3,garden_tools
61fe766e454d5e750b33250035b4311d,53b36df67ebb7c41585e8d54d6772e08,4,watches_gifts
61fe766e454d5e750b33250035b4311d,389d119b48cf3043d311335e499d9c6b,5,garden_tools
61fe766e454d5e750b33250035b4311d,d1c427060a0f73f6b889a5c7c61f2ac4,6,computers_accessories
61fe766e454d5e750b33250035b4311d,368c6c730842d78016ad823897a372db,7,garden_tools
61fe766e454d5e750b33250035b4311d,53759a2ecddad2bb87a079a1f1519f73,8,garden_tools
61fe766e454d5e750b33250035b4311d,154e7e31ebfa092203795c972e5804a6,9,health_beauty
61fe766e454d5e750b33250035b4311d,2b4609f8948be18874494203496bc318,10,health_beauty
6287d15cdf992224e7bb7010c69c4095,99a4788cb24856965c36a24e339b6058,1,bed_bath_table
6287d15cdf992224e7bb7010c69c4095,aca2eb7d00ea1a7b8ebd4e68314663af,2,furniture_decor
6287d15cdf992224e7bb7010c69c4095,422879e10f46682990de24d770e7f83d,3,garden_tools
6287d15cdf992224e7bb7010c69c4095,53b36df67ebb7c41585e8d54d6772e08,4,watches_gifts
6287d15cdf992224e7bb7010c69c4095,389d119b48cf3043d311335e499d9c6b,5,garden_tools
6287d15cdf992224e7bb7010c69c4095,d1c427060a0f73f6b889a5c7c61f2ac4,6,computers_accessories
6287d15cdf992224e7bb7010c69c4095,368c6c730842d78016ad823897a372db,7,garden_tools
6287d15cdf992224e7bb7010c69c4095,53759a2ecddad2bb87a079a1f1519f73,8,garden_tools
6287d15cdf992224e7bb7010c69c4095,154e7e31ebfa092203795c972e5804a6,9,health_beauty
6287d15cdf992224e7bb7010c69c4095,2b4609f8948be18874494203496bc318,10,health_beauty
628bdd93abd27fbdd50f4e2e91ec64b3,340f33bdf4103eba89df5d5153beff7e,1,furniture_decor
62b8761192c86f4ead06f4a433096a2b,99a4788cb24856965c36a24e339b6058,1,bed_bath_table
62b8761192c86f4ead06f4a433096a2b,aca2eb7d00ea1a7b8ebd4e68314663af,2,furniture_decor
62b8761192c86f4ead06f4a433096a2b,422879e10f46682990de24d770e7f83d,3,garden_tools
62b8761192c86f4ead06f4a433096a2b,53b36df67ebb7c41585e8d54d6772e08,4,watches_gifts
62b8761192c86f4ead06f4a433096a2b,389d119b48cf3043d311335e499d9c6b,5,garden_tools
62b8761192c86f4ead06f4a433096a2b,d1c427060a0f73f6b889a5c7c61f2ac4,6,computers_accessories
62b8761192c86f4ead06f4a433096a2b,368c6c730842d78016ad823897a372db,7,garden_tools
62b8761192c86f4ead06f4a433096a2b,53759a2ecddad2bb87a079a1f1519f73,8,garden_tools
62b8761192c86f4ead06f4a433096a2b,154e7e31ebfa092203795c972e5804a6,9,health_beauty
62b8761192c86f4ead06f4a433096a2b,2b4609f8948be18874494203496bc318,10,health_beauty
633aa358e90a435dc47a30af5a0a832d,99a4788cb24856965c36a24e339b6058,1,bed_bath_table
633aa358e90a435dc47a30af5a0a832d,aca2eb7d00ea1a7b8ebd4e68314663af,2,furniture_decor
633aa358e90a435dc47a30af5a0a832d,422879e10f46682990de24d770e7f83d,3,garden_tools
633aa358e90a435dc47a30af5a0a832d,53b36df67ebb7c41585e8d54d6772e08,4,watches_gifts
633aa358e90a435dc47a30af5a0a832d,389d119b48cf3043d311335e499d9c6b,5,garden_tools
633aa358e90a435dc47a30af5a0a832d,d1c427060a0f73f6b889a5c7c61f2ac4,6,computers_accessories
633aa358e90a435dc47a30af5a0a832d,368c6c730842d78016ad823897a372db,7,garden_tools
633aa358e90a435dc47a30af5a0a832d,53759a2ecddad2bb87a079a1f1519f73,8,garden_tools
633aa358e90a435dc47a30af5a0a832d,154e7e31ebfa092203795c972e5804a6,9,health_beauty
633aa358e90a435dc47a30af5a0a832d,2b4609f8948be18874494203496bc318,10,health_beauty
6358b15ef7fa9b1210f1a5735cabd3d9,99a4788cb24856965c36a24e339b6058,1,bed_bath_table
6358b15ef7fa9b1210f1a5735cabd3d9,aca2eb7d00ea1a7b8ebd4e68314663af,2,furniture_decor
6358b15ef7fa9b1210f1a5735cabd3d9,422879e10f46682990de24d770e7f83d,3,garden_tools
6358b15ef7fa9b1210f1a5735cabd3d9,53b36df67ebb7c41585e8d54d6772e08,4,watches_gifts
6358b15ef7fa9b1210f1a5735cabd3d9,389d119b48cf3043d311335e499d9c6b,5,garden_tools
6358b15ef7fa9b1210f1a5735cabd3d9,d1c427060a0f73f6b889a5c7c61f2ac4,6,computers_accessories
6358b15ef7fa9b1210f1a5735cabd3d9,368c6c730842d78016ad823897a372db,7,garden_tools
6358b15ef7fa9b1210f1a5735cabd3d9,53759a2ecddad2bb87a079a1f1519f73,8,garden_tools
6358b15ef7fa9b1210f1a5735cabd3d9,154e7e31ebfa092203795c972e5804a6,9,health_beauty
6358b15ef7fa9b1210f1a5735cabd3d9,2b4609f8948be18874494203496bc318,10,health_beauty
63cfc61cee11cbe306bff5857d00bfe4,cfabf9d1f7c14b709f2982f83c8f9538,1,furniture_living_room
63cfc61cee11cbe306bff5857d00bfe4,872db866d615db59612ac933f43d6b22,2,furniture_living_room
63ded44f46d409896e3b7c47daa688ae,99a4788cb24856965c36a24e339b6058,1,bed_bath_table
63ded44f46d409896e3b7c47daa688ae,aca2eb7d00ea1a7b8ebd4e68314663af,2,furniture_decor
63ded44f46d409896e3b7c47daa688ae,422879e10f46682990de24d770e7f83d,3,garden_tools
63ded44f46d409896e3b7c47daa688ae,53b36df67ebb7c41585e8d54d6772e08,4,watches_gifts
63ded44f46d409896e3b7c47daa688ae,389d119b48cf3043d311335e499d9c6b,5,garden_tools
63ded44f46d409896e3b7c47daa688ae,d1c427060a0f73f6b889a5c7c61f2ac4,6,computers_accessories
63ded44f46d409896e3b7c47daa688ae,368c6c730842d78016ad823897a372db,7,garden_tools
63ded44f46d409896e3b7c47daa688ae,53759a2ecddad2bb87a079a1f1519f73,8,garden_tools
63ded44f46d409896e3b7c47daa688ae,154e7e31ebfa092203795c972e5804a6,9,health_beauty
63ded44f46d409896e3b7c47daa688ae,2b4609f8948be18874494203496bc318,10,health_beauty
6469f99c1f9dfae7733b25662e7f1782,f4d705aa95ccca448e5b0deb6e5290ba,1,bed_bath_table
6469f99c1f9dfae7733b25662e7f1782,87d780fa7d2cf3710aa02dc4ca8db985,2,bed_bath_table
6469f99c1f9dfae7733b25662e7f1782,31c1d1dfbb4b2730140b8bd9248bcd58,3,bed_bath_table
6469f99c1f9dfae7733b25662e7f1782,4025ee582ef6b8c478af3b44cf89054b,4,bed_bath_table
6469f99c1f9dfae7733b25662e7f1782,3477030902c7c383db840003051d8115,5,bed_bath_table
6469f99c1f9dfae7733b25662e7f1782,f97a136cf6e5f5d9333b513afc8b153e,6,bed_bath_table
6469f99c1f9dfae7733b25662e7f1782,a4fa3b8fa5953b0bd18bf4e0b4de499d,7,bed_bath_table
6469f99c1f9dfae7733b25662e7f1782,e034c021254ff4d8da4e936e047967af,8,health_beauty
6469f99c1f9dfae7733b25662e7f1782,aa36c2127048efdcd47f4ad5b6b68810,9,bed_bath_table
6469f99c1f9dfae7733b25662e7f1782,1eaf224c19e07b6e50bf0119eea1dd26,10,bed_bath_table
65ee274b862c5c053367be8a70dbc029,99a4788cb24856965c36a24e339b6058,1,bed_bath_table
65ee274b862c5c053367be8a70dbc029,aca2eb7d00ea1a7b8ebd4e68314663af,2,furniture_decor
65ee274b862c5c053367be8a70dbc029,422879e10f46682990de24d770e7f83d,3,garden_tools
65ee274b862c5c053367be8a70dbc029,53b36df67ebb7c41585e8d54d6772e08,4,watches_gifts
65ee274b862c5c053367be8a70dbc029,389d119b48cf3043d311335e499d9c6b,5,garden_tools
65ee274b862c5c053367be8a70dbc029,d1c427060a0f73f6b889a5c7c61f2ac4,6,computers_accessories
65ee274b862c5c053367be8a70dbc029,368c6c730842d78016ad823897a372db,7,garden_tools
65ee274b862c5c053367be8a70dbc029,53759a2ecddad2bb87a079a1f1519f73,8,garden_tools
65ee274b862c5c053367be8a70dbc029,154e7e31ebfa092203795c972e5804a6,9,health_beauty
65ee274b862c5c053367be8a70dbc029,2b4609f8948be18874494203496bc318,10,health_beauty
66ae4493fc7c710a8db6d9620901f40d,99a4788cb24856965c36a24e339b6058,1,bed_bath_table
66ae4493fc7c710a8db6d9620901f40d,aca2eb7d00ea1a7b8ebd4e68314663af,2,furniture_decor
66ae4493fc7c710a8db6d9620901f40d,422879e10f46682990de24d770e7f83d,3,garden_tools
66ae4493fc7c710a8db6d9620901f40d,53b36df67ebb7c41585e8d54d6772e08,4,watches_gifts
66ae4493fc7c710a8db6d9620901f40d,389d119b48cf3043d311335e499d9c6b,5,garden_tools
66ae4493fc7c710a8db6d9620901f40d,d1c427060a0f73f6b889a5c7c61f2ac4,6,computers_accessories
66ae4493fc7c710a8db6d9620901f40d,368c6c730842d78016ad823897a372db,7,garden_tools
66ae4493fc7c710a8db6d9620901f40d,53759a2ecddad2bb87a079a1f1519f73,8,garden_tools
66ae4493fc7c710a8db6d9620901f40d,154e7e31ebfa092203795c972e5804a6,9,health_beauty
66ae4493fc7c710a8db6d9620901f40d,2b4609f8948be18874494203496bc318,10,health_beauty
66e56177b9bf464a930e57edc3694403,b694e2087c446e6905b08cd9360cfe45,1,bed_bath_table
66e56177b9bf464a930e57edc3694403,99a4788cb24856965c36a24e339b6058,2,bed_bath_table
66e56177b9bf464a930e57edc3694403,f2e53dd1670f3c376518263b3f71424d,3,bed_bath_table
66e56177b9bf464a930e57edc3694403,635041fb8431d6de8a42741bab6caa9f,4,bed_bath_table
66e56177b9bf464a930e57edc3694403,1ce5b88456351c3b986532265a56d223,5,bed_bath_table
66e56177b9bf464a930e57edc3694403,cf54cbfe4e33bc8f7b34a65da576497c,6,bed_bath_table
66e56177b9bf464a930e57edc3694403,996ae0a67e63b78b427a1f8d07543e86,7,bed_bath_table
66e56177b9bf464a930e57edc3694403,056d012d264624accb7f73d31caee034,8,bed_bath_table
66e56177b9bf464a930e57edc3694403,50e1b118f266b655f613f753914c42db,9,bed_bath_table
66e56177b9bf464a930e57edc3694403,c403e106353e1aa40efe783ecb39ed7a,10,bed_bath_table
674e552503d21cd547fdd0de0bfb9be2,99a4788cb24856965c36a24e339b6058,1,bed_bath_table
674e552503d21cd547fdd0de0bfb9be2,aca2eb7d00ea1a7b8ebd4e68314663af,2,furniture_decor
674e552503d21cd547fdd0de0bfb9be2,422879e10f46682990de24d770e7f83d,3,garden_tools
674e552503d21cd547fdd0de0bfb9be2,53b36df67ebb7c41585e8d54d6772e08,4,watches_gifts
674e552503d21cd547fdd0de0bfb9be2,389d119b48cf3043d311335e499d9c6b,5,garden_tools
674e552503d21cd547fdd0de0bfb9be2,d1c427060a0f73f6b889a5c7c61f2ac4,6,computers_accessories
674e552503d21cd547fdd0de0bfb9be2,368c6c730842d78016ad823897a372db,7,garden_tools
674e552503d21cd547fdd0de0bfb9be2,53759a2ecddad2bb87a079a1f1519f73,8,garden_tools
674e552503d21cd547fdd0de0bfb9be2,154e7e31ebfa092203795c972e5804a6,9,health_beauty
674e552503d21cd547fdd0de0bfb9be2,2b4609f8948be18874494203496bc318,10,health_beauty
67bddde1844b238fe25995cde1612b4e,53759a2ecddad2bb87a079a1f1519f73,1,garden_tools
67bddde1844b238fe25995cde1612b4e,0bcc3eeca39e1064258aa1e932269894,2,garden_tools
67bddde1844b238fe25995cde1612b4e,389d119b48cf3043d311335e499d9c6b,3,garden_tools
67bddde1844b238fe25995cde1612b4e,b0961721fd839e9982420e807758a2a6,4,garden_tools
67bddde1844b238fe25995cde1612b4e,96f8ecb5e5705b3b726d7e3022622575,5,furniture_decor
67bddde1844b238fe25995cde1612b4e,ea413ac4e120d19ac3473fb659db1c9a,6,furniture_decor
67bddde1844b238fe25995cde1612b4e,27c0cea4dc76549f5bd124d9cad0ae3b,7,baby
67bddde1844b238fe25995cde1612b4e,be0a8cb3c50011daec32f4d8ecdccb28,8,furniture_decor
67bddde1844b238fe25995cde1612b4e,8273821fd2a32fbbc77ad8b743b2a1b9,9,housewares
67bddde1844b238fe25995cde1612b4e,422879e10f46682990de24d770e7f83d,10,garden_tools
6832ad9ac97f82c7c5d614fb8e632e7b,99a4788cb24856965c36a24e339b6058,1,bed_bath_table
6832ad9ac97f82c7c5d614fb8e632e7b,aca2eb7d00ea1a7b8ebd4e68314663af,2,furniture_decor
6832ad9ac97f82c7c5d614fb8e632e7b,422879e10f46682990de24d770e7f83d,3,garden_tools
6832ad9ac97f82c7c5d614fb8e632e7b,53b36df67ebb7c41585e8d54d6772e08,4,watches_gifts
6832ad9ac97f82c7c5d614fb8e632e7b,389d119b48cf3043d311335e499d9c6b,5,garden_tools
6832ad9ac97f82c7c5d614fb8e632e7b,d1c427060a0f73f6b889a5c7c61f2ac4,6,computers_accessories
6832ad9ac97f82c7c5d614fb8e632e7b,368c6c730842d78016ad823897a372db,7,garden_tools
6832ad9ac97f82c7c5d614fb8e632e7b,53759a2ecddad2bb87a079a1f1519f73,8,garden_tools
6832ad9ac97f82c7c5d614fb8e632e7b,154e7e31ebfa092203795c972e5804a6,9,health_beauty
6832ad9ac97f82c7c5d614fb8e632e7b,2b4609f8948be18874494203496bc318,10,health_beauty
68f412bbb674141ab49ef13b501baf45,aadff88486740e0b0ebe2be6c09476ae,1,health_beauty
696fca7af7f751e1749087433a92c790,c695342500b74ff952db47b541726de1,1,health_beauty
697452ef6f8c549b18ffecd3e0197460,99a4788cb24856965c36a24e339b6058,1,bed_bath_table
697452ef6f8c549b18ffecd3e0197460,aca2eb7d00ea1a7b8ebd4e68314663af,2,furniture_decor
697452ef6f8c549b18ffecd3e0197460,422879e10f46682990de24d770e7f83d,3,garden_tools
697452ef6f8c549b18ffecd3e0197460,53b36df67ebb7c41585e8d54d6772e08,4,watches_gifts
697452ef6f8c549b18ffecd3e0197460,389d119b48cf3043d311335e499d9c6b,5,garden_tools
697452ef6f8c549b18ffecd3e0197460,d1c427060a0f73f6b889a5c7c61f2ac4,6,computers_accessories
697452ef6f8c549b18ffecd3e0197460,368c6c730842d78016ad823897a372db,7,garden_tools
697452ef6f8c549b18ffecd3e0197460,53759a2ecddad2bb87a079a1f1519f73,8,garden_tools
697452ef6f8c549b18ffecd3e0197460,154e7e31ebfa092203795c972e5804a6,9,health_beauty
697452ef6f8c549b18ffecd3e0197460,2b4609f8948be18874494203496bc318,10,health_beauty
6a6a7141119ceaeca4dfbae7a580a515,99a4788cb24856965c36a24e339b6058,1,bed_bath_table
6a6a7141119ceaeca4dfbae7a580a515,aca2eb7d00ea1a7b8ebd4e68314663af,2,furniture_decor
6a6a7141119ceaeca4dfbae7a580a515,422879e10f46682990de24d770e7f83d,3,garden_tools
6a6a7141119ceaeca4dfbae7a580a515,53b36df67ebb7c41585e8d54d6772e08,4,watches_gifts
6a6a7141119ceaeca4dfbae7a580a515,389d119b48cf3043d311335e499d9c6b,5,garden_tools
6a6a7141119ceaeca4dfbae7a580a515,d1c427060a0f73f6b889a5c7c61f2ac4,6,computers_accessories
6a6a7141119ceaeca4dfbae7a580a515,368c6c730842d78016ad823897a372db,7,garden_tools
6a6a7141119ceaeca4dfbae7a580a515,53759a2ecddad2bb87a079a1f1519f73,8,garden_tools
6a6a7141119ceaeca4dfbae7a580a515,154e7e31ebfa092203795c972e5804a6,9,health_beauty
6a6a7141119ceaeca4dfbae7a580a515,2b4609f8948be18874494203496bc318,10,health_beauty
6c5524784076044070d9fe6cf151912d,9e0e152552a1323f7e5dcf63d50cdae3,1,perfumery
6cea4abf8f997010abe48d8b4ef9c5f2,99a4788cb24856965c36a24e339b6058,1,bed_bath_table
6cea4abf8f997010abe48d8b4ef9c5f2,aca2eb7d00ea1a7b8ebd4e68314663af,2,furniture_decor
6cea4abf8f997010abe48d8b4ef9c5f2,422879e10f46682990de24d770e7f83d,3,garden_tools
6cea4abf8f997010abe48d8b4ef9c5f2,53b36df67ebb7c41585e8d54d6772e08,4,watches_gifts
6cea4abf8f997010abe48d8b4ef9c5f2,389d119b48cf3043d311335e499d9c6b,5,garden_tools
6cea4abf8f997010abe48d8b4ef9c5f2,d1c427060a0f73f6b889a5c7c61f2ac4,6,computers_accessories
6cea4abf8f997010abe48d8b4ef9c5f2,368c6c730842d78016ad823897a372db,7,garden_tools
6cea4abf8f997010abe48d8b4ef9c5f2,53759a2ecddad2bb87a079a1f1519f73,8,garden_tools
6cea4abf8f997010abe48d8b4ef9c5f2,154e7e31ebfa092203795c972e5804a6,9,health_beauty
6cea4abf8f997010abe48d8b4ef9c5f2,2b4609f8948be18874494203496bc318,10,health_beauty
6dcf48fcc0c4d96dd7af8a0897ae9de8,99a4788cb24856965c36a24e339b6058,1,bed_bath_table
6dcf48fcc0c4d96dd7af8a0897ae9de8,aca2eb7d00ea1a7b8ebd4e68314663af,2,furniture_decor
6dcf48fcc0c4d96dd7af8a0897ae9de8,422879e10f46682990de24d770e7f83d,3,garden_tools
6dcf48fcc0c4d96dd7af8a0897ae9de8,53b36df67ebb7c41585e8d54d6772e08,4,watches_gifts
6dcf48fcc0c4d96dd7af8a0897ae9de8,389d119b48cf3043d311335e499d9c6b,5,garden_tools
6dcf48fcc0c4d96dd7af8a0897ae9de8,d1c427060a0f73f6b889a5c7c61f2ac4,6,computers_accessories
6dcf48fcc0c4d96dd7af8a0897ae9de8,368c6c730842d78016ad823897a372db,7,garden_tools
6dcf48fcc0c4d96dd7af8a0897ae9de8,53759a2ecddad2bb87a079a1f1519f73,8,garden_tools
6dcf48fcc0c4d96dd7af8a0897ae9de8,154e7e31ebfa092203795c972e5804a6,9,health_beauty
6dcf48fcc0c4d96dd7af8a0897ae9de8,2b4609f8948be18874494203496bc318,10,health_beauty
6e08abf5cfb67eeea9e48463da288788,99a4788cb24856965c36a24e339b6058,1,bed_bath_table
6e08abf5cfb67eeea9e48463da288788,aca2eb7d00ea1a7b8ebd4e68314663af,2,furniture_decor
6e08abf5cfb67eeea9e48463da288788,422879e10f46682990de24d770e7f83d,3,garden_tools
6e08abf5cfb67eeea9e48463da288788,53b36df67ebb7c41585e8d54d6772e08,4,watches_gifts
6e08abf5cfb67eeea9e48463da288788,389d119b48cf3043d311335e499d9c6b,5,garden_tools
6e08abf5cfb67eeea9e48463da288788,d1c427060a0f73f6b889a5c7c61f2ac4,6,computers_accessories
6e08abf5cfb67eeea9e48463da288788,368c6c730842d78016ad823897a372db,7,garden_tools
6e08abf5cfb67eeea9e48463da288788,53759a2ecddad2bb87a079a1f1519f73,8,garden_tools
6e08abf5cfb67eeea9e48463da288788,154e7e31ebfa092203795c972e5804a6,9,health_beauty
6e08abf5cfb67eeea9e48463da288788,2b4609f8948be18874494203496bc318,10,health_beauty
6edeeed37ddd3dee7559f358b023ef9b,99a4788cb24856965c36a24e339b6058,1,bed_bath_table
6edeeed37ddd3dee7559f358b023ef9b,aca2eb7d00ea1a7b8ebd4e68314663af,2,furniture_decor
6edeeed37ddd3dee7559f358b023ef9b,422879e10f46682990de24d770e7f83d,3,garden_tools
6edeeed37ddd3dee7559f358b023ef9b,53b36df67ebb7c41585e8d54d6772e08,4,watches_gifts
6edeeed37ddd3dee7559f358b023ef9b,389d119b48cf3043d311335e499d9c6b,5,garden_tools
6edeeed37ddd3dee7559f358b023ef9b,d1c427060a0f73f6b889a5c7c61f2ac4,6,computers_accessories
6edeeed37ddd3dee7559f358b023ef9b,368c6c730842d78016ad823897a372db,7,garden_tools
6edeeed37ddd3dee7559f358b023ef9b,53759a2ecddad2bb87a079a1f1519f73,8,garden_tools
6edeeed37ddd3dee7559f358b023ef9b,154e7e31ebfa092203795c972e5804a6,9,health_beauty
6edeeed37ddd3dee7559f358b023ef9b,2b4609f8948be18874494203496bc318,10,health_beauty
6f1b9f60ea8ee748140353648c2d8d8f,99a4788cb24856965c36a24e339b6058,1,bed_bath_table
6f1b9f60ea8ee748140353648c2d8d8f,aca2eb7d00ea1a7b8ebd4e68314663af,2,furniture_decor
6f1b9f60ea8ee748140353648c2d8d8f,422879e10f46682990de24d770e7f83d,3,garden_tools
6f1b9f60ea8ee748140353648c2d8d8f,53b36df67ebb7c41585e8d54d6772e08,4,watches_gifts
6f1b9f60ea8ee748140353648c2d8d8f,389d119b48cf3043d311335e499d9c6b,5,garden_tools
6f1b9f60ea8ee748140353648c2d8d8f,d1c427060a0f73f6b889a5c7c61f2ac4,6,computers_accessories
6f1b9f60ea8ee748140353648c2d8d8f,368c6c730842d78016ad823897a372db,7,garden_tools
6f1b9f60ea8ee748140353648c2d8d8f,53759a2ecddad2bb87a079a1f1519f73,8,garden_tools
6f1b9f60ea8ee748140353648c2d8d8f,154e7e31ebfa092203795c972e5804a6,9,health_beauty
6f1b9f60ea8ee748140353648c2d8d8f,2b4609f8948be18874494203496bc318,10,health_beauty
6f5c52ea47e32b73958b0ac0f3c34e88,2bd57c183094130d215a333ea80c8b62,1,drinks
6f8e7d40046694539c87b98cb5096a28,99a4788cb24856965c36a24e339b6058,1,bed_bath_table
6f8e7d40046694539c87b98cb5096a28,aca2eb7d00ea1a7b8ebd4e68314663af,2,furniture_decor
6f8e7d40046694539c87b98cb5096a28,422879e10f46682990de24d770e7f83d,3,garden_tools
6f8e7d40046694539c87b98cb5096a28,53b36df67ebb7c41585e8d54d6772e08,4,watches_gifts
6f8e7d40046694539c87b98cb5096a28,389d119b48cf3043d311335e499d9c6b,5,garden_tools
6f8e7d40046694539c87b98cb5096a28,d1c427060a0f73f6b889a5c7c61f2ac4,6,computers_accessories
6f8e7d40046694539c87b98cb5096a28,368c6c730842d78016ad823897a372db,7,garden_tools
6f8e7d40046694539c87b98cb5096a28,53759a2ecddad2bb87a079a1f1519f73,8,garden_tools
6f8e7d40046694539c87b98cb5096a28,154e7e31ebfa092203795c972e5804a6,9,health_beauty
6f8e7d40046694539c87b98cb5096a28,2b4609f8948be18874494203496bc318,10,health_beauty
6fe09f77ec8e29ed4e619c6841f6479b,3225c54bb2785c33f49f50398fcdb88c,1,watches_gifts
719b416ebeb9f51638f343c4cc19f742,99a4788cb24856965c36a24e339b6058,1,bed_bath_table
719b416ebeb9f51638f343c4cc19f742,aca2eb7d00ea1a7b8ebd4e68314663af,2,furniture_decor
719b416ebeb9f51638f343c4cc19f742,422879e10f46682990de24d770e7f83d,3,garden_tools
719b416ebeb9f51638f343c4cc19f742,53b36df67ebb7c41585e8d54d6772e08,4,watches_gifts
719b416ebeb9f51638f343c4cc19f742,389d119b48cf3043d311335e499d9c6b,5,garden_tools
719b416ebeb9f51638f343c4cc19f742,d1c427060a0f73f6b889a5c7c61f2ac4,6,computers_accessories
719b416ebeb9f51638f343c4cc19f742,368c6c730842d78016ad823897a372db,7,garden_tools
719b416ebeb9f51638f343c4cc19f742,53759a2ecddad2bb87a079a1f1519f73,8,garden_tools
719b416ebeb9f51638f343c4cc19f742,154e7e31ebfa092203795c972e5804a6,9,health_beauty
719b416ebeb9f51638f343c4cc19f742,2b4609f8948be18874494203496bc318,10,health_beauty
719f18245d86356b20dbfc6ebff6498d,99a4788cb24856965c36a24e339b6058,1,bed_bath_table
719f18245d86356b20dbfc6ebff6498d,aca2eb7d00ea1a7b8ebd4e68314663af,2,furniture_decor
719f18245d86356b20dbfc6ebff6498d,422879e10f46682990de24d770e7f83d,3,garden_tools
719f18245d86356b20dbfc6ebff6498d,53b36df67ebb7c41585e8d54d6772e08,4,watches_gifts
719f18245d86356b20dbfc6ebff6498d,389d119b48cf3043d311335e499d9c6b,5,garden_tools
719f18245d86356b20dbfc6ebff6498d,d1c427060a0f73f6b889a5c7c61f2ac4,6,computers_accessories
719f18245d86356b20dbfc6ebff6498d,368c6c730842d78016ad823897a372db,7,garden_tools
719f18245d86356b20dbfc6ebff6498d,53759a2ecddad2bb87a079a1f1519f73,8,garden_tools
719f18245d86356b20dbfc6ebff6498d,154e7e31ebfa092203795c972e5804a6,9,health_beauty
719f18245d86356b20dbfc6ebff6498d,2b4609f8948be18874494203496bc318,10,health_beauty
71a92fd3087501bcfba6e6e1ef7e8fd7,99a4788cb24856965c36a24e339b6058,1,bed_bath_table
71a92fd3087501bcfba6e6e1ef7e8fd7,aca2eb7d00ea1a7b8ebd4e68314663af,2,furniture_decor
71a92fd3087501bcfba6e6e1ef7e8fd7,422879e10f46682990de24d770e7f83d,3,garden_tools
71a92fd3087501bcfba6e6e1ef7e8fd7,53b36df67ebb7c41585e8d54d6772e08,4,watches_gifts
71a92fd3087501bcfba6e6e1ef7e8fd7,389d119b48cf3043d311335e499d9c6b,5,garden_tools
71a92fd3087501bcfba6e6e1ef7e8fd7,d1c427060a0f73f6b889a5c7c61f2ac4,6,computers_accessories
71a92fd3087501bcfba6e6e1ef7e8fd7,368c6c730842d78016ad823897a372db,7,garden_tools
71a92fd3087501bcfba6e6e1ef7e8fd7,53759a2ecddad2bb87a079a1f1519f73,8,garden_tools
71a92fd3087501bcfba6e6e1ef7e8fd7,154e7e31ebfa092203795c972e5804a6,9,health_beauty
71a92fd3087501bcfba6e6e1ef7e8fd7,2b4609f8948be18874494203496bc318,10,health_beauty
723bb8aa118da56cd7644aa593d197f9,99a4788cb24856965c36a24e339b6058,1,bed_bath_table
723bb8aa118da56cd7644aa593d197f9,aca2eb7d00ea1a7b8ebd4e68314663af,2,furniture_decor
723bb8aa118da56cd7644aa593d197f9,422879e10f46682990de24d770e7f83d,3,garden_tools
723bb8aa118da56cd7644aa593d197f9,53b36df67ebb7c41585e8d54d6772e08,4,watches_gifts
723bb8aa118da56cd7644aa593d197f9,389d119b48cf3043d311335e499d9c6b,5,garden_tools
723bb8aa118da56cd7644aa593d197f9,d1c427060a0f73f6b889a5c7c61f2ac4,6,computers_accessories
723bb8aa118da56cd7644aa593d197f9,368c6c730842d78016ad823897a372db,7,garden_tools
723bb8aa118da56cd7644aa593d197f9,53759a2ecddad2bb87a079a1f1519f73,8,garden_tools
723bb8aa118da56cd7644aa593d197f9,154e7e31ebfa092203795c972e5804a6,9,health_beauty
723bb8aa118da56cd7644aa593d197f9,2b4609f8948be18874494203496bc318,10,health_beauty
72421b30e46c895e99e8560a48a33fb6,99a4788cb24856965c36a24e339b6058,1,bed_bath_table
72421b30e46c895e99e8560a48a33fb6,aca2eb7d00ea1a7b8ebd4e68314663af,2,furniture_decor
72421b30e46c895e99e8560a48a33fb6,422879e10f46682990de24d770e7f83d,3,garden_tools
72421b30e46c895e99e8560a48a33fb6,53b36df67ebb7c41585e8d54d6772e08,4,watches_gifts
72421b30e46c895e99e8560a48a33fb6,389d119b48cf3043d311335e499d9c6b,5,garden_tools
72421b30e46c895e99e8560a48a33fb6,d1c427060a0f73f6b889a5c7c61f2ac4,6,computers_accessories
72421b30e46c895e99e8560a48a33fb6,368c6c730842d78016ad823897a372db,7,garden_tools
72421b30e46c895e99e8560a48a33fb6,53759a2ecddad2bb87a079a1f1519f73,8,garden_tools
72421b30e46c895e99e8560a48a33fb6,154e7e31ebfa092203795c972e5804a6,9,health_beauty
72421b30e46c895e99e8560a48a33fb6,2b4609f8948be18874494203496bc318,10,health_beauty
728a151b4593fb7ae0787158df28752a,99a4788cb24856965c36a24e339b6058,1,bed_bath_table
728a151b4593fb7ae0787158df28752a,aca2eb7d00ea1a7b8ebd4e68314663af,2,furniture_decor
728a151b4593fb7ae0787158df28752a,422879e10f46682990de24d770e7f83d,3,garden_tools
728a151b4593fb7ae0787158df28752a,53b36df67ebb7c41585e8d54d6772e08,4,watches_gifts
728a151b4593fb7ae0787158df28752a,389d119b48cf3043d311335e499d9c6b,5,garden_tools
728a151b4593fb7ae0787158df28752a,d1c427060a0f73f6b889a5c7c61f2ac4,6,computers_accessories
728a151b4593fb7ae0787158df28752a,368c6c730842d78016ad823897a372db,7,garden_tools
728a151b4593fb7ae0787158df28752a,53759a2ecddad2bb87a079a1f1519f73,8,garden_tools
728a151b4593fb7ae0787158df28752a,154e7e31ebfa092203795c972e5804a6,9,health_beauty
728a151b4593fb7ae0787158df28752a,2b4609f8948be18874494203496bc318,10,health_beauty
72eb961337993c4c089cb9135b86de90,99a4788cb24856965c36a24e339b6058,1,bed_bath_table
72eb961337993c4c089cb9135b86de90,aca2eb7d00ea1a7b8ebd4e68314663af,2,furniture_decor
72eb961337993c4c089cb9135b86de90,422879e10f46682990de24d770e7f83d,3,garden_tools
72eb961337993c4c089cb9135b86de90,53b36df67ebb7c41585e8d54d6772e08,4,watches_gifts
72eb961337993c4c089cb9135b86de90,389d119b48cf3043d311335e499d9c6b,5,garden_tools
72eb961337993c4c089cb9135b86de90,d1c427060a0f73f6b889a5c7c61f2ac4,6,computers_accessories
72eb961337993c4c089cb9135b86de90,368c6c730842d78016ad823897a372db,7,garden_tools
72eb961337993c4c089cb9135b86de90,53759a2ecddad2bb87a079a1f1519f73,8,garden_tools
72eb961337993c4c089cb9135b86de90,154e7e31ebfa092203795c972e5804a6,9,health_beauty
72eb961337993c4c089cb9135b86de90,2b4609f8948be18874494203496bc318,10,health_beauty
7305430719d715992b00be82af4a6aa8,adc48fd26eea311ca6856b58dfc3ca21,1,housewares
7305430719d715992b00be82af4a6aa8,8aa87bc5f3053b4df2b05a2d3059790b,2,bed_bath_table
7305430719d715992b00be82af4a6aa8,33489f0140308d65c48a7659b05bdba1,3,housewares
7305430719d715992b00be82af4a6aa8,94f584e1a1158e97314c59b190dfb899,4,home_confort
7305430719d715992b00be82af4a6aa8,ec2d43cc59763ec91694573b31f1c29a,5,bed_bath_table
738ffcf1017b584e9d2684b36e07469c,99a4788cb24856965c36a24e339b6058,1,bed_bath_table
738ffcf1017b584e9d2684b36e07469c,aca2eb7d00ea1a7b8ebd4e68314663af,2,furniture_decor
738ffcf1017b584e9d2684b36e07469c,422879e10f46682990de24d770e7f83d,3,garden_tools
738ffcf1017b584e9d2684b36e07469c,53b36df67ebb7c41585e8d54d6772e08,4,watches_gifts
738ffcf1017b584e9d2684b36e07469c,389d119b48cf3043d311335e499d9c6b,5,garden_tools
738ffcf1017b584e9d2684b36e07469c,d1c427060a0f73f6b889a5c7c61f2ac4,6,computers_accessories
738ffcf1017b584e9d2684b36e07469c,368c6c730842d78016ad823897a372db,7,garden_tools
738ffcf1017b584e9d2684b36e07469c,53759a2ecddad2bb87a079a1f1519f73,8,garden_tools
738ffcf1017b584e9d2684b36e07469c,154e7e31ebfa092203795c972e5804a6,9,health_beauty
738ffcf1017b584e9d2684b36e07469c,2b4609f8948be18874494203496bc318,10,health_beauty
73f97c6a5af65a71194cc2265ae82501,99a4788cb24856965c36a24e339b6058,1,bed_bath_table
73f97c6a5af65a71194cc2265ae82501,aca2eb7d00ea1a7b8ebd4e68314663af,2,furniture_decor
73f97c6a5af65a71194cc2265ae82501,422879e10f46682990de24d770e7f83d,3,garden_tools
73f97c6a5af65a71194cc2265ae82501,53b36df67ebb7c41585e8d54d6772e08,4,watches_gifts
73f97c6a5af65a71194cc2265ae82501,389d119b48cf3043d311335e499d9c6b,5,garden_tools
73f97c6a5af65a71194cc2265ae82501,d1c427060a0f73f6b889a5c7c61f2ac4,6,computers_accessories
73f97c6a5af65a71194cc2265ae82501,368c6c730842d78016ad823897a372db,7,garden_tools
73f97c6a5af65a71194cc2265ae82501,53759a2ecddad2bb87a079a1f1519f73,8,garden_tools
73f97c6a5af65a71194cc2265ae82501,154e7e31ebfa092203795c972e5804a6,9,health_beauty
73f97c6a5af65a71194cc2265ae82501,2b4609f8948be18874494203496bc318,10,health_beauty
74fe4e106702770ef728399ce5da503a,99a4788cb24856965c36a24e339b6058,1,bed_bath_table
74fe4e106702770ef728399ce5da503a,aca2eb7d00ea1a7b8ebd4e68314663af,2,furniture_decor
74fe4e106702770ef728399ce5da503a,422879e10f46682990de24d770e7f83d,3,garden_tools
74fe4e106702770ef728399ce5da503a,53b36df67ebb7c41585e8d54d6772e08,4,watches_gifts
74fe4e106702770ef728399ce5da503a,389d119b48cf3043d311335e499d9c6b,5,garden_tools
74fe4e106702770ef728399ce5da503a,d1c427060a0f73f6b889a5c7c61f2ac4,6,computers_accessories
74fe4e106702770ef728399ce5da503a,368c6c730842d78016ad823897a372db,7,garden_tools
74fe4e106702770ef728399ce5da503a,53759a2ecddad2bb87a079a1f1519f73,8,garden_tools
74fe4e106702770ef728399ce5da503a,154e7e31ebfa092203795c972e5804a6,9,health_beauty
74fe4e106702770ef728399ce5da503a,2b4609f8948be18874494203496bc318,10,health_beauty
7589544c08cc5de364cad85ee73f4b63,8b41e0e27cc6de15e59de3853fcf51ce,1,furniture_decor
7599dea7f7520c8c37351721ad6870de,99a4788cb24856965c36a24e339b6058,1,bed_bath_table
7599dea7f7520c8c37351721ad6870de,aca2eb7d00ea1a7b8ebd4e68314663af,2,furniture_decor
7599dea7f7520c8c37351721ad6870de,422879e10f46682990de24d770e7f83d,3,garden_tools
7599dea7f7520c8c37351721ad6870de,53b36df67ebb7c41585e8d54d6772e08,4,watches_gifts
7599dea7f7520c8c37351721ad6870de,389d119b48cf3043d311335e499d9c6b,5,garden_tools
7599dea7f7520c8c37351721ad6870de,d1c427060a0f73f6b889a5c7c61f2ac4,6,computers_accessories
7599dea7f7520c8c37351721ad6870de,368c6c730842d78016ad823897a372db,7,garden_tools
7599dea7f7520c8c37351721ad6870de,53759a2ecddad2bb87a079a1f1519f73,8,garden_tools
7599dea7f7520c8c37351721ad6870de,154e7e31ebfa092203795c972e5804a6,9,health_beauty
7599dea7f7520c8c37351721ad6870de,2b4609f8948be18874494203496bc318,10,health_beauty
75eacb17f5ef482c37c7b7903f014ece,f2e9bb932d99a4a695ebde162fcefc35,1,furniture_decor
75eacb17f5ef482c37c7b7903f014ece,f08b29913c73e394bc8477b1e69f7762,2,furniture_decor
75eacb17f5ef482c37c7b7903f014ece,81b6c7c058add831803fcbba6dcc1df2,3,bed_bath_table
75eacb17f5ef482c37c7b7903f014ece,a00d11a2119bd70d658fc7cdcf1f59d3,4,furniture_decor
75eacb17f5ef482c37c7b7903f014ece,4fe644d766c7566dbc46fb851363cb3b,5,art
76c9a12722537319e44c31e70b7815c3,99a4788cb24856965c36a24e339b6058,1,bed_bath_table
76c9a12722537319e44c31e70b7815c3,aca2eb7d00ea1a7b8ebd4e68314663af,2,furniture_decor
76c9a12722537319e44c31e70b7815c3,422879e10f46682990de24d770e7f83d,3,garden_tools
76c9a12722537319e44c31e70b7815c3,53b36df67ebb7c41585e8d54d6772e08,4,watches_gifts
76c9a12722537319e44c31e70b7815c3,389d119b48cf3043d311335e499d9c6b,5,garden_tools
76c9a12722537319e44c31e70b7815c3,d1c427060a0f73f6b889a5c7c61f2ac4,6,computers_accessories
76c9a12722537319e44c31e70b7815c3,368c6c730842d78016ad823897a372db,7,garden_tools
76c9a12722537319e44c31e70b7815c3,53759a2ecddad2bb87a079a1f1519f73,8,garden_tools
76c9a12722537319e44c31e70b7815c3,154e7e31ebfa092203795c972e5804a6,9,health_beauty
76c9a12722537319e44c31e70b7815c3,2b4609f8948be18874494203496bc318,10,health_beauty
77784ec016bfbcc51d2394d1632f0d3d,99a4788cb24856965c36a24e339b6058,1,bed_bath_table
77784ec016bfbcc51d2394d1632f0d3d,aca2eb7d00ea1a7b8ebd4e68314663af,2,furniture_decor
77784ec016bfbcc51d2394d1632f0d3d,422879e10f46682990de24d770e7f83d,3,garden_tools
77784ec016bfbcc51d2394d1632f0d3d,53b36df67ebb7c41585e8d54d6772e08,4,watches_gifts
77784ec016bfbcc51d2394d1632f0d3d,389d119b48cf3043d311335e499d9c6b,5,garden_tools
77784ec016bfbcc51d2394d1632f0d3d,d1c427060a0f73f6b889a5c7c61f2ac4,6,computers_accessories
77784ec016bfbcc51d2394d1632f0d3d,368c6c730842d78016ad823897a372db,7,garden_tools
77784ec016bfbcc51d2394d1632f0d3d,53759a2ecddad2bb87a079a1f1519f73,8,garden_tools
77784ec016bfbcc51d2394d1632f0d3d,154e7e31ebfa092203795c972e5804a6,9,health_beauty
77784ec016bfbcc51d2394d1632f0d3d,2b4609f8948be18874494203496bc318,10,health_beauty
779f7ec7155dfd74a8425e40c4d34497,53b36df67ebb7c41585e8d54d6772e08,1,watches_gifts
7849336c1b7785f258ffef06aedbd216,99a4788cb24856965c36a24e339b6058,1,bed_bath_table
7849336c1b7785f258ffef06aedbd216,aca2eb7d00ea1a7b8ebd4e68314663af,2,furniture_decor
7849336c1b7785f258ffef06aedbd216,422879e10f46682990de24d770e7f83d,3,garden_tools
7849336c1b7785f258ffef06aedbd216,53b36df67ebb7c41585e8d54d6772e08,4,watches_gifts
7849336c1b7785f258ffef06aedbd216,389d119b48cf3043d311335e499d9c6b,5,garden_tools
7849336c1b7785f258ffef06aedbd216,d1c427060a0f73f6b889a5c7c61f2ac4,6,computers_accessories
7849336c1b7785f258ffef06aedbd216,368c6c730842d78016ad823897a372db,7,garden_tools
7849336c1b7785f258ffef06aedbd216,53759a2ecddad2bb87a079a1f1519f73,8,garden_tools
7849336c1b7785f258ffef06aedbd216,154e7e31ebfa092203795c972e5804a6,9,health_beauty
7849336c1b7785f258ffef06aedbd216,2b4609f8948be18874494203496bc318,10,health_beauty
78d79858662c99b94b69547d9f80e061,99a4788cb24856965c36a24e339b6058,1,bed_bath_table
78d79858662c99b94b69547d9f80e061,aca2eb7d00ea1a7b8ebd4e68314663af,2,furniture_decor
78d79858662c99b94b69547d9f80e061,422879e10f46682990de24d770e7f83d,3,garden_tools
78d79858662c99b94b69547d9f80e061,53b36df67ebb7c41585e8d54d6772e08,4,watches_gifts
78d79858662c99b94b69547d9f80e061,389d119b48cf3043d311335e499d9c6b,5,garden_tools
78d79858662c99b94b69547d9f80e061,d1c427060a0f73f6b889a5c7c61f2ac4,6,computers_accessories
78d79858662c99b94b69547d9f80e061,368c6c730842d78016ad823897a372db,7,garden_tools
78d79858662c99b94b69547d9f80e061,53759a2ecddad2bb87a079a1f1519f73,8,garden_tools
78d79858662c99b94b69547d9f80e061,154e7e31ebfa092203795c972e5804a6,9,health_beauty
78d79858662c99b94b69547d9f80e061,2b4609f8948be18874494203496bc318,10,health_beauty
795c1622cf7a53d63d324e862349d01c,99a4788cb24856965c36a24e339b6058,1,bed_bath_table
795c1622cf7a53d63d324e862349d01c,aca2eb7d00ea1a7b8ebd4e68314663af,2,furniture_decor
795c1622cf7a53d63d324e862349d01c,422879e10f46682990de24d770e7f83d,3,garden_tools
795c1622cf7a53d63d324e862349d01c,53b36df67ebb7c41585e8d54d6772e08,4,watches_gifts
795c1622cf7a53d63d324e862349d01c,389d119b48cf3043d311335e499d9c6b,5,garden_tools
795c1622cf7a53d63d324e862349d01c,d1c427060a0f73f6b889a5c7c61f2ac4,6,computers_accessories
795c1622cf7a53d63d324e862349d01c,368c6c730842d78016ad823897a372db,7,garden_tools
795c1622cf7a53d63d324e862349d01c,53759a2ecddad2bb87a079a1f1519f73,8,garden_tools
795c1622cf7a53d63d324e862349d01c,154e7e31ebfa092203795c972e5804a6,9,health_beauty
795c1622cf7a53d63d324e862349d01c,2b4609f8948be18874494203496bc318,10,health_beauty
796214f3f3b496b3b116986185984393,99a4788cb24856965c36a24e339b6058,1,bed_bath_table
796214f3f3b496b3b116986185984393,aca2eb7d00ea1a7b8ebd4e68314663af,2,furniture_decor
796214f3f3b496b3b116986185984393,422879e10f46682990de24d770e7f83d,3,garden_tools
796214f3f3b496b3b116986185984393,53b36df67ebb7c41585e8d54d6772e08,4,watches_gifts
796214f3f3b496b3b116986185984393,389d119b48cf3043d311335e499d9c6b,5,garden_tools
796214f3f3b496b3b116986185984393,d1c427060a0f73f6b889a5c7c61f2ac4,6,computers_accessories
796214f3f3b496b3b116986185984393,368c6c730842d78016ad823897a372db,7,garden_tools
796214f3f3b496b3b116986185984393,53759a2ecddad2bb87a079a1f1519f73,8,garden_tools
796214f3f3b496b3b116986185984393,154e7e31ebfa092203795c972e5804a6,9,health_beauty
796214f3f3b496b3b116986185984393,2b4609f8948be18874494203496bc318,10,health_beauty
7993617f039446d209d529ac9cc03f1c,99a4788cb24856965c36a24e339b6058,1,bed_bath_table
7993617f039446d209d529ac9cc03f1c,aca2eb7d00ea1a7b8ebd4e68314663af,2,furniture_decor
7993617f039446d209d529ac9cc03f1c,422879e10f46682990de24d770e7f83d,3,garden_tools
7993617f039446d209d529ac9cc03f1c,53b36df67ebb7c41585e8d54d6772e08,4,watches_gifts
7993617f039446d209d529ac9cc03f1c,389d119b48cf3043d311335e499d9c6b,5,garden_tools
7993617f039446d209d529ac9cc03f1c,d1c427060a0f73f6b889a5c7c61f2ac4,6,computers_accessories
7993617f039446d209d529ac9cc03f1c,368c6c730842d78016ad823897a372db,7,garden_tools
7993617f039446d209d529ac9cc03f1c,53759a2ecddad2bb87a079a1f1519f73,8,garden_tools
7993617f039446d209d529ac9cc03f1c,154e7e31ebfa092203795c972e5804a6,9,health_beauty
7993617f039446d209d529ac9cc03f1c,2b4609f8948be18874494203496bc318,10,health_beauty
79ff5d9ba6dc750760a809b0a84d3397,5fc9976b2e864ae065866725645c716e,1,bed_bath_table
7a380cb5434e6b6b5b37d45bb99dbe8a,99a4788cb24856965c36a24e339b6058,1,bed_bath_table
7a380cb5434e6b6b5b37d45bb99dbe8a,aca2eb7d00ea1a7b8ebd4e68314663af,2,furniture_decor
7a380cb5434e6b6b5b37d45bb99dbe8a,422879e10f46682990de24d770e7f83d,3,garden_tools
7a380cb5434e6b6b5b37d45bb99dbe8a,53b36df67ebb7c41585e8d54d6772e08,4,watches_gifts
7a380cb5434e6b6b5b37d45bb99dbe8a,389d119b48cf3043d311335e499d9c6b,5,garden_tools
7a380cb5434e6b6b5b37d45bb99dbe8a,d1c427060a0f73f6b889a5c7c61f2ac4,6,computers_accessories
7a380cb5434e6b6b5b37d45bb99dbe8a,368c6c730842d78016ad823897a372db,7,garden_tools
7a380cb5434e6b6b5b37d45bb99dbe8a,53759a2ecddad2bb87a079a1f1519f73,8,garden_tools
7a380cb5434e6b6b5b37d45bb99dbe8a,154e7e31ebfa092203795c972e5804a6,9,health_beauty
7a380cb5434e6b6b5b37d45bb99dbe8a,2b4609f8948be18874494203496bc318,10,health_beauty
7b05e0471103ce0ef346e87c357273fe,99a4788cb24856965c36a24e339b6058,1,bed_bath_table
7b05e0471103ce0ef346e87c357273fe,aca2eb7d00ea1a7b8ebd4e68314663af,2,furniture_decor
7b05e0471103ce0ef346e87c357273fe,422879e10f46682990de24d770e7f83d,3,garden_tools
7b05e0471103ce0ef346e87c357273fe,53b36df67ebb7c41585e8d54d6772e08,4,watches_gifts
7b05e0471103ce0ef346e87c357273fe,389d119b48cf3043d311335e499d9c6b,5,garden_tools
7b05e0471103ce0ef346e87c357273fe,d1c427060a0f73f6b889a5c7c61f2ac4,6,computers_accessories
7b05e0471103ce0ef346e87c357273fe,368c6c730842d78016ad823897a372db,7,garden_tools
7b05e0471103ce0ef346e87c357273fe,53759a2ecddad2bb87a079a1f1519f73,8,garden_tools
7b05e0471103ce0ef346e87c357273fe,154e7e31ebfa092203795c972e5804a6,9,health_beauty
7b05e0471103ce0ef346e87c357273fe,2b4609f8948be18874494203496bc318,10,health_beauty
7b51437497e9c9b82a08ddb62dfb7b88,99a4788cb24856965c36a24e339b6058,1,bed_bath_table
7b51437497e9c9b82a08ddb62dfb7b88,aca2eb7d00ea1a7b8ebd4e68314663af,2,furniture_decor
7b51437497e9c9b82a08ddb62dfb7b88,422879e10f46682990de24d770e7f83d,3,garden_tools
7b51437497e9c9b82a08ddb62dfb7b88,53b36df67ebb7c41585e8d54d6772e08,4,watches_gifts
7b51437497e9c9b82a08ddb62dfb7b88,389d119b48cf3043d311335e499d9c6b,5,garden_tools
7b51437497e9c9b82a08ddb62dfb7b88,d1c427060a0f73f6b889a5c7c61f2ac4,6,computers_accessories
7b51437497e9c9b82a08ddb62dfb7b88,368c6c730842d78016ad823897a372db,7,garden_tools
7b51437497e9c9b82a08ddb62dfb7b88,53759a2ecddad2bb87a079a1f1519f73,8,garden_tools
7b51437497e9c9b82a08ddb62dfb7b88,154e7e31ebfa092203795c972e5804a6,9,health_beauty
7b51437497e9c9b82a08ddb62dfb7b88,2b4609f8948be18874494203496bc318,10,health_beauty
7c438259d88d8eefb977be5432d761c1,99a4788cb24856965c36a24e339b6058,1,bed_bath_table
7c438259d88d8eefb977be5432d761c1,aca2eb7d00ea1a7b8ebd4e68314663af,2,furniture_decor
7c438259d88d8eefb977be5432d761c1,422879e10f46682990de24d770e7f83d,3,garden_tools
7c438259d88d8eefb977be5432d761c1,53b36df67ebb7c41585e8d54d6772e08,4,watches_gifts
7c438259d88d8eefb977be5432d761c1,389d119b48cf3043d311335e499d9c6b,5,garden_tools
7c438259d88d8eefb977be5432d761c1,d1c427060a0f73f6b889a5c7c61f2ac4,6,computers_accessories
7c438259d88d8eefb977be5432d761c1,368c6c730842d78016ad823897a372db,7,garden_tools
7c438259d88d8eefb977be5432d761c1,53759a2ecddad2bb87a079a1f1519f73,8,garden_tools
7c438259d88d8eefb977be5432d761c1,154e7e31ebfa092203795c972e5804a6,9,health_beauty
7c438259d88d8eefb977be5432d761c1,2b4609f8948be18874494203496bc318,10,health_beauty
7c5198d8a67f7da5930f067766cb468f,99a4788cb24856965c36a24e339b6058,1,bed_bath_table
7c5198d8a67f7da5930f067766cb468f,aca2eb7d00ea1a7b8ebd4e68314663af,2,furniture_decor
7c5198d8a67f7da5930f067766cb468f,422879e10f46682990de24d770e7f83d,3,garden_tools
7c5198d8a67f7da5930f067766cb468f,53b36df67ebb7c41585e8d54d6772e08,4,watches_gifts
7c5198d8a67f7da5930f067766cb468f,389d119b48cf3043d311335e499d9c6b,5,garden_tools
7c5198d8a67f7da5930f067766cb468f,d1c427060a0f73f6b889a5c7c61f2ac4,6,computers_accessories
7c5198d8a67f7da5930f067766cb468f,368c6c730842d78016ad823897a372db,7,garden_tools
7c5198d8a67f7da5930f067766cb468f,53759a2ecddad2bb87a079a1f1519f73,8,garden_tools
7c5198d8a67f7da5930f067766cb468f,154e7e31ebfa092203795c972e5804a6,9,health_beauty
7c5198d8a67f7da5930f067766cb468f,2b4609f8948be18874494203496bc318,10,health_beauty
7c5cd64106c9160122fd28b026cec28b,99a4788cb24856965c36a24e339b6058,1,bed_bath_table
7c5cd64106c9160122fd28b026cec28b,aca2eb7d00ea1a7b8ebd4e68314663af,2,furniture_decor
7c5cd64106c9160122fd28b026cec28b,422879e10f46682990de24d770e7f83d,3,garden_tools
7c5cd64106c9160122fd28b026cec28b,53b36df67ebb7c41585e8d54d6772e08,4,watches_gifts
7c5cd64106c9160122fd28b026cec28b,389d119b48cf3043d311335e499d9c6b,5,garden_tools
7c5cd64106c9160122fd28b026cec28b,d1c427060a0f73f6b889a5c7c61f2ac4,6,computers_accessories
7c5cd64106c9160122fd28b026cec28b,368c6c730842d78016ad823897a372db,7,garden_tools
7c5cd64106c9160122fd28b026cec28b,53759a2ecddad2bb87a079a1f1519f73,8,garden_tools
7c5cd64106c9160122fd28b026cec28b,154e7e31ebfa092203795c972e5804a6,9,health_beauty
7c5cd64106c9160122fd28b026cec28b,2b4609f8948be18874494203496bc318,10,health_beauty
7e094f060802ff5e25bef767446968d3,99a4788cb24856965c36a24e339b6058,1,bed_bath_table
7e094f060802ff5e25bef767446968d3,aca2eb7d00ea1a7b8ebd4e68314663af,2,furniture_decor
7e094f060802ff5e25bef767446968d3,422879e10f46682990de24d770e7f83d,3,garden_tools
7e094f060802ff5e25bef767446968d3,53b36df67ebb7c41585e8d54d6772e08,4,watches_gifts
7e094f060802ff5e25bef767446968d3,389d119b48cf3043d311335e499d9c6b,5,garden_tools
7e094f060802ff5e25bef767446968d3,d1c427060a0f73f6b889a5c7c61f2ac4,6,computers_accessories
7e094f060802ff5e25bef767446968d3,368c6c730842d78016ad823897a372db,7,garden_tools
7e094f060802ff5e25bef767446968d3,53759a2ecddad2bb87a079a1f1519f73,8,garden_tools
7e094f060802ff5e25bef767446968d3,154e7e31ebfa092203795c972e5804a6,9,health_beauty
7e094f060802ff5e25bef767446968d3,2b4609f8948be18874494203496bc318,10,health_beauty
7e4bebe20140a71b34263a659ba1ce11,99a4788cb24856965c36a24e339b6058,1,bed_bath_table
7e4bebe20140a71b34263a659ba1ce11,aca2eb7d00ea1a7b8ebd4e68314663af,2,furniture_decor
7e4bebe20140a71b34263a659ba1ce11,422879e10f46682990de24d770e7f83d,3,garden_tools
7e4bebe20140a71b34263a659ba1ce11,53b36df67ebb7c41585e8d54d6772e08,4,watches_gifts
7e4bebe20140a71b34263a659ba1ce11,389d119b48cf3043d311335e499d9c6b,5,garden_tools
7e4bebe20140a71b34263a659ba1ce11,d1c427060a0f73f6b889a5c7c61f2ac4,6,computers_accessories
7e4bebe20140a71b34263a659ba1ce11,368c6c730842d78016ad823897a372db,7,garden_tools
7e4bebe20140a71b34263a659ba1ce11,53759a2ecddad2bb87a079a1f1519f73,8,garden_tools
7e4bebe20140a71b34263a659ba1ce11,154e7e31ebfa092203795c972e5804a6,9,health_beauty
7e4bebe20140a71b34263a659ba1ce11,2b4609f8948be18874494203496bc318,10,health_beauty
7e7301841ddb4064c2f3a31e4c154932,99a4788cb24856965c36a24e339b6058,1,bed_bath_table
7e7301841ddb4064c2f3a31e4c154932,aca2eb7d00ea1a7b8ebd4e68314663af,2,furniture_decor
7e7301841ddb4064c2f3a31e4c154932,422879e10f46682990de24d770e7f83d,3,garden_tools
7e7301841ddb4064c2f3a31e4c154932,53b36df67ebb7c41585e8d54d6772e08,4,watches_gifts
7e7301841ddb4064c2f3a31e4c154932,389d119b48cf3043d311335e499d9c6b,5,garden_tools
7e7301841ddb4064c2f3a31e4c154932,d1c427060a0f73f6b889a5c7c61f2ac4,6,computers_accessories
7e7301841ddb4064c2f3a31e4c154932,368c6c730842d78016ad823897a372db,7,garden_tools
7e7301841ddb4064c2f3a31e4c154932,53759a2ecddad2bb87a079a1f1519f73,8,garden_tools
7e7301841ddb4064c2f3a31e4c154932,154e7e31ebfa092203795c972e5804a6,9,health_beauty
7e7301841ddb4064c2f3a31e4c154932,2b4609f8948be18874494203496bc318,10,health_beauty
7fb211f99a01b4971fd1e07e3a256458,99a4788cb24856965c36a24e339b6058,1,bed_bath_table
7fb211f99a01b4971fd1e07e3a256458,aca2eb7d00ea1a7b8ebd4e68314663af,2,furniture_decor
7fb211f99a01b4971fd1e07e3a256458,422879e10f46682990de24d770e7f83d,3,garden_tools
7fb211f99a01b4971fd1e07e3a256458,53b36df67ebb7c41585e8d54d6772e08,4,watches_gifts
7fb211f99a01b4971fd1e07e3a256458,389d119b48cf3043d311335e499d9c6b,5,garden_tools
7fb211f99a01b4971fd1e07e3a256458,d1c427060a0f73f6b889a5c7c61f2ac4,6,computers_accessories
7fb211f99a01b4971fd1e07e3a256458,368c6c730842d78016ad823897a372db,7,garden_tools
7fb211f99a01b4971fd1e07e3a256458,53759a2ecddad2bb87a079a1f1519f73,8,garden_tools
7fb211f99a01b4971fd1e07e3a256458,154e7e31ebfa092203795c972e5804a6,9,health_beauty
7fb211f99a01b4971fd1e07e3a256458,2b4609f8948be18874494203496bc318,10,health_beauty
801512ead4c9cbc98ecd208f45c975ec,99a4788cb24856965c36a24e339b6058,1,bed_bath_table
801512ead4c9cbc98ecd208f45c975ec,aca2eb7d00ea1a7b8ebd4e68314663af,2,furniture_decor
801512ead4c9cbc98ecd208f45c975ec,422879e10f46682990de24d770e7f83d,3,garden_tools
801512ead4c9cbc98ecd208f45c975ec,53b36df67ebb7c41585e8d54d6772e08,4,watches_gifts
801512ead4c9cbc98ecd208f45c975ec,389d119b48cf3043d311335e499d9c6b,5,garden_tools
801512ead4c9cbc98ecd208f45c975ec,d1c427060a0f73f6b889a5c7c61f2ac4,6,computers_accessories
801512ead4c9cbc98ecd208f45c975ec,368c6c730842d78016ad823897a372db,7,garden_tools
801512ead4c9cbc98ecd208f45c975ec,53759a2ecddad2bb87a079a1f1519f73,8,garden_tools
801512ead4c9cbc98ecd208f45c975ec,154e7e31ebfa092203795c972e5804a6,9,health_beauty
801512ead4c9cbc98ecd208f45c975ec,2b4609f8948be18874494203496bc318,10,health_beauty
80282a1a77281692a0339c2a08d0e6af,99a4788cb24856965c36a24e339b6058,1,bed_bath_table
80282a1a77281692a0339c2a08d0e6af,aca2eb7d00ea1a7b8ebd4e68314663af,2,furniture_decor
80282a1a77281692a0339c2a08d0e6af,422879e10f46682990de24d770e7f83d,3,garden_tools
80282a1a77281692a0339c2a08d0e6af,53b36df67ebb7c41585e8d54d6772e08,4,watches_gifts
80282a1a77281692a0339c2a08d0e6af,389d119b48cf3043d311335e499d9c6b,5,garden_tools
80282a1a77281692a0339c2a08d0e6af,d1c427060a0f73f6b889a5c7c61f2ac4,6,computers_accessories
80282a1a77281692a0339c2a08d0e6af,368c6c730842d78016ad823897a372db,7,garden_tools
80282a1a77281692a0339c2a08d0e6af,53759a2ecddad2bb87a079a1f1519f73,8,garden_tools
80282a1a77281692a0339c2a08d0e6af,154e7e31ebfa092203795c972e5804a6,9,health_beauty
80282a1a77281692a0339c2a08d0e6af,2b4609f8948be18874494203496bc318,10,health_beauty
803b4fc75d3fe8c5dbed83f50b3fbd8c,99a4788cb24856965c36a24e339b6058,1,bed_bath_table
803b4fc75d3fe8c5dbed83f50b3fbd8c,aca2eb7d00ea1a7b8ebd4e68314663af,2,furniture_decor
803b4fc75d3fe8c5dbed83f50b3fbd8c,422879e10f46682990de24d770e7f83d,3,garden_tools
803b4fc75d3fe8c5dbed83f50b3fbd8c,53b36df67ebb7c41585e8d54d6772e08,4,watches_gifts
803b4fc75d3fe8c5dbed83f50b3fbd8c,389d119b48cf3043d311335e499d9c6b,5,garden_tools
803b4fc75d3fe8c5dbed83f50b3fbd8c,d1c427060a0f73f6b889a5c7c61f2ac4,6,computers_accessories
803b4fc75d3fe8c5dbed83f50b3fbd8c,368c6c730842d78016ad823897a372db,7,garden_tools
803b4fc75d3fe8c5dbed83f50b3fbd8c,53759a2ecddad2bb87a079a1f1519f73,8,garden_tools
803b4fc75d3fe8c5dbed83f50b3fbd8c,154e7e31ebfa092203795c972e5804a6,9,health_beauty
803b4fc75d3fe8c5dbed83f50b3fbd8c,2b4609f8948be18874494203496bc318,10,health_beauty
805e5a317f4b3e1afccb9dfd71287a36,99a4788cb24856965c36a24e339b6058,1,bed_bath_table
805e5a317f4b3e1afccb9dfd71287a36,aca2eb7d00ea1a7b8ebd4e68314663af,2,furniture_decor
805e5a317f4b3e1afccb9dfd71287a36,422879e10f46682990de24d770e7f83d,3,garden_tools
805e5a317f4b3e1afccb9dfd71287a36,53b36df67ebb7c41585e8d54d6772e08,4,watches_gifts
805e5a317f4b3e1afccb9dfd71287a36,389d119b48cf3043d311335e499d9c6b,5,garden_tools
805e5a317f4b3e1afccb9dfd71287a36,d1c427060a0f73f6b889a5c7c61f2ac4,6,computers_accessories
805e5a317f4b3e1afccb9dfd71287a36,368c6c730842d78016ad823897a372db,7,garden_tools
805e5a317f4b3e1afccb9dfd71287a36,53759a2ecddad2bb87a079a1f1519f73,8,garden_tools
805e5a317f4b3e1afccb9dfd71287a36,154e7e31ebfa092203795c972e5804a6,9,health_beauty
805e5a317f4b3e1afccb9dfd71287a36,2b4609f8948be18874494203496bc318,10,health_beauty
81098a634d4eab46ab9fbd0df37e52bd,99a4788cb24856965c36a24e339b6058,1,bed_bath_table
81098a634d4eab46ab9fbd0df37e52bd,aca2eb7d00ea1a7b8ebd4e68314663af,2,furniture_decor
81098a634d4eab46ab9fbd0df37e52bd,422879e10f46682990de24d770e7f83d,3,garden_tools
81098a634d4eab46ab9fbd0df37e52bd,53b36df67ebb7c41585e8d54d6772e08,4,watches_gifts
81098a634d4eab46ab9fbd0df37e52bd,389d119b48cf3043d311335e499d9c6b,5,garden_tools
81098a634d4eab46ab9fbd0df37e52bd,d1c427060a0f73f6b889a5c7c61f2ac4,6,computers_accessories
81098a634d4eab46ab9fbd0df37e52bd,368c6c730842d78016ad823897a372db,7,garden_tools
81098a634d4eab46ab9fbd0df37e52bd,53759a2ecddad2bb87a079a1f1519f73,8,garden_tools
81098a634d4eab46ab9fbd0df37e52bd,154e7e31ebfa092203795c972e5804a6,9,health_beauty
81098a634d4eab46ab9fbd0df37e52bd,2b4609f8948be18874494203496bc318,10,health_beauty
8149101234b839e311a6f8c525206632,99a4788cb24856965c36a24e339b6058,1,bed_bath_table
8149101234b839e311a6f8c525206632,aca2eb7d00ea1a7b8ebd4e68314663af,2,furniture_decor
8149101234b839e311a6f8c525206632,422879e10f46682990de24d770e7f83d,3,garden_tools
8149101234b839e311a6f8c525206632,53b36df67ebb7c41585e8d54d6772e08,4,watches_gifts
8149101234b839e311a6f8c525206632,389d119b48cf3043d311335e499d9c6b,5,garden_tools
8149101234b839e311a6f8c525206632,d1c427060a0f73f6b889a5c7c61f2ac4,6,computers_accessories
8149101234b839e311a6f8c525206632,368c6c730842d78016ad823897a372db,7,garden_tools
8149101234b839e311a6f8c525206632,53759a2ecddad2bb87a079a1f1519f73,8,garden_tools
8149101234b839e311a6f8c525206632,154e7e31ebfa092203795c972e5804a6,9,health_beauty
8149101234b839e311a6f8c525206632,2b4609f8948be18874494203496bc318,10,health_beauty
815a99cb9852a1011da9bb7f2070b93e,99a4788cb24856965c36a24e339b6058,1,bed_bath_table
815a99cb9852a1011da9bb7f2070b93e,aca2eb7d00ea1a7b8ebd4e68314663af,2,furniture_decor
815a99cb9852a1011da9bb7f2070b93e,422879e10f46682990de24d770e7f83d,3,garden_tools
815a99cb9852a1011da9bb7f2070b93e,53b36df67ebb7c41585e8d54d6772e08,4,watches_gifts
815a99cb9852a1011da9bb7f2070b93e,389d119b48cf3043d311335e499d9c6b,5,garden_tools
815a99cb9852a1011da9bb7f2070b93e,d1c427060a0f73f6b889a5c7c61f2ac4,6,computers_accessories
815a99cb9852a1011da9bb7f2070b93e,368c6c730842d78016ad823897a372db,7,garden_tools
815a99cb9852a1011da9bb7f2070b93e,53759a2ecddad2bb87a079a1f1519f73,8,garden_tools
815a99cb9852a1011da9bb7f2070b93e,154e7e31ebfa092203795c972e5804a6,9,health_beauty
815a99cb9852a1011da9bb7f2070b93e,2b4609f8948be18874494203496bc318,10,health_beauty
816092f5825c3e2cdfdd4af546d4d04c,99a4788cb24856965c36a24e339b6058,1,bed_bath_table
816092f5825c3e2cdfdd4af546d4d04c,aca2eb7d00ea1a7b8ebd4e68314663af,2,furniture_decor
816092f5825c3e2cdfdd4af546d4d04c,422879e10f46682990de24d770e7f83d,3,garden_tools
816092f5825c3e2cdfdd4af546d4d04c,53b36df67ebb7c41585e8d54d6772e08,4,watches_gifts
816092f5825c3e2cdfdd4af546d4d04c,389d119b48cf3043d311335e499d9c6b,5,garden_tools
816092f5825c3e2cdfdd4af546d4d04c,d1c427060a0f73f6b889a5c7c61f2ac4,6,computers_accessories
816092f5825c3e2cdfdd4af546d4d04c,368c6c730842d78016ad823897a372db,7,garden_tools
816092f5825c3e2cdfdd4af546d4d04c,53759a2ecddad2bb87a079a1f1519f73,8,garden_tools
816092f5825c3e2cdfdd4af546d4d04c,154e7e31ebfa092203795c972e5804a6,9,health_beauty
816092f5825c3e2cdfdd4af546d4d04c,2b4609f8948be18874494203496bc318,10,health_beauty
820e78bf5449cb1bafbc56095ceb77a7,99a4788cb24856965c36a24e339b6058,1,bed_bath_table
820e78bf5449cb1bafbc56095ceb77a7,aca2eb7d00ea1a7b8ebd4e68314663af,2,furniture_decor
820e78bf5449cb1bafbc56095ceb77a7,422879e10f46682990de24d770e7f83d,3,garden_tools
820e78bf5449cb1bafbc56095ceb77a7,53b36df67ebb7c41585e8d54d6772e08,4,watches_gifts
820e78bf5449cb1bafbc56095ceb77a7,389d119b48cf3043d311335e499d9c6b,5,garden_tools
820e78bf5449cb1bafbc56095ceb77a7,d1c427060a0f73f6b889a5c7c61f2ac4,6,computers_accessories
820e78bf5449cb1bafbc56095ceb77a7,368c6c730842d78016ad823897a372db,7,garden_tools
820e78bf5449cb1bafbc56095ceb77a7,53759a2ecddad2bb87a079a1f1519f73,8,garden_tools
820e78bf5449cb1bafbc56095ceb77a7,154e7e31ebfa092203795c972e5804a6,9,health_beauty
820e78bf5449cb1bafbc56095ceb77a7,2b4609f8948be18874494203496bc318,10,health_beauty
821e75291b1ad362e614c0ea79fc95a6,9091499533100191c6b89d09e43445e8,1,health_beauty
82532fe90a30190fdc4622143d41dc15,99a4788cb24856965c36a24e339b6058,1,bed_bath_table
82532fe90a30190fdc4622143d41dc15,aca2eb7d00ea1a7b8ebd4e68314663af,2,furniture_decor
82532fe90a30190fdc4622143d41dc15,422879e10f46682990de24d770e7f83d,3,garden_tools
82532fe90a30190fdc4622143d41dc15,53b36df67ebb7c41585e8d54d6772e08,4,watches_gifts
82532fe90a30190fdc4622143d41dc15,389d119b48cf3043d311335e499d9c6b,5,garden_tools
82532fe90a30190fdc4622143d41dc15,d1c427060a0f73f6b889a5c7c61f2ac4,6,computers_accessories
82532fe90a30190fdc4622143d41dc15,368c6c730842d78016ad823897a372db,7,garden_tools
82532fe90a30190fdc4622143d41dc15,53759a2ecddad2bb87a079a1f1519f73,8,garden_tools
82532fe90a30190fdc4622143d41dc15,154e7e31ebfa092203795c972e5804a6,9,health_beauty
82532fe90a30190fdc4622143d41dc15,2b4609f8948be18874494203496bc318,10,health_beauty
83915016a26b0ca42e3caf1070664d1f,99a4788cb24856965c36a24e339b6058,1,bed_bath_table
83915016a26b0ca42e3caf1070664d1f,aca2eb7d00ea1a7b8ebd4e68314663af,2,furniture_decor
83915016a26b0ca42e3caf1070664d1f,422879e10f46682990de24d770e7f83d,3,garden_tools
83915016a26b0ca42e3caf1070664d1f,53b36df67ebb7c41585e8d54d6772e08,4,watches_gifts
83915016a26b0ca42e3caf1070664d1f,389d119b48cf3043d311335e499d9c6b,5,garden_tools
83915016a26b0ca42e3caf1070664d1f,d1c427060a0f73f6b889a5c7c61f2ac4,6,computers_accessories
83915016a26b0ca42e3caf1070664d1f,368c6c730842d78016ad823897a372db,7,garden_tools
83915016a26b0ca42e3caf1070664d1f,53759a2ecddad2bb87a079a1f1519f73,8,garden_tools
83915016a26b0ca42e3caf1070664d1f,154e7e31ebfa092203795c972e5804a6,9,health_beauty
83915016a26b0ca42e3caf1070664d1f,2b4609f8948be18874494203496bc318,10,health_beauty
8492c2c6148ac3449374058371dc78c6,99a4788cb24856965c36a24e339b6058,1,bed_bath_table
8492c2c6148ac3449374058371dc78c6,aca2eb7d00ea1a7b8ebd4e68314663af,2,furniture_decor
8492c2c6148ac3449374058371dc78c6,422879e10f46682990de24d770e7f83d,3,garden_tools
8492c2c6148ac3449374058371dc78c6,53b36df67ebb7c41585e8d54d6772e08,4,watches_gifts
8492c2c6148ac3449374058371dc78c6,389d119b48cf3043d311335e499d9c6b,5,garden_tools
8492c2c6148ac3449374058371dc78c6,d1c427060a0f73f6b889a5c7c61f2ac4,6,computers_accessories
8492c2c6148ac3449374058371dc78c6,368c6c730842d78016ad823897a372db,7,garden_tools
8492c2c6148ac3449374058371dc78c6,53759a2ecddad2bb87a079a1f1519f73,8,garden_tools
8492c2c6148ac3449374058371dc78c6,154e7e31ebfa092203795c972e5804a6,9,health_beauty
8492c2c6148ac3449374058371dc78c6,2b4609f8948be18874494203496bc318,10,health_beauty
860f75391be5698f015d3b234e7576d6,99a4788cb24856965c36a24e339b6058,1,bed_bath_table
860f75391be5698f015d3b234e7576d6,aca2eb7d00ea1a7b8ebd4e68314663af,2,furniture_decor
860f75391be5698f015d3b234e7576d6,422879e10f46682990de24d770e7f83d,3,garden_tools
860f75391be5698f015d3b234e7576d6,53b36df67ebb7c41585e8d54d6772e08,4,watches_gifts
860f75391be5698f015d3b234e7576d6,389d119b48cf3043d311335e499d9c6b,5,garden_tools
860f75391be5698f015d3b234e7576d6,d1c427060a0f73f6b889a5c7c61f2ac4,6,computers_accessories
860f75391be5698f015d3b234e7576d6,368c6c730842d78016ad823897a372db,7,garden_tools
860f75391be5698f015d3b234e7576d6,53759a2ecddad2bb87a079a1f1519f73,8,garden_tools
860f75391be5698f015d3b234e7576d6,154e7e31ebfa092203795c972e5804a6,9,health_beauty
860f75391be5698f015d3b234e7576d6,2b4609f8948be18874494203496bc318,10,health_beauty
8614ac51282d77ed22393201f26ca405,99a4788cb24856965c36a24e339b6058,1,bed_bath_table
8614ac51282d77ed22393201f26ca405,aca2eb7d00ea1a7b8ebd4e68314663af,2,furniture_decor
8614ac51282d77ed22393201f26ca405,422879e10f46682990de24d770e7f83d,3,garden_tools
8614ac51282d77ed22393201f26ca405,53b36df67ebb7c41585e8d54d6772e08,4,watches_gifts
8614ac51282d77ed22393201f26ca405,389d119b48cf3043d311335e499d9c6b,5,garden_tools
8614ac51282d77ed22393201f26ca405,d1c427060a0f73f6b889a5c7c61f2ac4,6,computers_accessories
8614ac51282d77ed22393201f26ca405,368c6c730842d78016ad823897a372db,7,garden_tools
8614ac51282d77ed22393201f26ca405,53759a2ecddad2bb87a079a1f1519f73,8,garden_tools
8614ac51282d77ed22393201f26ca405,154e7e31ebfa092203795c972e5804a6,9,health_beauty
8614ac51282d77ed22393201f26ca405,2b4609f8948be18874494203496bc318,10,health_beauty
862b2c6ccf4352c087cd60cdac498b48,d017a2151d543a9885604dc62a3d9dcc,1,fashion_bags_accessories
86b3fe2ecd895fa35d303e2a49b3130b,5a4ff3aa2e6d215d457a8d706fbf2272,1,bed_bath_table
86b3fe2ecd895fa35d303e2a49b3130b,7aa666012fbfab4464142b1055b9e1d5,2,bed_bath_table
86b3fe2ecd895fa35d303e2a49b3130b,609b1b50202d276e56b2468006fa82aa,3,bed_bath_table
86b3fe2ecd895fa35d303e2a49b3130b,8812d73b9937b5bd3648ff9d11f9c3fb,4,bed_bath_table
86bfc49565a9ca52fcbf861fcc1e67a4,18486698933fbb64af6c0a255f7dd64c,1,computers_accessories
86bfc49565a9ca52fcbf861fcc1e67a4,dbb67791e405873b259e4656bf971246,2,computers_accessories
878d1683076172a5b7ffc7126ba99acd,99a4788cb24856965c36a24e339b6058,1,bed_bath_table
878d1683076172a5b7ffc7126ba99acd,aca2eb7d00ea1a7b8ebd4e68314663af,2,furniture_decor
878d1683076172a5b7ffc7126ba99acd,422879e10f46682990de24d770e7f83d,3,garden_tools
878d1683076172a5b7ffc7126ba99acd,53b36df67ebb7c41585e8d54d6772e08,4,watches_gifts
878d1683076172a5b7ffc7126ba99acd,389d119b48cf3043d311335e499d9c6b,5,garden_tools
878d1683076172a5b7ffc7126ba99acd,d1c427060a0f73f6b889a5c7c61f2ac4,6,computers_accessories
878d1683076172a5b7ffc7126ba99acd,368c6c730842d78016ad823897a372db,7,garden_tools
878d1683076172a5b7ffc7126ba99acd,53759a2ecddad2bb87a079a1f1519f73,8,garden_tools
878d1683076172a5b7ffc7126ba99acd,154e7e31ebfa092203795c972e5804a6,9,health_beauty
878d1683076172a5b7ffc7126ba99acd,2b4609f8948be18874494203496bc318,10,health_beauty
8897ea56bce6fe37a39cb2ec40898102,99a4788cb24856965c36a24e339b6058,1,bed_bath_table
8897ea56bce6fe37a39cb2ec40898102,aca2eb7d00ea1a7b8ebd4e68314663af,2,furniture_decor
8897ea56bce6fe37a39cb2ec40898102,422879e10f46682990de24d770e7f83d,3,garden_tools
8897ea56bce6fe37a39cb2ec40898102,53b36df67ebb7c41585e8d54d6772e08,4,watches_gifts
8897ea56bce6fe37a39cb2ec40898102,389d119b48cf3043d311335e499d9c6b,5,garden_tools
8897ea56bce6fe37a39cb2ec40898102,d1c427060a0f73f6b889a5c7c61f2ac4,6,computers_accessories
8897ea56bce6fe37a39cb2ec40898102,368c6c730842d78016ad823897a372db,7,garden_tools
8897ea56bce6fe37a39cb2ec40898102,53759a2ecddad2bb87a079a1f1519f73,8,garden_tools
8897ea56bce6fe37a39cb2ec40898102,154e7e31ebfa092203795c972e5804a6,9,health_beauty
8897ea56bce6fe37a39cb2ec40898102,2b4609f8948be18874494203496bc318,10,health_beauty
88c11a241bcbd239da19623bb23891a9,99a4788cb24856965c36a24e339b6058,1,bed_bath_table
88c11a241bcbd239da19623bb23891a9,aca2eb7d00ea1a7b8ebd4e68314663af,2,furniture_decor
88c11a241bcbd239da19623bb23891a9,422879e10f46682990de24d770e7f83d,3,garden_tools
88c11a241bcbd239da19623bb23891a9,53b36df67ebb7c41585e8d54d6772e08,4,watches_gifts
88c11a241bcbd239da19623bb23891a9,389d119b48cf3043d311335e499d9c6b,5,garden_tools
88c11a241bcbd239da19623bb23891a9,d1c427060a0f73f6b889a5c7c61f2ac4,6,computers_accessories
88c11a241bcbd239da19623bb23891a9,368c6c730842d78016ad823897a372db,7,garden_tools
88c11a241bcbd239da19623bb23891a9,53759a2ecddad2bb87a079a1f1519f73,8,garden_tools
88c11a241bcbd239da19623bb23891a9,154e7e31ebfa092203795c972e5804a6,9,health_beauty
88c11a241bcbd239da19623bb23891a9,2b4609f8948be18874494203496bc318,10,health_beauty
8959d4251989df68934d67c1d32c5718,99a4788cb24856965c36a24e339b6058,1,bed_bath_table
8959d4251989df68934d67c1d32c5718,aca2eb7d00ea1a7b8ebd4e68314663af,2,furniture_decor
8959d4251989df68934d67c1d32c5718,422879e10f46682990de24d770e7f83d,3,garden_tools
8959d4251989df68934d67c1d32c5718,53b36df67ebb7c41585e8d54d6772e08,4,watches_gifts
8959d4251989df68934d67c1d32c5718,389d119b48cf3043d311335e499d9c6b,5,garden_tools
8959d4251989df68934d67c1d32c5718,d1c427060a0f73f6b889a5c7c61f2ac4,6,computers_accessories
8959d4251989df68934d67c1d32c5718,368c6c730842d78016ad823897a372db,7,garden_tools
8959d4251989df68934d67c1d32c5718,53759a2ecddad2bb87a079a1f1519f73,8,garden_tools
8959d4251989df68934d67c1d32c5718,154e7e31ebfa092203795c972e5804a6,9,health_beauty
8959d4251989df68934d67c1d32c5718,2b4609f8948be18874494203496bc318,10,health_beauty
8961b4ca2c5aceb7a78ea72c6e0c840a,1d4de03a6141ce2a2ae5a97f51cabb37,1,bed_bath_table
8b4bb71a7d37d4c2560e0f0409a58905,99a4788cb24856965c36a24e339b6058,1,bed_bath_table
8b4bb71a7d37d4c2560e0f0409a58905,aca2eb7d00ea1a7b8ebd4e68314663af,2,furniture_decor
8b4bb71a7d37d4c2560e0f0409a58905,422879e10f46682990de24d770e7f83d,3,garden_tools
8b4bb71a7d37d4c2560e0f0409a58905,53b36df67ebb7c41585e8d54d6772e08,4,watches_gifts
8b4bb71a7d37d4c2560e0f0409a58905,389d119b48cf3043d311335e499d9c6b,5,garden_tools
8b4bb71a7d37d4c2560e0f0409a58905,d1c427060a0f73f6b889a5c7c61f2ac4,6,computers_accessories
8b4bb71a7d37d4c2560e0f0409a58905,368c6c730842d78016ad823897a372db,7,garden_tools
8b4bb71a7d37d4c2560e0f0409a58905,53759a2ecddad2bb87a079a1f1519f73,8,garden_tools
8b4bb71a7d37d4c2560e0f0409a58905,154e7e31ebfa092203795c972e5804a6,9,health_beauty
8b4bb71a7d37d4c2560e0f0409a58905,2b4609f8948be18874494203496bc318,10,health_beauty
8b51f29aa215ec74a25baf5bd24ed90c,4eec371b7c376e0f55338a4e3e362965,1,health_beauty
8cb0a62e8c536632e7c0a985166a089b,99a4788cb24856965c36a24e339b6058,1,bed_bath_table
8cb0a62e8c536632e7c0a985166a089b,aca2eb7d00ea1a7b8ebd4e68314663af,2,furniture_decor
8cb0a62e8c536632e7c0a985166a089b,422879e10f46682990de24d770e7f83d,3,garden_tools
8cb0a62e8c536632e7c0a985166a089b,53b36df67ebb7c41585e8d54d6772e08,4,watches_gifts
8cb0a62e8c536632e7c0a985166a089b,389d119b48cf3043d311335e499d9c6b,5,garden_tools
8cb0a62e8c536632e7c0a985166a089b,d1c427060a0f73f6b889a5c7c61f2ac4,6,computers_accessories
8cb0a62e8c536632e7c0a985166a089b,368c6c730842d78016ad823897a372db,7,garden_tools
8cb0a62e8c536632e7c0a985166a089b,53759a2ecddad2bb87a079a1f1519f73,8,garden_tools
8cb0a62e8c536632e7c0a985166a089b,154e7e31ebfa092203795c972e5804a6,9,health_beauty
8cb0a62e8c536632e7c0a985166a089b,2b4609f8948be18874494203496bc318,10,health_beauty
8cd6f80d3c3994e2060d46ec07ff0b0a,99a4788cb24856965c36a24e339b6058,1,bed_bath_table
8cd6f80d3c3994e2060d46ec07ff0b0a,aca2eb7d00ea1a7b8ebd4e68314663af,2,furniture_decor
8cd6f80d3c3994e2060d46ec07ff0b0a,422879e10f46682990de24d770e7f83d,3,garden_tools
8cd6f80d3c3994e2060d46ec07ff0b0a,53b36df67ebb7c41585e8d54d6772e08,4,watches_gifts
8cd6f80d3c3994e2060d46ec07ff0b0a,389d119b48cf3043d311335e499d9c6b,5,garden_tools
8cd6f80d3c3994e2060d46ec07ff0b0a,d1c427060a0f73f6b889a5c7c61f2ac4,6,computers_accessories
8cd6f80d3c3994e2060d46ec07ff0b0a,368c6c730842d78016ad823897a372db,7,garden_tools
8cd6f80d3c3994e2060d46ec07ff0b0a,53759a2ecddad2bb87a079a1f1519f73,8,garden_tools
8cd6f80d3c3994e2060d46ec07ff0b0a,154e7e31ebfa092203795c972e5804a6,9,health_beauty
8cd6f80d3c3994e2060d46ec07ff0b0a,2b4609f8948be18874494203496bc318,10,health_beauty
8d50f5eadf50201ccdcedfb9e2ac8455,99a4788cb24856965c36a24e339b6058,1,bed_bath_table
8d50f5eadf50201ccdcedfb9e2ac8455,aca2eb7d00ea1a7b8ebd4e68314663af,2,furniture_decor
8d50f5eadf50201ccdcedfb9e2ac8455,422879e10f46682990de24d770e7f83d,3,garden_tools
8d50f5eadf50201ccdcedfb9e2ac8455,53b36df67ebb7c41585e8d54d6772e08,4,watches_gifts
8d50f5eadf50201ccdcedfb9e2ac8455,389d119b48cf3043d311335e499d9c6b,5,garden_tools
8d50f5eadf50201ccdcedfb9e2ac8455,d1c427060a0f73f6b889a5c7c61f2ac4,6,computers_accessories
8d50f5eadf50201ccdcedfb9e2ac8455,368c6c730842d78016ad823897a372db,7,garden_tools
8d50f5eadf50201ccdcedfb9e2ac8455,53759a2ecddad2bb87a079a1f1519f73,8,garden_tools
8d50f5eadf50201ccdcedfb9e2ac8455,154e7e31ebfa092203795c972e5804a6,9,health_beauty
8d50f5eadf50201ccdcedfb9e2ac8455,2b4609f8948be18874494203496bc318,10,health_beauty
8e31f8c64b847de447636be1ced917f2,99a4788cb24856965c36a24e339b6058,1,bed_bath_table
8e31f8c64b847de447636be1ced917f2,aca2eb7d00ea1a7b8ebd4e68314663af,2,furniture_decor
8e31f8c64b847de447636be1ced917f2,422879e10f46682990de24d770e7f83d,3,garden_tools
8e31f8c64b847de447636be1ced917f2,53b36df67ebb7c41585e8d54d6772e08,4,watches_gifts
8e31f8c64b847de447636be1ced917f2,389d119b48cf3043d311335e499d9c6b,5,garden_tools
8e31f8c64b847de447636be1ced917f2,d1c427060a0f73f6b889a5c7c61f2ac4,6,computers_accessories
8e31f8c64b847de447636be1ced917f2,368c6c730842d78016ad823897a372db,7,garden_tools
8e31f8c64b847de447636be1ced917f2,53759a2ecddad2bb87a079a1f1519f73,8,garden_tools
8e31f8c64b847de447636be1ced917f2,154e7e31ebfa092203795c972e5804a6,9,health_beauty
8e31f8c64b847de447636be1ced917f2,2b4609f8948be18874494203496bc318,10,health_beauty
8e714421b31bf0865e55be929d99384c,99a4788cb24856965c36a24e339b6058,1,bed_bath_table
8e714421b31bf0865e55be929d99384c,aca2eb7d00ea1a7b8ebd4e68314663af,2,furniture_decor
8e714421b31bf0865e55be929d99384c,422879e10f46682990de24d770e7f83d,3,garden_tools
8e714421b31bf0865e55be929d99384c,53b36df67ebb7c41585e8d54d6772e08,4,watches_gifts
8e714421b31bf0865e55be929d99384c,389d119b48cf3043d311335e499d9c6b,5,garden_tools
8e714421b31bf0865e55be929d99384c,d1c427060a0f73f6b889a5c7c61f2ac4,6,computers_accessories
8e714421b31bf0865e55be929d99384c,368c6c730842d78016ad823897a372db,7,garden_tools
8e714421b31bf0865e55be929d99384c,53759a2ecddad2bb87a079a1f1519f73,8,garden_tools
8e714421b31bf0865e55be929d99384c,154e7e31ebfa092203795c972e5804a6,9,health_beauty
8e714421b31bf0865e55be929d99384c,2b4609f8948be18874494203496bc318,10,health_beauty
8ec31beb5c890497f1872b5986d3cc26,99a4788cb24856965c36a24e339b6058,1,bed_bath_table
8ec31beb5c890497f1872b5986d3cc26,aca2eb7d00ea1a7b8ebd4e68314663af,2,furniture_decor
8ec31beb5c890497f1872b5986d3cc26,422879e10f46682990de24d770e7f83d,3,garden_tools
8ec31beb5c890497f1872b5986d3cc26,53b36df67ebb7c41585e8d54d6772e08,4,watches_gifts
8ec31beb5c890497f1872b5986d3cc26,389d119b48cf3043d311335e499d9c6b,5,garden_tools
8ec31beb5c890497f1872b5986d3cc26,d1c427060a0f73f6b889a5c7c61f2ac4,6,computers_accessories
8ec31beb5c890497f1872b5986d3cc26,368c6c730842d78016ad823897a372db,7,garden_tools
8ec31beb5c890497f1872b5986d3cc26,53759a2ecddad2bb87a079a1f1519f73,8,garden_tools
8ec31beb5c890497f1872b5986d3cc26,154e7e31ebfa092203795c972e5804a6,9,health_beauty
8ec31beb5c890497f1872b5986d3cc26,2b4609f8948be18874494203496bc318,10,health_beauty
8f2fa110f45a5b5592f1593842b7e87d,99a4788cb24856965c36a24e339b6058,1,bed_bath_table
8f2fa110f45a5b5592f1593842b7e87d,aca2eb7d00ea1a7b8ebd4e68314663af,2,furniture_decor
8f2fa110f45a5b5592f1593842b7e87d,422879e10f46682990de24d770e7f83d,3,garden_tools
8f2fa110f45a5b5592f1593842b7e87d,53b36df67ebb7c41585e8d54d6772e08,4,watches_gifts
8f2fa110f45a5b5592f1593842b7e87d,389d119b48cf3043d311335e499d9c6b,5,garden_tools
8f2fa110f45a5b5592f1593842b7e87d,d1c427060a0f73f6b889a5c7c61f2ac4,6,computers_accessories
8f2fa110f45a5b5592f1593842b7e87d,368c6c730842d78016ad823897a372db,7,garden_tools
8f2fa110f45a5b5592f1593842b7e87d,53759a2ecddad2bb87a079a1f1519f73,8,garden_tools
8f2fa110f45a5b5592f1593842b7e87d,154e7e31ebfa092203795c972e5804a6,9,health_beauty
8f2fa110f45a5b5592f1593842b7e87d,2b4609f8948be18874494203496bc318,10,health_beauty
8f567321ba12101dedc07c70b7021069,3fae92f8d0ebb3317991934a6d717c47,1,bed_bath_table
8f567321ba12101dedc07c70b7021069,aed1b83c5061ac7f89d40daa1bd3be6c,2,bed_bath_table
8f6ce2295bdbec03cd50e34b4bd7ba0a,99a4788cb24856965c36a24e339b6058,1,bed_bath_table
8f6ce2295bdbec03cd50e34b4bd7ba0a,aca2eb7d00ea1a7b8ebd4e68314663af,2,furniture_decor
8f6ce2295bdbec03cd50e34b4bd7ba0a,422879e10f46682990de24d770e7f83d,3,garden_tools
8f6ce2295bdbec03cd50e34b4bd7ba0a,53b36df67ebb7c41585e8d54d6772e08,4,watches_gifts
8f6ce2295bdbec03cd50e34b4bd7ba0a,389d119b48cf3043d311335e499d9c6b,5,garden_tools
8f6ce2295bdbec03cd50e34b4bd7ba0a,d1c427060a0f73f6b889a5c7c61f2ac4,6,computers_accessories
8f6ce2295bdbec03cd50e34b4bd7ba0a,368c6c730842d78016ad823897a372db,7,garden_tools
8f6ce2295bdbec03cd50e34b4bd7ba0a,53759a2ecddad2bb87a079a1f1519f73,8,garden_tools
8f6ce2295bdbec03cd50e34b4bd7ba0a,154e7e31ebfa092203795c972e5804a6,9,health_beauty
8f6ce2295bdbec03cd50e34b4bd7ba0a,2b4609f8948be18874494203496bc318,10,health_beauty
8fdb30046559b506b2ea1588cdfded0d,b584de1994f604fa7dfd0b6b9c6c1b99,1,sports_leisure
91352e06066eef42b60b24049ccde4fd,35afc973633aaeb6b877ff57b2793310,1,home_confort
91352e06066eef42b60b24049ccde4fd,f2e53dd1670f3c376518263b3f71424d,2,bed_bath_table
91352e06066eef42b60b24049ccde4fd,eebbed5ed3b134eceb717496c47652ba,3,bed_bath_table
91352e06066eef42b60b24049ccde4fd,3e5201fe0d1ba474d9b90152c83c706c,4,bed_bath_table
91352e06066eef42b60b24049ccde4fd,7aef20f12c90de905bf7782cb29dffb3,5,furniture_decor
91352e06066eef42b60b24049ccde4fd,0a23fd10720c5ffc6c7f5e66b0b26ae2,6,furniture_decor
91352e06066eef42b60b24049ccde4fd,f2c1df0fc307ec60e3321c708c1dcac3,7,bed_bath_table
91352e06066eef42b60b24049ccde4fd,3a3502ecc84a931af1064f5a82ed267a,8,furniture_decor
91352e06066eef42b60b24049ccde4fd,b05fae603a3a28a977633c139cece058,9,bed_bath_table
91352e06066eef42b60b24049ccde4fd,9bc39c44d241610638729a32026eb37a,10,bed_bath_table
9177736727dc747f69fceccc193c125a,99a4788cb24856965c36a24e339b6058,1,bed_bath_table
9177736727dc747f69fceccc193c125a,aca2eb7d00ea1a7b8ebd4e68314663af,2,furniture_decor
9177736727dc747f69fceccc193c125a,422879e10f46682990de24d770e7f83d,3,garden_tools
9177736727dc747f69fceccc193c125a,53b36df67ebb7c41585e8d54d6772e08,4,watches_gifts
9177736727dc747f69fceccc193c125a,389d119b48cf3043d311335e499d9c6b,5,garden_tools
9177736727dc747f69fceccc193c125a,d1c427060a0f73f6b889a5c7c61f2ac4,6,computers_accessories
9177736727dc747f69fceccc193c125a,368c6c730842d78016ad823897a372db,7,garden_tools
9177736727dc747f69fceccc193c125a,53759a2ecddad2bb87a079a1f1519f73,8,garden_tools
9177736727dc747f69fceccc193c125a,154e7e31ebfa092203795c972e5804a6,9,health_beauty
9177736727dc747f69fceccc193c125a,2b4609f8948be18874494203496bc318,10,health_beauty
91d0504cf52d3f76b154c42d78979f39,99a4788cb24856965c36a24e339b6058,1,bed_bath_table
91d0504cf52d3f76b154c42d78979f39,aca2eb7d00ea1a7b8ebd4e68314663af,2,furniture_decor
91d0504cf52d3f76b154c42d78979f39,422879e10f46682990de24d770e7f83d,3,garden_tools
91d0504cf52d3f76b154c42d78979f39,53b36df67ebb7c41585e8d54d6772e08,4,watches_gifts
91d0504cf52d3f76b154c42d78979f39,389d119b48cf3043d311335e499d9c6b,5,garden_tools
91d0504cf52d3f76b154c42d78979f39,d1c427060a0f73f6b889a5c7c61f2ac4,6,computers_accessories
91d0504cf52d3f76b154c42d78979f39,368c6c730842d78016ad823897a372db,7,garden_tools
91d0504cf52d3f76b154c42d78979f39,53759a2ecddad2bb87a079a1f1519f73,8,garden_tools
91d0504cf52d3f76b154c42d78979f39,154e7e31ebfa092203795c972e5804a6,9,health_beauty
91d0504cf52d3f76b154c42d78979f39,2b4609f8948be18874494203496bc318,10,health_beauty
9202421110f6a19ddcf0b9b93602a0a1,99a4788cb24856965c36a24e339b6058,1,bed_bath_table
9202421110f6a19ddcf0b9b93602a0a1,aca2eb7d00ea1a7b8ebd4e68314663af,2,furniture_decor
9202421110f6a19ddcf0b9b93602a0a1,422879e10f46682990de24d770e7f83d,3,garden_tools
9202421110f6a19ddcf0b9b93602a0a1,53b36df67ebb7c41585e8d54d6772e08,4,watches_gifts
9202421110f6a19ddcf0b9b93602a0a1,389d119b48cf3043d311335e499d9c6b,5,garden_tools
9202421110f6a19ddcf0b9b93602a0a1,d1c427060a0f73f6b889a5c7c61f2ac4,6,computers_accessories
9202421110f6a19ddcf0b9b93602a0a1,368c6c730842d78016ad823897a372db,7,garden_tools
9202421110f6a19ddcf0b9b93602a0a1,53759a2ecddad2bb87a079a1f1519f73,8,garden_tools
9202421110f6a19ddcf0b9b93602a0a1,154e7e31ebfa092203795c972e5804a6,9,health_beauty
9202421110f6a19ddcf0b9b93602a0a1,2b4609f8948be18874494203496bc318,10,health_beauty
929f67fce8f269879084f50385a16354,99a4788cb24856965c36a24e339b6058,1,bed_bath_table
929f67fce8f269879084f50385a16354,aca2eb7d00ea1a7b8ebd4e68314663af,2,furniture_decor
929f67fce8f269879084f50385a16354,422879e10f46682990de24d770e7f83d,3,garden_tools
929f67fce8f269879084f50385a16354,53b36df67ebb7c41585e8d54d6772e08,4,watches_gifts
929f67fce8f269879084f50385a16354,389d119b48cf3043d311335e499d9c6b,5,garden_tools
929f67fce8f269879084f50385a16354,d1c427060a0f73f6b889a5c7c61f2ac4,6,computers_accessories
929f67fce8f269879084f50385a16354,368c6c730842d78016ad823897a372db,7,garden_tools
929f67fce8f269879084f50385a16354,53759a2ecddad2bb87a079a1f1519f73,8,garden_tools
929f67fce8f269879084f50385a16354,154e7e31ebfa092203795c972e5804a6,9,health_beauty
929f67fce8f269879084f50385a16354,2b4609f8948be18874494203496bc318,10,health_beauty
93eeb8745a219d35b7e32d796528b681,99a4788cb24856965c36a24e339b6058,1,bed_bath_table
93eeb8745a219d35b7e32d796528b681,aca2eb7d00ea1a7b8ebd4e68314663af,2,furniture_decor
93eeb8745a219d35b7e32d796528b681,422879e10f46682990de24d770e7f83d,3,garden_tools
93eeb8745a219d35b7e32d796528b681,53b36df67ebb7c41585e8d54d6772e08,4,watches_gifts
93eeb8745a219d35b7e32d796528b681,389d119b48cf3043d311335e499d9c6b,5,garden_tools
93eeb8745a219d35b7e32d796528b681,d1c427060a0f73f6b889a5c7c61f2ac4,6,computers_accessories
93eeb8745a219d35b7e32d796528b681,368c6c730842d78016ad823897a372db,7,garden_tools
93eeb8745a219d35b7e32d796528b681,53759a2ecddad2bb87a079a1f1519f73,8,garden_tools
93eeb8745a219d35b7e32d796528b681,154e7e31ebfa092203795c972e5804a6,9,health_beauty
93eeb8745a219d35b7e32d796528b681,2b4609f8948be18874494203496bc318,10,health_beauty
941590fb8aef66b3a8352fe7c691879e,3f37f32e535d54ae9b3c1cf62aa76c43,1,bed_bath_table
941590fb8aef66b3a8352fe7c691879e,3149cc41e8223dce87f99a27e7934730,2,furniture_decor
944779ed5e0464b49fbb2108382b0ddf,99a4788cb24856965c36a24e339b6058,1,bed_bath_table
944779ed5e0464b49fbb2108382b0ddf,aca2eb7d00ea1a7b8ebd4e68314663af,2,furniture_decor
944779ed5e0464b49fbb2108382b0ddf,422879e10f46682990de24d770e7f83d,3,garden_tools
944779ed5e0464b49fbb2108382b0ddf,53b36df67ebb7c41585e8d54d6772e08,4,watches_gifts
944779ed5e0464b49fbb2108382b0ddf,389d119b48cf3043d311335e499d9c6b,5,garden_tools
944779ed5e0464b49fbb2108382b0ddf,d1c427060a0f73f6b889a5c7c61f2ac4,6,computers_accessories
944779ed5e0464b49fbb2108382b0ddf,368c6c730842d78016ad823897a372db,7,garden_tools
944779ed5e0464b49fbb2108382b0ddf,53759a2ecddad2bb87a079a1f1519f73,8,garden_tools
944779ed5e0464b49fbb2108382b0ddf,154e7e31ebfa092203795c972e5804a6,9,health_beauty
944779ed5e0464b49fbb2108382b0ddf,2b4609f8948be18874494203496bc318,10,health_beauty
9496fe4967f2117feed223238c7bcc39,99a4788cb24856965c36a24e339b6058,1,bed_bath_table
9496fe4967f2117feed223238c7bcc39,aca2eb7d00ea1a7b8ebd4e68314663af,2,furniture_decor
9496fe4967f2117feed223238c7bcc39,422879e10f46682990de24d770e7f83d,3,garden_tools
9496fe4967f2117feed223238c7bcc39,53b36df67ebb7c41585e8d54d6772e08,4,watches_gifts
9496fe4967f2117feed223238c7bcc39,389d119b48cf3043d311335e499d9c6b,5,garden_tools
9496fe4967f2117feed223238c7bcc39,d1c427060a0f73f6b889a5c7c61f2ac4,6,computers_accessories
9496fe4967f2117feed223238c7bcc39,368c6c730842d78016ad823897a372db,7,garden_tools
9496fe4967f2117feed223238c7bcc39,53759a2ecddad2bb87a079a1f1519f73,8,garden_tools
9496fe4967f2117feed223238c7bcc39,154e7e31ebfa092203795c972e5804a6,9,health_beauty
9496fe4967f2117feed223238c7bcc39,2b4609f8948be18874494203496bc318,10,health_beauty
9565b6eb599caea334238cf517c2408b,99a4788cb24856965c36a24e339b6058,1,bed_bath_table
9565b6eb599caea334238cf517c2408b,aca2eb7d00ea1a7b8ebd4e68314663af,2,furniture_decor
9565b6eb599caea334238cf517c2408b,422879e10f46682990de24d770e7f83d,3,garden_tools
9565b6eb599caea334238cf517c2408b,53b36df67ebb7c41585e8d54d6772e08,4,watches_gifts
9565b6eb599caea334238cf517c2408b,389d119b48cf3043d311335e499d9c6b,5,garden_tools
9565b6eb599caea334238cf517c2408b,d1c427060a0f73f6b889a5c7c61f2ac4,6,computers_accessories
9565b6eb599caea334238cf517c2408b,368c6c730842d78016ad823897a372db,7,garden_tools
9565b6eb599caea334238cf517c2408b,53759a2ecddad2bb87a079a1f1519f73,8,garden_tools
9565b6eb599caea334238cf517c2408b,154e7e31ebfa092203795c972e5804a6,9,health_beauty
9565b6eb599caea334238cf517c2408b,2b4609f8948be18874494203496bc318,10,health_beauty
95828271d6bee6d5eedcd00e639d67a6,99a4788cb24856965c36a24e339b6058,1,bed_bath_table
95828271d6bee6d5eedcd00e639d67a6,aca2eb7d00ea1a7b8ebd4e68314663af,2,furniture_decor
95828271d6bee6d5eedcd00e639d67a6,422879e10f46682990de24d770e7f83d,3,garden_tools
95828271d6bee6d5eedcd00e639d67a6,53b36df67ebb7c41585e8d54d6772e08,4,watches_gifts
95828271d6bee6d5eedcd00e639d67a6,389d119b48cf3043d311335e499d9c6b,5,garden_tools
95828271d6bee6d5eedcd00e639d67a6,d1c427060a0f73f6b889a5c7c61f2ac4,6,computers_accessories
95828271d6bee6d5eedcd00e639d67a6,368c6c730842d78016ad823897a372db,7,garden_tools
95828271d6bee6d5eedcd00e639d67a6,53759a2ecddad2bb87a079a1f1519f73,8,garden_tools
95828271d6bee6d5eedcd00e639d67a6,154e7e31ebfa092203795c972e5804a6,9,health_beauty
95828271d6bee6d5eedcd00e639d67a6,2b4609f8948be18874494203496bc318,10,health_beauty
9689908caf4de73724feed92175d867a,18486698933fbb64af6c0a255f7dd64c,1,computers_accessories
9689908caf4de73724feed92175d867a,d2085f7e0f9533605386960fc7e987ec,2,garden_tools
97258e1c1f77f32358eccd1c9ee5954d,fd52a24b7fa473a6c7a62a5ee7579def,1,stationery
97258e1c1f77f32358eccd1c9ee5954d,a87972100f1fa4091a86d6801620656d,2,toys
97258e1c1f77f32358eccd1c9ee5954d,eb7172d8a3c64298d2d767f6603c231e,3,toys
973f2fba63a7eb540f8860b0c75b63cb,99a4788cb24856965c36a24e339b6058,1,bed_bath_table
973f2fba63a7eb540f8860b0c75b63cb,aca2eb7d00ea1a7b8ebd4e68314663af,2,furniture_decor
973f2fba63a7eb540f8860b0c75b63cb,422879e10f46682990de24d770e7f83d,3,garden_tools
973f2fba63a7eb540f8860b0c75b63cb,53b36df67ebb7c41585e8d54d6772e08,4,watches_gifts
973f2fba63a7eb540f8860b0c75b63cb,389d119b48cf3043d311335e499d9c6b,5,garden_tools
973f2fba63a7eb540f8860b0c75b63cb,d1c427060a0f73f6b889a5c7c61f2ac4,6,computers_accessories
973f2fba63a7eb540f8860b0c75b63cb,368c6c730842d78016ad823897a372db,7,garden_tools
973f2fba63a7eb540f8860b0c75b63cb,53759a2ecddad2bb87a079a1f1519f73,8,garden_tools
973f2fba63a7eb540f8860b0c75b63cb,154e7e31ebfa092203795c972e5804a6,9,health_beauty
973f2fba63a7eb540f8860b0c75b63cb,2b4609f8948be18874494203496bc318,10,health_beauty
97e5501feb2532ef0e124d2dc4e86537,3cc4b421c1f28dd22e86fc4aaafb600e,1,bed_bath_table
97e5501feb2532ef0e124d2dc4e86537,42a2bd596fda1baef5719cb74f73030c,2,bed_bath_table
97e5501feb2532ef0e124d2dc4e86537,9cb3c4a5a0a1c8536b2651af5f73e403,3,bed_bath_table
97e5501feb2532ef0e124d2dc4e86537,aa36c2127048efdcd47f4ad5b6b68810,4,bed_bath_table
98341ec53bd2130c32390570d0929da9,1fe459940e7d5e442ac6c1ee4d137989,1,drinks
983994b46a18dce5db8648ebf95754af,99a4788cb24856965c36a24e339b6058,1,bed_bath_table
983994b46a18dce5db8648ebf95754af,aca2eb7d00ea1a7b8ebd4e68314663af,2,furniture_decor
983994b46a18dce5db8648ebf95754af,422879e10f46682990de24d770e7f83d,3,garden_tools
983994b46a18dce5db8648ebf95754af,53b36df67ebb7c41585e8d54d6772e08,4,watches_gifts
983994b46a18dce5db8648ebf95754af,389d119b48cf3043d311335e499d9c6b,5,garden_tools
983994b46a18dce5db8648ebf95754af,d1c427060a0f73f6b889a5c7c61f2ac4,6,computers_accessories
983994b46a18dce5db8648ebf95754af,368c6c730842d78016ad823897a372db,7,garden_tools
983994b46a18dce5db8648ebf95754af,53759a2ecddad2bb87a079a1f1519f73,8,garden_tools
983994b46a18dce5db8648ebf95754af,154e7e31ebfa092203795c972e5804a6,9,health_beauty
983994b46a18dce5db8648ebf95754af,2b4609f8948be18874494203496bc318,10,health_beauty
989aabc133cd6097fb2fc9c4a919af4b,99a4788cb24856965c36a24e339b6058,1,bed_bath_table
989aabc133cd6097fb2fc9c4a919af4b,aca2eb7d00ea1a7b8ebd4e68314663af,2,furniture_decor
989aabc133cd6097fb2fc9c4a919af4b,422879e10f46682990de24d770e7f83d,3,garden_tools
989aabc133cd6097fb2fc9c4a919af4b,53b36df67ebb7c41585e8d54d6772e08,4,watches_gifts
989aabc133cd6097fb2fc9c4a919af4b,389d119b48cf3043d311335e499d9c6b,5,garden_tools
989aabc133cd6097fb2fc9c4a919af4b,d1c427060a0f73f6b889a5c7c61f2ac4,6,computers_accessories
989aabc133cd6097fb2fc9c4a919af4b,368c6c730842d78016ad823897a372db,7,garden_tools
989aabc133cd6097fb2fc9c4a919af4b,53759a2ecddad2bb87a079a1f1519f73,8,garden_tools
989aabc133cd6097fb2fc9c4a919af4b,154e7e31ebfa092203795c972e5804a6,9,health_beauty
989aabc133cd6097fb2fc9c4a919af4b,2b4609f8948be18874494203496bc318,10,health_beauty
98a8081d6f922b47f0b48d0b10665047,99a4788cb24856965c36a24e339b6058,1,bed_bath_table
98a8081d6f922b47f0b48d0b10665047,aca2eb7d00ea1a7b8ebd4e68314663af,2,furniture_decor
98a8081d6f922b47f0b48d0b10665047,422879e10f46682990de24d770e7f83d,3,garden_tools
98a8081d6f922b47f0b48d0b10665047,53b36df67ebb7c41585e8d54d6772e08,4,watches_gifts
98a8081d6f922b47f0b48d0b10665047,389d119b48cf3043d311335e499d9c6b,5,garden_tools
98a8081d6f922b47f0b48d0b10665047,d1c427060a0f73f6b889a5c7c61f2ac4,6,computers_accessories
98a8081d6f922b47f0b48d0b10665047,368c6c730842d78016ad823897a372db,7,garden_tools
98a8081d6f922b47f0b48d0b10665047,53759a2ecddad2bb87a079a1f1519f73,8,garden_tools
98a8081d6f922b47f0b48d0b10665047,154e7e31ebfa092203795c972e5804a6,9,health_beauty
98a8081d6f922b47f0b48d0b10665047,2b4609f8948be18874494203496bc318,10,health_beauty
98e3117841a2431959d17808f04bf23c,7fb7c9580222a2af9eb7a95a6ce85fc5,1,housewares
98e3117841a2431959d17808f04bf23c,28b4eced95a52d9c437a4caf9d311b95,2,furniture_decor
9a30b2294f18ddcee9918dd3f3554407,99a4788cb24856965c36a24e339b6058,1,bed_bath_table
9a30b2294f18ddcee9918dd3f3554407,aca2eb7d00ea1a7b8ebd4e68314663af,2,furniture_decor
9a30b2294f18ddcee9918dd3f3554407,422879e10f46682990de24d770e7f83d,3,garden_tools
9a30b2294f18ddcee9918dd3f3554407,53b36df67ebb7c41585e8d54d6772e08,4,watches_gifts
9a30b2294f18ddcee9918dd3f3554407,389d119b48cf3043d311335e499d9c6b,5,garden_tools
9a30b2294f18ddcee9918dd3f3554407,d1c427060a0f73f6b889a5c7c61f2ac4,6,computers_accessories
9a30b2294f18ddcee9918dd3f3554407,368c6c730842d78016ad823897a372db,7,garden_tools
9a30b2294f18ddcee9918dd3f3554407,53759a2ecddad2bb87a079a1f1519f73,8,garden_tools
9a30b2294f18ddcee9918dd3f3554407,154e7e31ebfa092203795c972e5804a6,9,health_beauty
9a30b2294f18ddcee9918dd3f3554407,2b4609f8948be18874494203496bc318,10,health_beauty
9aaa6812e0daefa1f7edd5f772297d2e,35afc973633aaeb6b877ff57b2793310,1,home_confort
9aaa6812e0daefa1f7edd5f772297d2e,f2e53dd1670f3c376518263b3f71424d,2,bed_bath_table
9aaa6812e0daefa1f7edd5f772297d2e,eebbed5ed3b134eceb717496c47652ba,3,bed_bath_table
9aaa6812e0daefa1f7edd5f772297d2e,3e5201fe0d1ba474d9b90152c83c706c,4,bed_bath_table
9aaa6812e0daefa1f7edd5f772297d2e,7aef20f12c90de905bf7782cb29dffb3,5,furniture_decor
9aaa6812e0daefa1f7edd5f772297d2e,0a23fd10720c5ffc6c7f5e66b0b26ae2,6,furniture_decor
9aaa6812e0daefa1f7edd5f772297d2e,f2c1df0fc307ec60e3321c708c1dcac3,7,bed_bath_table
9aaa6812e0daefa1f7edd5f772297d2e,3a3502ecc84a931af1064f5a82ed267a,8,furniture_decor
9aaa6812e0daefa1f7edd5f772297d2e,b05fae603a3a28a977633c139cece058,9,bed_bath_table
9aaa6812e0daefa1f7edd5f772297d2e,9bc39c44d241610638729a32026eb37a,10,bed_bath_table
9b7fcde05dd369caf4dea1f04ed39fcc,99a4788cb24856965c36a24e339b6058,1,bed_bath_table
9b7fcde05dd369caf4dea1f04ed39fcc,aca2eb7d00ea1a7b8ebd4e68314663af,2,furniture_decor
9b7fcde05dd369caf4dea1f04ed39fcc,422879e10f46682990de24d770e7f83d,3,garden_tools
9b7fcde05dd369caf4dea1f04ed39fcc,53b36df67ebb7c41585e8d54d6772e08,4,watches_gifts
9b7fcde05dd369caf4dea1f04ed39fcc,389d119b48cf3043d311335e499d9c6b,5,garden_tools
9b7fcde05dd369caf4dea1f04ed39fcc,d1c427060a0f73f6b889a5c7c61f2ac4,6,computers_accessories
9b7fcde05dd369caf4dea1f04ed39fcc,368c6c730842d78016ad823897a372db,7,garden_tools
9b7fcde05dd369caf4dea1f04ed39fcc,53759a2ecddad2bb87a079a1f1519f73,8,garden_tools
9b7fcde05dd369caf4dea1f04ed39fcc,154e7e31ebfa092203795c972e5804a6,9,health_beauty
9b7fcde05dd369caf4dea1f04ed39fcc,2b4609f8948be18874494203496bc318,10,health_beauty
9b7fcfa05fb6f8b88fea3d74a6ba77d6,99a4788cb24856965c36a24e339b6058,1,bed_bath_table
9b7fcfa05fb6f8b88fea3d74a6ba77d6,aca2eb7d00ea1a7b8ebd4e68314663af,2,furniture_decor
9b7fcfa05fb6f8b88fea3d74a6ba77d6,422879e10f46682990de24d770e7f83d,3,garden_tools
9b7fcfa05fb6f8b88fea3d74a6ba77d6,53b36df67ebb7c41585e8d54d6772e08,4,watches_gifts
9b7fcfa05fb6f8b88fea3d74a6ba77d6,389d119b48cf3043d311335e499d9c6b,5,garden_tools
9b7fcfa05fb6f8b88fea3d74a6ba77d6,d1c427060a0f73f6b889a5c7c61f2ac4,6,computers_accessories
9b7fcfa05fb6f8b88fea3d74a6ba77d6,368c6c730842d78016ad823897a372db,7,garden_tools
9b7fcfa05fb6f8b88fea3d74a6ba77d6,53759a2ecddad2bb87a079a1f1519f73,8,garden_tools
9b7fcfa05fb6f8b88fea3d74a6ba77d6,154e7e31ebfa092203795c972e5804a6,9,health_beauty
9b7fcfa05fb6f8b88fea3d74a6ba77d6,2b4609f8948be18874494203496bc318,10,health_beauty
9c08d6f85c7fcec4b08ead25590c0af7,99a4788cb24856965c36a24e339b6058,1,bed_bath_table
9c08d6f85c7fcec4b08ead25590c0af7,aca2eb7d00ea1a7b8ebd4e68314663af,2,furniture_decor
9c08d6f85c7fcec4b08ead25590c0af7,422879e10f46682990de24d770e7f83d,3,garden_tools
9c08d6f85c7fcec4b08ead25590c0af7,53b36df67ebb7c41585e8d54d6772e08,4,watches_gifts
9c08d6f85c7fcec4b08ead25590c0af7,389d119b48cf3043d311335e499d9c6b,5,garden_tools
9c08d6f85c7fcec4b08ead25590c0af7,d1c427060a0f73f6b889a5c7c61f2ac4,6,computers_accessories
9c08d6f85c7fcec4b08ead25590c0af7,368c6c730842d78016ad823897a372db,7,garden_tools
9c08d6f85c7fcec4b08ead25590c0af7,53759a2ecddad2bb87a079a1f1519f73,8,garden_tools
9c08d6f85c7fcec4b08ead25590c0af7,154e7e31ebfa092203795c972e5804a6,9,health_beauty
9c08d6f85c7fcec4b08ead25590c0af7,2b4609f8948be18874494203496bc318,10,health_beauty
9c18cd0ba86443dce5c2e5157cbd2eff,ed1d57799b8b974641a1acb3fd994016,1,housewares
9c2014c8ebe041a98e9603375cd7bb6b,422879e10f46682990de24d770e7f83d,1,garden_tools
9c2014c8ebe041a98e9603375cd7bb6b,53759a2ecddad2bb87a079a1f1519f73,2,garden_tools
9c2014c8ebe041a98e9603375cd7bb6b,368c6c730842d78016ad823897a372db,3,garden_tools
9c2014c8ebe041a98e9603375cd7bb6b,0bcc3eeca39e1064258aa1e932269894,4,garden_tools
9c2014c8ebe041a98e9603375cd7bb6b,b0961721fd839e9982420e807758a2a6,5,garden_tools
9c2014c8ebe041a98e9603375cd7bb6b,abda62f854cffdc94184e6bccadc2286,6,housewares
9c2014c8ebe041a98e9603375cd7bb6b,774e21c631ca26cba7b5606bdca7460f,7,sports_leisure
9c2014c8ebe041a98e9603375cd7bb6b,97759b2e2035fcd87986a43119b56c7d,8,home_construction
9c2014c8ebe041a98e9603375cd7bb6b,680874c570dad71c0a2844cfbf417054,9,furniture_decor
9c2014c8ebe041a98e9603375cd7bb6b,d1c427060a0f73f6b889a5c7c61f2ac4,10,computers_accessories
9c4220872289f4e0239410f49e02e189,99a4788cb24856965c36a24e339b6058,1,bed_bath_table
9c4220872289f4e0239410f49e02e189,aca2eb7d00ea1a7b8ebd4e68314663af,2,furniture_decor
9c4220872289f4e0239410f49e02e189,422879e10f46682990de24d770e7f83d,3,garden_tools
9c4220872289f4e0239410f49e02e189,53b36df67ebb7c41585e8d54d6772e08,4,watches_gifts
9c4220872289f4e0239410f49e02e189,389d119b48cf3043d311335e499d9c6b,5,garden_tools
9c4220872289f4e0239410f49e02e189,d1c427060a0f73f6b889a5c7c61f2ac4,6,computers_accessories
9c4220872289f4e0239410f49e02e189,368c6c730842d78016ad823897a372db,7,garden_tools
9c4220872289f4e0239410f49e02e189,53759a2ecddad2bb87a079a1f1519f73,8,garden_tools
9c4220872289f4e0239410f49e02e189,154e7e31ebfa092203795c972e5804a6,9,health_beauty
9c4220872289f4e0239410f49e02e189,2b4609f8948be18874494203496bc318,10,health_beauty
9ca25c67e315e2a59b00eca2d4797734,a12c02e04fe31b34937656a5c5114a7f,1,auto
9cc5a07f169a1606fd347a56683e6ea6,b8a0d73b2a06e7910d9864dccdb0cda2,1,health_beauty
9cc5a07f169a1606fd347a56683e6ea6,f40876e0ef3cd5f9132b1f16b04b1346,2,health_beauty
9cc5a07f169a1606fd347a56683e6ea6,98ec655119c24de03b804696821f3955,3,health_beauty
9d42d5ee226121b6dc867197ce0529cc,1034b97aafcca692c8a2157f58f5b637,1,bed_bath_table
9d42d5ee226121b6dc867197ce0529cc,320e20e13905991b0d83e8f181fcc196,2,furniture_decor
9d42d5ee226121b6dc867197ce0529cc,a0ef8572cd061badd81ffc48dc04d1fa,3,furniture_decor
9d42d5ee226121b6dc867197ce0529cc,0efe972876d70927f5099b77f387c6c7,4,furniture_decor
9d42d5ee226121b6dc867197ce0529cc,e68a5a5626c4b1bfc5ca78202f898300,5,cool_stuff
9d42d5ee226121b6dc867197ce0529cc,2481a472d98c582b46bc2dfeae6f539f,6,furniture_decor
9d42d5ee226121b6dc867197ce0529cc,66a0a6e02b7f543e5b021ce361f267d4,7,cool_stuff
9f3495fec7de50e7f0e31d3f1ed3c526,99a4788cb24856965c36a24e339b6058,1,bed_bath_table
9f3495fec7de50e7f0e31d3f1ed3c526,aca2eb7d00ea1a7b8ebd4e68314663af,2,furniture_decor
9f3495fec7de50e7f0e31d3f1ed3c526,422879e10f46682990de24d770e7f83d,3,garden_tools
9f3495fec7de50e7f0e31d3f1ed3c526,53b36df67ebb7c41585e8d54d6772e08,4,watches_gifts
9f3495fec7de50e7f0e31d3f1ed3c526,389d119b48cf3043d311335e499d9c6b,5,garden_tools
9f3495fec7de50e7f0e31d3f1ed3c526,d1c427060a0f73f6b889a5c7c61f2ac4,6,computers_accessories
9f3495fec7de50e7f0e31d3f1ed3c526,368c6c730842d78016ad823897a372db,7,garden_tools
9f3495fec7de50e7f0e31d3f1ed3c526,53759a2ecddad2bb87a079a1f1519f73,8,garden_tools
9f3495fec7de50e7f0e31d3f1ed3c526,154e7e31ebfa092203795c972e5804a6,9,health_beauty
9f3495fec7de50e7f0e31d3f1ed3c526,2b4609f8948be18874494203496bc318,10,health_beauty
a0abd26659c9914690cbd3320d39fd96,1fe459940e7d5e442ac6c1ee4d137989,1,drinks
a147b35c04951884b4bbd65a0085cf88,99a4788cb24856965c36a24e339b6058,1,bed_bath_table
a147b35c04951884b4bbd65a0085cf88,aca2eb7d00ea1a7b8ebd4e68314663af,2,furniture_decor
a147b35c04951884b4bbd65a0085cf88,422879e10f46682990de24d770e7f83d,3,garden_tools
a147b35c04951884b4bbd65a0085cf88,53b36df67ebb7c41585e8d54d6772e08,4,watches_gifts
a147b35c04951884b4bbd65a0085cf88,389d119b48cf3043d311335e499d9c6b,5,garden_tools
a147b35c04951884b4bbd65a0085cf88,d1c427060a0f73f6b889a5c7c61f2ac4,6,computers_accessories
a147b35c04951884b4bbd65a0085cf88,368c6c730842d78016ad823897a372db,7,garden_tools
a147b35c04951884b4bbd65a0085cf88,53759a2ecddad2bb87a079a1f1519f73,8,garden_tools
a147b35c04951884b4bbd65a0085cf88,154e7e31ebfa092203795c972e5804a6,9,health_beauty
a147b35c04951884b4bbd65a0085cf88,2b4609f8948be18874494203496bc318,10,health_beauty
a1c61f8566347ec44ea37d22854634a1,99a4788cb24856965c36a24e339b6058,1,bed_bath_table
a1c61f8566347ec44ea37d22854634a1,aca2eb7d00ea1a7b8ebd4e68314663af,2,furniture_decor
a1c61f8566347ec44ea37d22854634a1,422879e10f46682990de24d770e7f83d,3,garden_tools
a1c61f8566347ec44ea37d22854634a1,53b36df67ebb7c41585e8d54d6772e08,4,watches_gifts
a1c61f8566347ec44ea37d22854634a1,389d119b48cf3043d311335e499d9c6b,5,garden_tools
a1c61f8566347ec44ea37d22854634a1,d1c427060a0f73f6b889a5c7c61f2ac4,6,computers_accessories
a1c61f8566347ec44ea37d22854634a1,368c6c730842d78016ad823897a372db,7,garden_tools
a1c61f8566347ec44ea37d22854634a1,53759a2ecddad2bb87a079a1f1519f73,8,garden_tools
a1c61f8566347ec44ea37d22854634a1,154e7e31ebfa092203795c972e5804a6,9,health_beauty
a1c61f8566347ec44ea37d22854634a1,2b4609f8948be18874494203496bc318,10,health_beauty
a262442e3ab89611b44877c7aaf77468,99a4788cb24856965c36a24e339b6058,1,bed_bath_table
a262442e3ab89611b44877c7aaf77468,aca2eb7d00ea1a7b8ebd4e68314663af,2,furniture_decor
a262442e3ab89611b44877c7aaf77468,422879e10f46682990de24d770e7f83d,3,garden_tools
a262442e3ab89611b44877c7aaf77468,53b36df67ebb7c41585e8d54d6772e08,4,watches_gifts
a262442e3ab89611b44877c7aaf77468,389d119b48cf3043d311335e499d9c6b,5,garden_tools
a262442e3ab89611b44877c7aaf77468,d1c427060a0f73f6b889a5c7c61f2ac4,6,computers_accessories
a262442e3ab89611b44877c7aaf77468,368c6c730842d78016ad823897a372db,7,garden_tools
a262442e3ab89611b44877c7aaf77468,53759a2ecddad2bb87a079a1f1519f73,8,garden_tools
a262442e3ab89611b44877c7aaf77468,154e7e31ebfa092203795c972e5804a6,9,health_beauty
a262442e3ab89611b44877c7aaf77468,2b4609f8948be18874494203496bc318,10,health_beauty
a278e5ab3d212b2c8285bdfa911b25a7,99a4788cb24856965c36a24e339b6058,1,bed_bath_table
a278e5ab3d212b2c8285bdfa911b25a7,aca2eb7d00ea1a7b8ebd4e68314663af,2,furniture_decor
a278e5ab3d212b2c8285bdfa911b25a7,422879e10f46682990de24d770e7f83d,3,garden_tools
a278e5ab3d212b2c8285bdfa911b25a7,53b36df67ebb7c41585e8d54d6772e08,4,watches_gifts
a278e5ab3d212b2c8285bdfa911b25a7,389d119b48cf3043d311335e499d9c6b,5,garden_tools
a278e5ab3d212b2c8285bdfa911b25a7,d1c427060a0f73f6b889a5c7c61f2ac4,6,computers_accessories
a278e5ab3d212b2c8285bdfa911b25a7,368c6c730842d78016ad823897a372db,7,garden_tools
a278e5ab3d212b2c8285bdfa911b25a7,53759a2ecddad2bb87a079a1f1519f73,8,garden_tools
a278e5ab3d212b2c8285bdfa911b25a7,154e7e31ebfa092203795c972e5804a6,9,health_beauty
a278e5ab3d212b2c8285bdfa911b25a7,2b4609f8948be18874494203496bc318,10,health_beauty
a2eb3545fdbc2c6687e8d66c78c206d6,c9e5a053551073d27ded320bd05971b4,1,pet_shop
a2eb3545fdbc2c6687e8d66c78c206d6,ed2067a9c1f79553088a3c67b99a9f97,2,food
a2ee01609cebac76651bfc4814f5500e,a029ecbeadd18685578725691cb11160,1,toys
a2ee01609cebac76651bfc4814f5500e,014a8a503291921f7b004a5215bb3c36,2,baby
a30af9d68fbfcafb8451854c528587f5,99a4788cb24856965c36a24e339b6058,1,bed_bath_table
a30af9d68fbfcafb8451854c528587f5,aca2eb7d00ea1a7b8ebd4e68314663af,2,furniture_decor
a30af9d68fbfcafb8451854c528587f5,422879e10f46682990de24d770e7f83d,3,garden_tools
a30af9d68fbfcafb8451854c528587f5,53b36df67ebb7c41585e8d54d6772e08,4,watches_gifts
a30af9d68fbfcafb8451854c528587f5,389d119b48cf3043d311335e499d9c6b,5,garden_tools
a30af9d68fbfcafb8451854c528587f5,d1c427060a0f73f6b889a5c7c61f2ac4,6,computers_accessories
a30af9d68fbfcafb8451854c528587f5,368c6c730842d78016ad823897a372db,7,garden_tools
a30af9d68fbfcafb8451854c528587f5,53759a2ecddad2bb87a079a1f1519f73,8,garden_tools
a30af9d68fbfcafb8451854c528587f5,154e7e31ebfa092203795c972e5804a6,9,health_beauty
a30af9d68fbfcafb8451854c528587f5,2b4609f8948be18874494203496bc318,10,health_beauty
a31ef19138e1e8ddad1c8c30612a044d,99a4788cb24856965c36a24e339b6058,1,bed_bath_table
a31ef19138e1e8ddad1c8c30612a044d,aca2eb7d00ea1a7b8ebd4e68314663af,2,furniture_decor
a31ef19138e1e8ddad1c8c30612a044d,422879e10f46682990de24d770e7f83d,3,garden_tools
a31ef19138e1e8ddad1c8c30612a044d,53b36df67ebb7c41585e8d54d6772e08,4,watches_gifts
a31ef19138e1e8ddad1c8c30612a044d,389d119b48cf3043d311335e499d9c6b,5,garden_tools
a31ef19138e1e8ddad1c8c30612a044d,d1c427060a0f73f6b889a5c7c61f2ac4,6,computers_accessories
a31ef19138e1e8ddad1c8c30612a044d,368c6c730842d78016ad823897a372db,7,garden_tools
a31ef19138e1e8ddad1c8c30612a044d,53759a2ecddad2bb87a079a1f1519f73,8,garden_tools
a31ef19138e1e8ddad1c8c30612a044d,154e7e31ebfa092203795c972e5804a6,9,health_beauty
a31ef19138e1e8ddad1c8c30612a044d,2b4609f8948be18874494203496bc318,10,health_beauty
a32fd99e791dbe323486039bce9ac35e,99a4788cb24856965c36a24e339b6058,1,bed_bath_table
a32fd99e791dbe323486039bce9ac35e,aca2eb7d00ea1a7b8ebd4e68314663af,2,furniture_decor
a32fd99e791dbe323486039bce9ac35e,422879e10f46682990de24d770e7f83d,3,garden_tools
a32fd99e791dbe323486039bce9ac35e,53b36df67ebb7c41585e8d54d6772e08,4,watches_gifts
a32fd99e791dbe323486039bce9ac35e,389d119b48cf3043d311335e499d9c6b,5,garden_tools
a32fd99e791dbe323486039bce9ac35e,d1c427060a0f73f6b889a5c7c61f2ac4,6,computers_accessories
a32fd99e791dbe323486039bce9ac35e,368c6c730842d78016ad823897a372db,7,garden_tools
a32fd99e791dbe323486039bce9ac35e,53759a2ecddad2bb87a079a1f1519f73,8,garden_tools
a32fd99e791dbe323486039bce9ac35e,154e7e31ebfa092203795c972e5804a6,9,health_beauty
a32fd99e791dbe323486039bce9ac35e,2b4609f8948be18874494203496bc318,10,health_beauty
a366793a4999f8cc135855c4dd347421,99a4788cb24856965c36a24e339b6058,1,bed_bath_table
a366793a4999f8cc135855c4dd347421,aca2eb7d00ea1a7b8ebd4e68314663af,2,furniture_decor
a366793a4999f8cc135855c4dd347421,422879e10f46682990de24d770e7f83d,3,garden_tools
a366793a4999f8cc135855c4dd347421,53b36df67ebb7c41585e8d54d6772e08,4,watches_gifts
a366793a4999f8cc135855c4dd347421,389d119b48cf3043d311335e499d9c6b,5,garden_tools
a366793a4999f8cc135855c4dd347421,d1c427060a0f73f6b889a5c7c61f2ac4,6,computers_accessories
a366793a4999f8cc135855c4dd347421,368c6c730842d78016ad823897a372db,7,garden_tools
a366793a4999f8cc135855c4dd347421,53759a2ecddad2bb87a079a1f1519f73,8,garden_tools
a366793a4999f8cc135855c4dd347421,154e7e31ebfa092203795c972e5804a6,9,health_beauty
a366793a4999f8cc135855c4dd347421,2b4609f8948be18874494203496bc318,10,health_beauty
a3ad86e859f1d0466bc1beb77fdf218c,d13a4acdb64c202e774e815db547e108,1,health_beauty
a3ad86e859f1d0466bc1beb77fdf218c,656e6ea7d86cf0008e67b693d33cc357,2,health_beauty
a3ad86e859f1d0466bc1beb77fdf218c,c589625c8ccc7bfd2e8f1fb041e24c4a,3,health_beauty
a3ad86e859f1d0466bc1beb77fdf218c,3258acb04d37e2f91f76c9250f3b80a0,4,health_beauty
a4030b5e97ffc14114e66d82df860f6f,99a4788cb24856965c36a24e339b6058,1,bed_bath_table
a4030b5e97ffc14114e66d82df860f6f,aca2eb7d00ea1a7b8ebd4e68314663af,2,furniture_decor
a4030b5e97ffc14114e66d82df860f6f,422879e10f46682990de24d770e7f83d,3,garden_tools
a4030b5e97ffc14114e66d82df860f6f,53b36df67ebb7c41585e8d54d6772e08,4,watches_gifts
a4030b5e97ffc14114e66d82df860f6f,389d119b48cf3043d311335e499d9c6b,5,garden_tools
a4030b5e97ffc14114e66d82df860f6f,d1c427060a0f73f6b889a5c7c61f2ac4,6,computers_accessories
a4030b5e97ffc14114e66d82df860f6f,368c6c730842d78016ad823897a372db,7,garden_tools
a4030b5e97ffc14114e66d82df860f6f,53759a2ecddad2bb87a079a1f1519f73,8,garden_tools
a4030b5e97ffc14114e66d82df860f6f,154e7e31ebfa092203795c972e5804a6,9,health_beauty
a4030b5e97ffc14114e66d82df860f6f,2b4609f8948be18874494203496bc318,10,health_beauty
a4e456eca4b667dc31e1881a4b56b319,e255eb3c42d6fbb54d63d32e4095de49,1,housewares
a54de86aa4370cc93031bb4e99d436b0,99a4788cb24856965c36a24e339b6058,1,bed_bath_table
a54de86aa4370cc93031bb4e99d436b0,aca2eb7d00ea1a7b8ebd4e68314663af,2,furniture_decor
a54de86aa4370cc93031bb4e99d436b0,422879e10f46682990de24d770e7f83d,3,garden_tools
a54de86aa4370cc93031bb4e99d436b0,53b36df67ebb7c41585e8d54d6772e08,4,watches_gifts
a54de86aa4370cc93031bb4e99d436b0,389d119b48cf3043d311335e499d9c6b,5,garden_tools
a54de86aa4370cc93031bb4e99d436b0,d1c427060a0f73f6b889a5c7c61f2ac4,6,computers_accessories
a54de86aa4370cc93031bb4e99d436b0,368c6c730842d78016ad823897a372db,7,garden_tools
a54de86aa4370cc93031bb4e99d436b0,53759a2ecddad2bb87a079a1f1519f73,8,garden_tools
a54de86aa4370cc93031bb4e99d436b0,154e7e31ebfa092203795c972e5804a6,9,health_beauty
a54de86aa4370cc93031bb4e99d436b0,2b4609f8948be18874494203496bc318,10,health_beauty
a55e19719dab7efad8d5b7b0bedf5326,99a4788cb24856965c36a24e339b6058,1,bed_bath_table
a55e19719dab7efad8d5b7b0bedf5326,aca2eb7d00ea1a7b8ebd4e68314663af,2,furniture_decor
a55e19719dab7efad8d5b7b0bedf5326,422879e10f46682990de24d770e7f83d,3,garden_tools
a55e19719dab7efad8d5b7b0bedf5326,53b36df67ebb7c41585e8d54d6772e08,4,watches_gifts
a55e19719dab7efad8d5b7b0bedf5326,389d119b48cf3043d311335e499d9c6b,5,garden_tools
a55e19719dab7efad8d5b7b0bedf5326,d1c427060a0f73f6b889a5c7c61f2ac4,6,computers_accessories
a55e19719dab7efad8d5b7b0bedf5326,368c6c730842d78016ad823897a372db,7,garden_tools
a55e19719dab7efad8d5b7b0bedf5326,53759a2ecddad2bb87a079a1f1519f73,8,garden_tools
a55e19719dab7efad8d5b7b0bedf5326,154e7e31ebfa092203795c972e5804a6,9,health_beauty
a55e19719dab7efad8d5b7b0bedf5326,2b4609f8948be18874494203496bc318,10,health_beauty
a72a2d4e19868dba726c0e6f49198c7e,6760d30ebea15ef6773a57346f9990ca,1,fashion_bags_accessories
a73c5464692d3bc09d64e3edefae9015,99a4788cb24856965c36a24e339b6058,1,bed_bath_table
a73c5464692d3bc09d64e3edefae9015,aca2eb7d00ea1a7b8ebd4e68314663af,2,furniture_decor
a73c5464692d3bc09d64e3edefae9015,422879e10f46682990de24d770e7f83d,3,garden_tools
a73c5464692d3bc09d64e3edefae9015,53b36df67ebb7c41585e8d54d6772e08,4,watches_gifts
a73c5464692d3bc09d64e3edefae9015,389d119b48cf3043d311335e499d9c6b,5,garden_tools
a73c5464692d3bc09d64e3edefae9015,d1c427060a0f73f6b889a5c7c61f2ac4,6,computers_accessories
a73c5464692d3bc09d64e3edefae9015,368c6c730842d78016ad823897a372db,7,garden_tools
a73c5464692d3bc09d64e3edefae9015,53759a2ecddad2bb87a079a1f1519f73,8,garden_tools
a73c5464692d3bc09d64e3edefae9015,154e7e31ebfa092203795c972e5804a6,9,health_beauty
a73c5464692d3bc09d64e3edefae9015,2b4609f8948be18874494203496bc318,10,health_beauty
a74cca5b53aa3fb9a6841f847033dcc1,99a4788cb24856965c36a24e339b6058,1,bed_bath_table
a74cca5b53aa3fb9a6841f847033dcc1,aca2eb7d00ea1a7b8ebd4e68314663af,2,furniture_decor
a74cca5b53aa3fb9a6841f847033dcc1,422879e10f46682990de24d770e7f83d,3,garden_tools
a74cca5b53aa3fb9a6841f847033dcc1,53b36df67ebb7c41585e8d54d6772e08,4,watches_gifts
a74cca5b53aa3fb9a6841f847033dcc1,389d119b48cf3043d311335e499d9c6b,5,garden_tools
a74cca5b53aa3fb9a6841f847033dcc1,d1c427060a0f73f6b889a5c7c61f2ac4,6,computers_accessories
a74cca5b53aa3fb9a6841f847033dcc1,368c6c730842d78016ad823897a372db,7,garden_tools
a74cca5b53aa3fb9a6841f847033dcc1,53759a2ecddad2bb87a079a1f1519f73,8,garden_tools
a74cca5b53aa3fb9a6841f847033dcc1,154e7e31ebfa092203795c972e5804a6,9,health_beauty
a74cca5b53aa3fb9a6841f847033dcc1,2b4609f8948be18874494203496bc318,10,health_beauty
a80bfbd1e59358c3afb4b2980455f171,db1e6fed56643b852af3132d255d9ddc,1,bed_bath_table
a914b2be4782207abc6758095ec9e8aa,99a4788cb24856965c36a24e339b6058,1,bed_bath_table
a914b2be4782207abc6758095ec9e8aa,aca2eb7d00ea1a7b8ebd4e68314663af,2,furniture_decor
a914b2be4782207abc6758095ec9e8aa,422879e10f46682990de24d770e7f83d,3,garden_tools
a914b2be4782207abc6758095ec9e8aa,53b36df67ebb7c41585e8d54d6772e08,4,watches_gifts
a914b2be4782207abc6758095ec9e8aa,389d119b48cf3043d311335e499d9c6b,5,garden_tools
a914b2be4782207abc6758095ec9e8aa,d1c427060a0f73f6b889a5c7c61f2ac4,6,computers_accessories
a914b2be4782207abc6758095ec9e8aa,368c6c730842d78016ad823897a372db,7,garden_tools
a914b2be4782207abc6758095ec9e8aa,53759a2ecddad2bb87a079a1f1519f73,8,garden_tools
a914b2be4782207abc6758095ec9e8aa,154e7e31ebfa092203795c972e5804a6,9,health_beauty
a914b2be4782207abc6758095ec9e8aa,2b4609f8948be18874494203496bc318,10,health_beauty
aa3bf249b773d47a88cd191c16152086,99a4788cb24856965c36a24e339b6058,1,bed_bath_table
aa3bf249b773d47a88cd191c16152086,aca2eb7d00ea1a7b8ebd4e68314663af,2,furniture_decor
aa3bf249b773d47a88cd191c16152086,422879e10f46682990de24d770e7f83d,3,garden_tools
aa3bf249b773d47a88cd191c16152086,53b36df67ebb7c41585e8d54d6772e08,4,watches_gifts
aa3bf249b773d47a88cd191c16152086,389d119b48cf3043d311335e499d9c6b,5,garden_tools
aa3bf249b773d47a88cd191c16152086,d1c427060a0f73f6b889a5c7c61f2ac4,6,computers_accessories
aa3bf249b773d47a88cd191c16152086,368c6c730842d78016ad823897a372db,7,garden_tools
aa3bf249b773d47a88cd191c16152086,53759a2ecddad2bb87a079a1f1519f73,8,garden_tools
aa3bf249b773d47a88cd191c16152086,154e7e31ebfa092203795c972e5804a6,9,health_beauty
aa3bf249b773d47a88cd191c16152086,2b4609f8948be18874494203496bc318,10,health_beauty
aa591348866497ba6bf83de62e4f8813,cf28a2b7bc92809a0574cf07772c88c4,1,bed_bath_table
aa591348866497ba6bf83de62e4f8813,f4d705aa95ccca448e5b0deb6e5290ba,2,bed_bath_table
aa89a987e1e092c318fbdc4b0e3dcc44,99a4788cb24856965c36a24e339b6058,1,bed_bath_table
aa89a987e1e092c318fbdc4b0e3dcc44,aca2eb7d00ea1a7b8ebd4e68314663af,2,furniture_decor
aa89a987e1e092c318fbdc4b0e3dcc44,422879e10f46682990de24d770e7f83d,3,garden_tools
aa89a987e1e092c318fbdc4b0e3dcc44,53b36df67ebb7c41585e8d54d6772e08,4,watches_gifts
aa89a987e1e092c318fbdc4b0e3dcc44,389d119b48cf3043d311335e499d9c6b,5,garden_tools
aa89a987e1e092c318fbdc4b0e3dcc44,d1c427060a0f73f6b889a5c7c61f2ac4,6,computers_accessories
aa89a987e1e092c318fbdc4b0e3dcc44,368c6c730842d78016ad823897a372db,7,garden_tools
aa89a987e1e092c318fbdc4b0e3dcc44,53759a2ecddad2bb87a079a1f1519f73,8,garden_tools
aa89a987e1e092c318fbdc4b0e3dcc44,154e7e31ebfa092203795c972e5804a6,9,health_beauty
aa89a987e1e092c318fbdc4b0e3dcc44,2b4609f8948be18874494203496bc318,10,health_beauty
ab6ec178286e6a6d70e9bfe90378bd95,99a4788cb24856965c36a24e339b6058,1,bed_bath_table
ab6ec178286e6a6d70e9bfe90378bd95,aca2eb7d00ea1a7b8ebd4e68314663af,2,furniture_decor
ab6ec178286e6a6d70e9bfe90378bd95,422879e10f46682990de24d770e7f83d,3,garden_tools
ab6ec178286e6a6d70e9bfe90378bd95,53b36df67ebb7c41585e8d54d6772e08,4,watches_gifts
ab6ec178286e6a6d70e9bfe90378bd95,389d119b48cf3043d311335e499d9c6b,5,garden_tools
ab6ec178286e6a6d70e9bfe90378bd95,d1c427060a0f73f6b889a5c7c61f2ac4,6,computers_accessories
ab6ec178286e6a6d70e9bfe90378bd95,368c6c730842d78016ad823897a372db,7,garden_tools
ab6ec178286e6a6d70e9bfe90378bd95,53759a2ecddad2bb87a079a1f1519f73,8,garden_tools
ab6ec178286e6a6d70e9bfe90378bd95,154e7e31ebfa092203795c972e5804a6,9,health_beauty
ab6ec178286e6a6d70e9bfe90378bd95,2b4609f8948be18874494203496bc318,10,health_beauty
abc9e5b32caf6ec0c8fa356117b66d66,99a4788cb24856965c36a24e339b6058,1,bed_bath_table
abc9e5b32caf6ec0c8fa356117b66d66,aca2eb7d00ea1a7b8ebd4e68314663af,2,furniture_decor
abc9e5b32caf6ec0c8fa356117b66d66,422879e10f46682990de24d770e7f83d,3,garden_tools
abc9e5b32caf6ec0c8fa356117b66d66,53b36df67ebb7c41585e8d54d6772e08,4,watches_gifts
abc9e5b32caf6ec0c8fa356117b66d66,389d119b48cf3043d311335e499d9c6b,5,garden_tools
abc9e5b32caf6ec0c8fa356117b66d66,d1c427060a0f73f6b889a5c7c61f2ac4,6,computers_accessories
abc9e5b32caf6ec0c8fa356117b66d66,368c6c730842d78016ad823897a372db,7,garden_tools
abc9e5b32caf6ec0c8fa356117b66d66,53759a2ecddad2bb87a079a1f1519f73,8,garden_tools
abc9e5b32caf6ec0c8fa356117b66d66,154e7e31ebfa092203795c972e5804a6,9,health_beauty
abc9e5b32caf6ec0c8fa356117b66d66,2b4609f8948be18874494203496bc318,10,health_beauty
accd68fd87adda3d6360d77daafd964d,c4baedd846ed09b85f78a781b522f126,1,garden_tools
accd68fd87adda3d6360d77daafd964d,52c80cedd4e90108bf4fa6a206ef6b03,2,garden_tools
accd68fd87adda3d6360d77daafd964d,87064fd995f81ddb8e735902047fe007,3,air_conditioning
accd68fd87adda3d6360d77daafd964d,db56f6d2b04c89eae4daba188842fd7b,4,luggage_accessories
accd68fd87adda3d6360d77daafd964d,1b7ce992a80ac036dd9ab73d08289712,5,electronics
accd68fd87adda3d6360d77daafd964d,2b939dc9b176d7fa21594d588815d4a4,6,luggage_accessories
accd68fd87adda3d6360d77daafd964d,0bcc3eeca39e1064258aa1e932269894,7,garden_tools
accd68fd87adda3d6360d77daafd964d,8c591ab0ca519558779df02023177f44,8,garden_tools
accd68fd87adda3d6360d77daafd964d,389d119b48cf3043d311335e499d9c6b,9,garden_tools
ad97668eed5826a5d800b15351bea269,fc831da5307b1a3e23ed0259a2b6b2a1,1,bed_bath_table
ad97668eed5826a5d800b15351bea269,1eba879220bd0981a0e2fbab499ed4e1,2,office_furniture
ad97668eed5826a5d800b15351bea269,f95d9369ebf76f811194c72bd22ff244,3,furniture_decor
ada6236b6bba2b0c3588aea846e43afb,12cabe5229bf1f037e257f645f04caa4,1,bed_bath_table
ada6236b6bba2b0c3588aea846e43afb,84f456958365164420cfc80fbe4c7fab,2,bed_bath_table
ae3e48f07b8242fa45f29dca1ce36a08,2d27434c710806b971a721da337a112a,1,watches_gifts
ae3e48f07b8242fa45f29dca1ce36a08,8264f2dcca3aa83cb217d7f09e9c8cf8,2,watches_gifts
ae3e48f07b8242fa45f29dca1ce36a08,dc52f0f5d3ec37a93eaf956cde4e5d2c,3,watches_gifts
ae899cddd0d9a9ae7f10099595241089,99a4788cb24856965c36a24e339b6058,1,bed_bath_table
ae899cddd0d9a9ae7f10099595241089,aca2eb7d00ea1a7b8ebd4e68314663af,2,furniture_decor
ae899cddd0d9a9ae7f10099595241089,422879e10f46682990de24d770e7f83d,3,garden_tools
ae899cddd0d9a9ae7f10099595241089,53b36df67ebb7c41585e8d54d6772e08,4,watches_gifts
ae899cddd0d9a9ae7f10099595241089,389d119b48cf3043d311335e499d9c6b,5,garden_tools
ae899cddd0d9a9ae7f10099595241089,d1c427060a0f73f6b889a5c7c61f2ac4,6,computers_accessories
ae899cddd0d9a9ae7f10099595241089,368c6c730842d78016ad823897a372db,7,garden_tools
ae899cddd0d9a9ae7f10099595241089,53759a2ecddad2bb87a079a1f1519f73,8,garden_tools
ae899cddd0d9a9ae7f10099595241089,154e7e31ebfa092203795c972e5804a6,9,health_beauty
ae899cddd0d9a9ae7f10099595241089,2b4609f8948be18874494203496bc318,10,health_beauty
aebdb8f05f5ebf99f858c1a75fb7035a,99a4788cb24856965c36a24e339b6058,1,bed_bath_table
aebdb8f05f5ebf99f858c1a75fb7035a,aca2eb7d00ea1a7b8ebd4e68314663af,2,furniture_decor
aebdb8f05f5ebf99f858c1a75fb7035a,422879e10f46682990de24d770e7f83d,3,garden_tools
aebdb8f05f5ebf99f858c1a75fb7035a,53b36df67ebb7c41585e8d54d6772e08,4,watches_gifts
aebdb8f05f5ebf99f858c1a75fb7035a,389d119b48cf3043d311335e499d9c6b,5,garden_tools
aebdb8f05f5ebf99f858c1a75fb7035a,d1c427060a0f73f6b889a5c7c61f2ac4,6,computers_accessories
aebdb8f05f5ebf99f858c1a75fb7035a,368c6c730842d78016ad823897a372db,7,garden_tools
aebdb8f05f5ebf99f858c1a75fb7035a,53759a2ecddad2bb87a079a1f1519f73,8,garden_tools
aebdb8f05f5ebf99f858c1a75fb7035a,154e7e31ebfa092203795c972e5804a6,9,health_beauty
aebdb8f05f5ebf99f858c1a75fb7035a,2b4609f8948be18874494203496bc318,10,health_beauty
aff7f8b5669fbc5d6f6097ce45e63b19,99a4788cb24856965c36a24e339b6058,1,bed_bath_table
aff7f8b5669fbc5d6f6097ce45e63b19,aca2eb7d00ea1a7b8ebd4e68314663af,2,furniture_decor
aff7f8b5669fbc5d6f6097ce45e63b19,422879e10f46682990de24d770e7f83d,3,garden_tools
aff7f8b5669fbc5d6f6097ce45e63b19,53b36df67ebb7c41585e8d54d6772e08,4,watches_gifts
aff7f8b5669fbc5d6f6097ce45e63b19,389d119b48cf3043d311335e499d9c6b,5,garden_tools
aff7f8b5669fbc5d6f6097ce45e63b19,d1c427060a0f73f6b889a5c7c61f2ac4,6,computers_accessories
aff7f8b5669fbc5d6f6097ce45e63b19,368c6c730842d78016ad823897a372db,7,garden_tools
aff7f8b5669fbc5d6f6097ce45e63b19,53759a2ecddad2bb87a079a1f1519f73,8,garden_tools
aff7f8b5669fbc5d6f6097ce45e63b19,154e7e31ebfa092203795c972e5804a6,9,health_beauty
aff7f8b5669fbc5d6f6097ce45e63b19,2b4609f8948be18874494203496bc318,10,health_beauty
b0468c2f2573d7b6bc5bc33479785e2a,99a4788cb24856965c36a24e339b6058,1,bed_bath_table
b0468c2f2573d7b6bc5bc33479785e2a,aca2eb7d00ea1a7b8ebd4e68314663af,2,furniture_decor
b0468c2f2573d7b6bc5bc33479785e2a,422879e10f46682990de24d770e7f83d,3,garden_tools
b0468c2f2573d7b6bc5bc33479785e2a,53b36df67ebb7c41585e8d54d6772e08,4,watches_gifts
b0468c2f2573d7b6bc5bc33479785e2a,389d119b48cf3043d311335e499d9c6b,5,garden_tools
b0468c2f2573d7b6bc5bc33479785e2a,d1c427060a0f73f6b889a5c7c61f2ac4,6,computers_accessories
b0468c2f2573d7b6bc5bc33479785e2a,368c6c730842d78016ad823897a372db,7,garden_tools
b0468c2f2573d7b6bc5bc33479785e2a,53759a2ecddad2bb87a079a1f1519f73,8,garden_tools
b0468c2f2573d7b6bc5bc33479785e2a,154e7e31ebfa092203795c972e5804a6,9,health_beauty
b0468c2f2573d7b6bc5bc33479785e2a,2b4609f8948be18874494203496bc318,10,health_beauty
b18c8cbd9616a95055ef4146f3f805e1,99a4788cb24856965c36a24e339b6058,1,bed_bath_table
b18c8cbd9616a95055ef4146f3f805e1,aca2eb7d00ea1a7b8ebd4e68314663af,2,furniture_decor
b18c8cbd9616a95055ef4146f3f805e1,422879e10f46682990de24d770e7f83d,3,garden_tools
b18c8cbd9616a95055ef4146f3f805e1,53b36df67ebb7c41585e8d54d6772e08,4,watches_gifts
b18c8cbd9616a95055ef4146f3f805e1,389d119b48cf3043d311335e499d9c6b,5,garden_tools
b18c8cbd9616a95055ef4146f3f805e1,d1c427060a0f73f6b889a5c7c61f2ac4,6,computers_accessories
b18c8cbd9616a95055ef4146f3f805e1,368c6c730842d78016ad823897a372db,7,garden_tools
b18c8cbd9616a95055ef4146f3f805e1,53759a2ecddad2bb87a079a1f1519f73,8,garden_tools
b18c8cbd9616a95055ef4146f3f805e1,154e7e31ebfa092203795c972e5804a6,9,health_beauty
b18c8cbd9616a95055ef4146f3f805e1,2b4609f8948be18874494203496bc318,10,health_beauty
b1a82c8d03f1811eb03d6cb6555ea68e,151133751552ad5bdd6645dfdcb0e728,1,bed_bath_table
b1addddee0c4b35550114227d2328cc4,29f4b939c9bce7b71f366ba0eef2c4d8,1,sports_leisure
b1addddee0c4b35550114227d2328cc4,5d5288d3096b9becaa3566f64fe88110,2,sports_leisure
b2c913a0723c7737e11067861e061913,678c229b41c0e497d35a25a8be1cc631,1,construction_tools_construction
b2c913a0723c7737e11067861e061913,bf1a9a02e2160143755052e6bf59740f,2,construction_tools_construction
b2c913a0723c7737e11067861e061913,d6fa8b99ed80bff9dcddd3fdefa6e68d,3,construction_tools_construction
b2c913a0723c7737e11067861e061913,507914b4af243e0589c389ac50545ef6,4,construction_tools_construction
b2c913a0723c7737e11067861e061913,5dae498eff2d80057f56122235a36aff,5,construction_tools_construction
b3a34bbf1a1d11885918ad3ad99083ae,99a4788cb24856965c36a24e339b6058,1,bed_bath_table
b3a34bbf1a1d11885918ad3ad99083ae,aca2eb7d00ea1a7b8ebd4e68314663af,2,furniture_decor
b3a34bbf1a1d11885918ad3ad99083ae,422879e10f46682990de24d770e7f83d,3,garden_tools
b3a34bbf1a1d11885918ad3ad99083ae,53b36df67ebb7c41585e8d54d6772e08,4,watches_gifts
b3a34bbf1a1d11885918ad3ad99083ae,389d119b48cf3043d311335e499d9c6b,5,garden_tools
b3a34bbf1a1d11885918ad3ad99083ae,d1c427060a0f73f6b889a5c7c61f2ac4,6,computers_accessories
b3a34bbf1a1d11885918ad3ad99083ae,368c6c730842d78016ad823897a372db,7,garden_tools
b3a34bbf1a1d11885918ad3ad99083ae,53759a2ecddad2bb87a079a1f1519f73,8,garden_tools
b3a34bbf1a1d11885918ad3ad99083ae,154e7e31ebfa092203795c972e5804a6,9,health_beauty
b3a34bbf1a1d11885918ad3ad99083ae,2b4609f8948be18874494203496bc318,10,health_beauty
b434a4f306b4eb09c0d57b76f0c4684d,99a4788cb24856965c36a24e339b6058,1,bed_bath_table
b434a4f306b4eb09c0d57b76f0c4684d,aca2eb7d00ea1a7b8ebd4e68314663af,2,furniture_decor
b434a4f306b4eb09c0d57b76f0c4684d,422879e10f46682990de24d770e7f83d,3,garden_tools
b434a4f306b4eb09c0d57b76f0c4684d,53b36df67ebb7c41585e8d54d6772e08,4,watches_gifts
b434a4f306b4eb09c0d57b76f0c4684d,389d119b48cf3043d311335e499d9c6b,5,garden_tools
b434a4f306b4eb09c0d57b76f0c4684d,d1c427060a0f73f6b889a5c7c61f2ac4,6,computers_accessories
b434a4f306b4eb09c0d57b76f0c4684d,368c6c730842d78016ad823897a372db,7,garden_tools
b434a4f306b4eb09c0d57b76f0c4684d,53759a2ecddad2bb87a079a1f1519f73,8,garden_tools
b434a4f306b4eb09c0d57b76f0c4684d,154e7e31ebfa092203795c972e5804a6,9,health_beauty
b434a4f306b4eb09c0d57b76f0c4684d,2b4609f8948be18874494203496bc318,10,health_beauty
b4418ae2225a81808d6c5a61f3a719ff,99a4788cb24856965c36a24e339b6058,1,bed_bath_table
b4418ae2225a81808d6c5a61f3a719ff,aca2eb7d00ea1a7b8ebd4e68314663af,2,furniture_decor
b4418ae2225a81808d6c5a61f3a719ff,422879e10f46682990de24d770e7f83d,3,garden_tools
b4418ae2225a81808d6c5a61f3a719ff,53b36df67ebb7c41585e8d54d6772e08,4,watches_gifts
b4418ae2225a81808d6c5a61f3a719ff,389d119b48cf3043d311335e499d9c6b,5,garden_tools
b4418ae2225a81808d6c5a61f3a719ff,d1c427060a0f73f6b889a5c7c61f2ac4,6,computers_accessories
b4418ae2225a81808d6c5a61f3a719ff,368c6c730842d78016ad823897a372db,7,garden_tools
b4418ae2225a81808d6c5a61f3a719ff,53759a2ecddad2bb87a079a1f1519f73,8,garden_tools
b4418ae2225a81808d6c5a61f3a719ff,154e7e31ebfa092203795c972e5804a6,9,health_beauty
b4418ae2225a81808d6c5a61f3a719ff,2b4609f8948be18874494203496bc318,10,health_beauty
b495d807ccbd38ea1be486a826c88008,99a4788cb24856965c36a24e339b6058,1,bed_bath_table
b495d807ccbd38ea1be486a826c88008,aca2eb7d00ea1a7b8ebd4e68314663af,2,furniture_decor
b495d807ccbd38ea1be486a826c88008,422879e10f46682990de24d770e7f83d,3,garden_tools
b495d807ccbd38ea1be486a826c88008,53b36df67ebb7c41585e8d54d6772e08,4,watches_gifts
b495d807ccbd38ea1be486a826c88008,389d119b48cf3043d311335e499d9c6b,5,garden_tools
b495d807ccbd38ea1be486a826c88008,d1c427060a0f73f6b889a5c7c61f2ac4,6,computers_accessories
b495d807ccbd38ea1be486a826c88008,368c6c730842d78016ad823897a372db,7,garden_tools
b495d807ccbd38ea1be486a826c88008,53759a2ecddad2bb87a079a1f1519f73,8,garden_tools
b495d807ccbd38ea1be486a826c88008,154e7e31ebfa092203795c972e5804a6,9,health_beauty
b495d807ccbd38ea1be486a826c88008,2b4609f8948be18874494203496bc318,10,health_beauty
b4b0901bb872cf9972b32a05733b3394,99a4788cb24856965c36a24e339b6058,1,bed_bath_table
b4b0901bb872cf9972b32a05733b3394,aca2eb7d00ea1a7b8ebd4e68314663af,2,furniture_decor
b4b0901bb872cf9972b32a05733b3394,422879e10f46682990de24d770e7f83d,3,garden_tools
b4b0901bb872cf9972b32a05733b3394,53b36df67ebb7c41585e8d54d6772e08,4,watches_gifts
b4b0901bb872cf9972b32a05733b3394,389d119b48cf3043d311335e499d9c6b,5,garden_tools
b4b0901bb872cf9972b32a05733b3394,d1c427060a0f73f6b889a5c7c61f2ac4,6,computers_accessories
b4b0901bb872cf9972b32a05733b3394,368c6c730842d78016ad823897a372db,7,garden_tools
b4b0901bb872cf9972b32a05733b3394,53759a2ecddad2bb87a079a1f1519f73,8,garden_tools
b4b0901bb872cf9972b32a05733b3394,154e7e31ebfa092203795c972e5804a6,9,health_beauty
b4b0901bb872cf9972b32a05733b3394,2b4609f8948be18874494203496bc318,10,health_beauty
b4be8ffe5a39196f0098f30316f7d7a1,b0c8da302d49498d2ce6be8c631e4e20,1,computers_accessories
b4d20b907a61795e8c8f3a7966c6cfb9,99a4788cb24856965c36a24e339b6058,1,bed_bath_table
b4d20b907a61795e8c8f3a7966c6cfb9,aca2eb7d00ea1a7b8ebd4e68314663af,2,furniture_decor
b4d20b907a61795e8c8f3a7966c6cfb9,422879e10f46682990de24d770e7f83d,3,garden_tools
b4d20b907a61795e8c8f3a7966c6cfb9,53b36df67ebb7c41585e8d54d6772e08,4,watches_gifts
b4d20b907a61795e8c8f3a7966c6cfb9,389d119b48cf3043d311335e499d9c6b,5,garden_tools
b4d20b907a61795e8c8f3a7966c6cfb9,d1c427060a0f73f6b889a5c7c61f2ac4,6,computers_accessories
b4d20b907a61795e8c8f3a7966c6cfb9,368c6c730842d78016ad823897a372db,7,garden_tools
b4d20b907a61795e8c8f3a7966c6cfb9,53759a2ecddad2bb87a079a1f1519f73,8,garden_tools
b4d20b907a61795e8c8f3a7966c6cfb9,154e7e31ebfa092203795c972e5804a6,9,health_beauty
b4d20b907a61795e8c8f3a7966c6cfb9,2b4609f8948be18874494203496bc318,10,health_beauty
b52b8debdefe66d4c0d7f44d9b4ff088,0c9452f6a812935c0615faee8bf8646b,1,office_furniture
b7474898d0dccad79a77bf2b0d23bbab,4c41f7f8ca78f88fa539d43d08c504d3,1,health_beauty
b7474898d0dccad79a77bf2b0d23bbab,ea2d6aa9595ad8927759e363f8210825,2,health_beauty
b7b162291adff744d6f3c6450557ffee,02ed3b595447e948efc3eac897e4df0e,1,bed_bath_table
b7b162291adff744d6f3c6450557ffee,dde35467201d3ff9e3f8e4297aa2768e,2,home_confort
b7b162291adff744d6f3c6450557ffee,44aadbb26d5c81d9846b0c48bc00d7a3,3,bed_bath_table
b7b162291adff744d6f3c6450557ffee,a1dd59756b92c62cd39375d0b0222698,4,bed_bath_table
b7b162291adff744d6f3c6450557ffee,f2f411f86bd5bd427e28e2a30771761f,5,bed_bath_table
b7b162291adff744d6f3c6450557ffee,937c825572d26b9e5a723527c6d625c6,6,bed_bath_table
b7b162291adff744d6f3c6450557ffee,39aa98469aa7460a9764311b3f8efb12,7,bed_bath_table
b7b68a8bb6ca48aefdd5790e04cda817,87cb507e0daa37bbf34956fd59eba832,1,watches_gifts
b7b68a8bb6ca48aefdd5790e04cda817,555cdc8ae3abc9870afa02367539b799,2,watches_gifts
b7b68a8bb6ca48aefdd5790e04cda817,3e6d2bde9274ac275013aa90d7e2bf16,3,watches_gifts
b7b68a8bb6ca48aefdd5790e04cda817,7dac8901a50cf3317d5372cbd3186ecd,4,watches_gifts
b7b68a8bb6ca48aefdd5790e04cda817,0bdd9a52d192d64770e33ae559512478,5,watches_gifts
b7b68a8bb6ca48aefdd5790e04cda817,2cbc1ae9dc8c4d81b096db0ee01ae0e6,6,watches_gifts
b7b68a8bb6ca48aefdd5790e04cda817,6c55ba2343f9df32c7f88a468352ff22,7,watches_gifts
b7b68a8bb6ca48aefdd5790e04cda817,02475368dfb38934fe55f574024fe1d7,8,watches_gifts
b7b68a8bb6ca48aefdd5790e04cda817,7703b8cb5b77fbb36518ea91e2ca734f,9,watches_gifts
b7b68a8bb6ca48aefdd5790e04cda817,5c692818d313aa12864b48ac0c2472c2,10,watches_gifts
b896655e2083a1d76b7b85df8fc86e40,55945cf4a4e6def88dcc8996a581608a,1,health_beauty
b896655e2083a1d76b7b85df8fc86e40,a42d9c825894f96fc6ed02610891454d,2,sports_leisure
b896655e2083a1d76b7b85df8fc86e40,368c6c730842d78016ad823897a372db,3,garden_tools
b9833a43443ed9fad7a66f9ffb80684c,99a4788cb24856965c36a24e339b6058,1,bed_bath_table
b9833a43443ed9fad7a66f9ffb80684c,aca2eb7d00ea1a7b8ebd4e68314663af,2,furniture_decor
b9833a43443ed9fad7a66f9ffb80684c,422879e10f46682990de24d770e7f83d,3,garden_tools
b9833a43443ed9fad7a66f9ffb80684c,53b36df67ebb7c41585e8d54d6772e08,4,watches_gifts
b9833a43443ed9fad7a66f9ffb80684c,389d119b48cf3043d311335e499d9c6b,5,garden_tools
b9833a43443ed9fad7a66f9ffb80684c,d1c427060a0f73f6b889a5c7c61f2ac4,6,computers_accessories
b9833a43443ed9fad7a66f9ffb80684c,368c6c730842d78016ad823897a372db,7,garden_tools
b9833a43443ed9fad7a66f9ffb80684c,53759a2ecddad2bb87a079a1f1519f73,8,garden_tools
b9833a43443ed9fad7a66f9ffb80684c,154e7e31ebfa092203795c972e5804a6,9,health_beauty
b9833a43443ed9fad7a66f9ffb80684c,2b4609f8948be18874494203496bc318,10,health_beauty
b9bab1d3bf90360ff3942299971001ef,99a4788cb24856965c36a24e339b6058,1,bed_bath_table
b9bab1d3bf90360ff3942299971001ef,aca2eb7d00ea1a7b8ebd4e68314663af,2,furniture_decor
b9bab1d3bf90360ff3942299971001ef,422879e10f46682990de24d770e7f83d,3,garden_tools
b9bab1d3bf90360ff3942299971001ef,53b36df67ebb7c41585e8d54d6772e08,4,watches_gifts
b9bab1d3bf90360ff3942299971001ef,389d119b48cf3043d311335e499d9c6b,5,garden_tools
b9bab1d3bf90360ff3942299971001ef,d1c427060a0f73f6b889a5c7c61f2ac4,6,computers_accessories
b9bab1d3bf90360ff3942299971001ef,368c6c730842d78016ad823897a372db,7,garden_tools
b9bab1d3bf90360ff3942299971001ef,53759a2ecddad2bb87a079a1f1519f73,8,garden_tools
b9bab1d3bf90360ff3942299971001ef,154e7e31ebfa092203795c972e5804a6,9,health_beauty
b9bab1d3bf90360ff3942299971001ef,2b4609f8948be18874494203496bc318,10,health_beauty
b9badb100ff8ecc16a403111209e3a06,7ddc9c0c8d8ff59c19050d36d2bdcb2a,1,home_confort
b9badb100ff8ecc16a403111209e3a06,abb9d7140478c19fd773dc14e8071abd,2,cool_stuff
b9badb100ff8ecc16a403111209e3a06,f4d18451e6c35980e6898e36dfd6fb55,3,bed_bath_table
baa8144c90cc484cda27858b86a32f99,99a4788cb24856965c36a24e339b6058,1,bed_bath_table
baa8144c90cc484cda27858b86a32f99,aca2eb7d00ea1a7b8ebd4e68314663af,2,furniture_decor
baa8144c90cc484cda27858b86a32f99,422879e10f46682990de24d770e7f83d,3,garden_tools
baa8144c90cc484cda27858b86a32f99,53b36df67ebb7c41585e8d54d6772e08,4,watches_gifts
baa8144c90cc484cda27858b86a32f99,389d119b48cf3043d311335e499d9c6b,5,garden_tools
baa8144c90cc484cda27858b86a32f99,d1c427060a0f73f6b889a5c7c61f2ac4,6,computers_accessories
baa8144c90cc484cda27858b86a32f99,368c6c730842d78016ad823897a372db,7,garden_tools
baa8144c90cc484cda27858b86a32f99,53759a2ecddad2bb87a079a1f1519f73,8,garden_tools
baa8144c90cc484cda27858b86a32f99,154e7e31ebfa092203795c972e5804a6,9,health_beauty
baa8144c90cc484cda27858b86a32f99,2b4609f8948be18874494203496bc318,10,health_beauty
bb6d785b806cb1eef824812b06b9f15b,99a4788cb24856965c36a24e339b6058,1,bed_bath_table
bb6d785b806cb1eef824812b06b9f15b,aca2eb7d00ea1a7b8ebd4e68314663af,2,furniture_decor
bb6d785b806cb1eef824812b06b9f15b,422879e10f46682990de24d770e7f83d,3,garden_tools
bb6d785b806cb1eef824812b06b9f15b,53b36df67ebb7c41585e8d54d6772e08,4,watches_gifts
bb6d785b806cb1eef824812b06b9f15b,389d119b48cf3043d311335e499d9c6b,5,garden_tools
bb6d785b806cb1eef824812b06b9f15b,d1c427060a0f73f6b889a5c7c61f2ac4,6,computers_accessories
bb6d785b806cb1eef824812b06b9f15b,368c6c730842d78016ad823897a372db,7,garden_tools
bb6d785b806cb1eef824812b06b9f15b,53759a2ecddad2bb87a079a1f1519f73,8,garden_tools
bb6d785b806cb1eef824812b06b9f15b,154e7e31ebfa092203795c972e5804a6,9,health_beauty
bb6d785b806cb1eef824812b06b9f15b,2b4609f8948be18874494203496bc318,10,health_beauty
bbf65e7823171a84e70a495dd6c34ceb,52c80cedd4e90108bf4fa6a206ef6b03,1,garden_tools
bbf65e7823171a84e70a495dd6c34ceb,87064fd995f81ddb8e735902047fe007,2,air_conditioning
bbf65e7823171a84e70a495dd6c34ceb,db56f6d2b04c89eae4daba188842fd7b,3,luggage_accessories
bbf65e7823171a84e70a495dd6c34ceb,1b7ce992a80ac036dd9ab73d08289712,4,electronics
bbf65e7823171a84e70a495dd6c34ceb,2b939dc9b176d7fa21594d588815d4a4,5,luggage_accessories
bbf65e7823171a84e70a495dd6c34ceb,0bcc3eeca39e1064258aa1e932269894,6,garden_tools
bbf65e7823171a84e70a495dd6c34ceb,8c591ab0ca519558779df02023177f44,7,garden_tools
bbf65e7823171a84e70a495dd6c34ceb,389d119b48cf3043d311335e499d9c6b,8,garden_tools
bbfa16828a49c356b46dcbea56ded834,ed2067a9c1f79553088a3c67b99a9f97,1,food
bcabe34e299eaf51bb601e89401e25e4,99a4788cb24856965c36a24e339b6058,1,bed_bath_table
bcabe34e299eaf51bb601e89401e25e4,aca2eb7d00ea1a7b8ebd4e68314663af,2,furniture_decor
bcabe34e299eaf51bb601e89401e25e4,422879e10f46682990de24d770e7f83d,3,garden_tools
bcabe34e299eaf51bb601e89401e25e4,53b36df67ebb7c41585e8d54d6772e08,4,watches_gifts
bcabe34e299eaf51bb601e89401e25e4,389d119b48cf3043d311335e499d9c6b,5,garden_tools
bcabe34e299eaf51bb601e89401e25e4,d1c427060a0f73f6b889a5c7c61f2ac4,6,computers_accessories
bcabe34e299eaf51bb601e89401e25e4,368c6c730842d78016ad823897a372db,7,garden_tools
bcabe34e299eaf51bb601e89401e25e4,53759a2ecddad2bb87a079a1f1519f73,8,garden_tools
bcabe34e299eaf51bb601e89401e25e4,154e7e31ebfa092203795c972e5804a6,9,health_beauty
bcabe34e299eaf51bb601e89401e25e4,2b4609f8948be18874494203496bc318,10,health_beauty
bd86b1862fe796149a4d2af57bd85451,69c1a709ba2ac6511ef8553b93074ec1,1,fashion_bags_accessories
bd86b1862fe796149a4d2af57bd85451,a1250bbcaa645885c9165eab1573b5c6,2,fashion_bags_accessories
bd86b1862fe796149a4d2af57bd85451,5115d8cd6438c0c4d8abdf38d5d41ebd,3,fashion_bags_accessories
bd8e0f3ea9fb694fc53c7a358643fc06,99a4788cb24856965c36a24e339b6058,1,bed_bath_table
bd8e0f3ea9fb694fc53c7a358643fc06,aca2eb7d00ea1a7b8ebd4e68314663af,2,furniture_decor
bd8e0f3ea9fb694fc53c7a358643fc06,422879e10f46682990de24d770e7f83d,3,garden_tools
bd8e0f3ea9fb694fc53c7a358643fc06,53b36df67ebb7c41585e8d54d6772e08,4,watches_gifts
bd8e0f3ea9fb694fc53c7a358643fc06,389d119b48cf3043d311335e499d9c6b,5,garden_tools
bd8e0f3ea9fb694fc53c7a358643fc06,d1c427060a0f73f6b889a5c7c61f2ac4,6,computers_accessories
bd8e0f3ea9fb694fc53c7a358643fc06,368c6c730842d78016ad823897a372db,7,garden_tools
bd8e0f3ea9fb694fc53c7a358643fc06,53759a2ecddad2bb87a079a1f1519f73,8,garden_tools
bd8e0f3ea9fb694fc53c7a358643fc06,154e7e31ebfa092203795c972e5804a6,9,health_beauty
bd8e0f3ea9fb694fc53c7a358643fc06,2b4609f8948be18874494203496bc318,10,health_beauty
bd9faf610de6660a02b39510406c8e9f,99a4788cb24856965c36a24e339b6058,1,bed_bath_table
bd9faf610de6660a02b39510406c8e9f,aca2eb7d00ea1a7b8ebd4e68314663af,2,furniture_decor
bd9faf610de6660a02b39510406c8e9f,422879e10f46682990de24d770e7f83d,3,garden_tools
bd9faf610de6660a02b39510406c8e9f,53b36df67ebb7c41585e8d54d6772e08,4,watches_gifts
bd9faf610de6660a02b39510406c8e9f,389d119b48cf3043d311335e499d9c6b,5,garden_tools
bd9faf610de6660a02b39510406c8e9f,d1c427060a0f73f6b889a5c7c61f2ac4,6,computers_accessories
bd9faf610de6660a02b39510406c8e9f,368c6c730842d78016ad823897a372db,7,garden_tools
bd9faf610de6660a02b39510406c8e9f,53759a2ecddad2bb87a079a1f1519f73,8,garden_tools
bd9faf610de6660a02b39510406c8e9f,154e7e31ebfa092203795c972e5804a6,9,health_beauty
bd9faf610de6660a02b39510406c8e9f,2b4609f8948be18874494203496bc318,10,health_beauty
bdb40fdb1df62064c8ee38b845459e77,99a4788cb24856965c36a24e339b6058,1,bed_bath_table
bdb40fdb1df62064c8ee38b845459e77,aca2eb7d00ea1a7b8ebd4e68314663af,2,furniture_decor
bdb40fdb1df62064c8ee38b845459e77,422879e10f46682990de24d770e7f83d,3,garden_tools
bdb40fdb1df62064c8ee38b845459e77,53b36df67ebb7c41585e8d54d6772e08,4,watches_gifts
bdb40fdb1df62064c8ee38b845459e77,389d119b48cf3043d311335e499d9c6b,5,garden_tools
bdb40fdb1df62064c8ee38b845459e77,d1c427060a0f73f6b889a5c7c61f2ac4,6,computers_accessories
bdb40fdb1df62064c8ee38b845459e77,368c6c730842d78016ad823897a372db,7,garden_tools
bdb40fdb1df62064c8ee38b845459e77,53759a2ecddad2bb87a079a1f1519f73,8,garden_tools
bdb40fdb1df62064c8ee38b845459e77,154e7e31ebfa092203795c972e5804a6,9,health_beauty
bdb40fdb1df62064c8ee38b845459e77,2b4609f8948be18874494203496bc318,10,health_beauty
bf1dd33f93c58ea45d677d7e871e098e,99a4788cb24856965c36a24e339b6058,1,bed_bath_table
bf1dd33f93c58ea45d677d7e871e098e,aca2eb7d00ea1a7b8ebd4e68314663af,2,furniture_decor
bf1dd33f93c58ea45d677d7e871e098e,422879e10f46682990de24d770e7f83d,3,garden_tools
bf1dd33f93c58ea45d677d7e871e098e,53b36df67ebb7c41585e8d54d6772e08,4,watches_gifts
bf1dd33f93c58ea45d677d7e871e098e,389d119b48cf3043d311335e499d9c6b,5,garden_tools
bf1dd33f93c58ea45d677d7e871e098e,d1c427060a0f73f6b889a5c7c61f2ac4,6,computers_accessories
bf1dd33f93c58ea45d677d7e871e098e,368c6c730842d78016ad823897a372db,7,garden_tools
bf1dd33f93c58ea45d677d7e871e098e,53759a2ecddad2bb87a079a1f1519f73,8,garden_tools
bf1dd33f93c58ea45d677d7e871e098e,154e7e31ebfa092203795c972e5804a6,9,health_beauty
bf1dd33f93c58ea45d677d7e871e098e,2b4609f8948be18874494203496bc318,10,health_beauty
bfe14bfa136397036c4fd0cade75c68c,99a4788cb24856965c36a24e339b6058,1,bed_bath_table
bfe14bfa136397036c4fd0cade75c68c,aca2eb7d00ea1a7b8ebd4e68314663af,2,furniture_decor
bfe14bfa136397036c4fd0cade75c68c,422879e10f46682990de24d770e7f83d,3,garden_tools
bfe14bfa136397036c4fd0cade75c68c,53b36df67ebb7c41585e8d54d6772e08,4,watches_gifts
bfe14bfa136397036c4fd0cade75c68c,389d119b48cf3043d311335e499d9c6b,5,garden_tools
bfe14bfa136397036c4fd0cade75c68c,d1c427060a0f73f6b889a5c7c61f2ac4,6,computers_accessories
bfe14bfa136397036c4fd0cade75c68c,368c6c730842d78016ad823897a372db,7,garden_tools
bfe14bfa136397036c4fd0cade75c68c,53759a2ecddad2bb87a079a1f1519f73,8,garden_tools
bfe14bfa136397036c4fd0cade75c68c,154e7e31ebfa092203795c972e5804a6,9,health_beauty
bfe14bfa136397036c4fd0cade75c68c,2b4609f8948be18874494203496bc318,10,health_beauty
c04a6c1c190e47ec62b4bb139921331a,99a4788cb24856965c36a24e339b6058,1,bed_bath_table
c04a6c1c190e47ec62b4bb139921331a,aca2eb7d00ea1a7b8ebd4e68314663af,2,furniture_decor
c04a6c1c190e47ec62b4bb139921331a,422879e10f46682990de24d770e7f83d,3,garden_tools
c04a6c1c190e47ec62b4bb139921331a,53b36df67ebb7c41585e8d54d6772e08,4,watches_gifts
c04a6c1c190e47ec62b4bb139921331a,389d119b48cf3043d311335e499d9c6b,5,garden_tools
c04a6c1c190e47ec62b4bb139921331a,d1c427060a0f73f6b889a5c7c61f2ac4,6,computers_accessories
c04a6c1c190e47ec62b4bb139921331a,368c6c730842d78016ad823897a372db,7,garden_tools
c04a6c1c190e47ec62b4bb139921331a,53759a2ecddad2bb87a079a1f1519f73,8,garden_tools
c04a6c1c190e47ec62b4bb139921331a,154e7e31ebfa092203795c972e5804a6,9,health_beauty
c04a6c1c190e47ec62b4bb139921331a,2b4609f8948be18874494203496bc318,10,health_beauty
c0ceb197de4a31388883a6369ec291d6,99a4788cb24856965c36a24e339b6058,1,bed_bath_table
c0ceb197de4a31388883a6369ec291d6,aca2eb7d00ea1a7b8ebd4e68314663af,2,furniture_decor
c0ceb197de4a31388883a6369ec291d6,422879e10f46682990de24d770e7f83d,3,garden_tools
c0ceb197de4a31388883a6369ec291d6,53b36df67ebb7c41585e8d54d6772e08,4,watches_gifts
c0ceb197de4a31388883a6369ec291d6,389d119b48cf3043d311335e499d9c6b,5,garden_tools
c0ceb197de4a31388883a6369ec291d6,d1c427060a0f73f6b889a5c7c61f2ac4,6,computers_accessories
c0ceb197de4a31388883a6369ec291d6,368c6c730842d78016ad823897a372db,7,garden_tools
c0ceb197de4a31388883a6369ec291d6,53759a2ecddad2bb87a079a1f1519f73,8,garden_tools
c0ceb197de4a31388883a6369ec291d6,154e7e31ebfa092203795c972e5804a6,9,health_beauty
c0ceb197de4a31388883a6369ec291d6,2b4609f8948be18874494203496bc318,10,health_beauty
c27a30338b5d9d59399825f77e7dcc61,99a4788cb24856965c36a24e339b6058,1,bed_bath_table
c27a30338b5d9d59399825f77e7dcc61,aca2eb7d00ea1a7b8ebd4e68314663af,2,furniture_decor
c27a30338b5d9d59399825f77e7dcc61,422879e10f46682990de24d770e7f83d,3,garden_tools
c27a30338b5d9d59399825f77e7dcc61,53b36df67ebb7c41585e8d54d6772e08,4,watches_gifts
c27a30338b5d9d59399825f77e7dcc61,389d119b48cf3043d311335e499d9c6b,5,garden_tools
c27a30338b5d9d59399825f77e7dcc61,d1c427060a0f73f6b889a5c7c61f2ac4,6,computers_accessories
c27a30338b5d9d59399825f77e7dcc61,368c6c730842d78016ad823897a372db,7,garden_tools
c27a30338b5d9d59399825f77e7dcc61,53759a2ecddad2bb87a079a1f1519f73,8,garden_tools
c27a30338b5d9d59399825f77e7dcc61,154e7e31ebfa092203795c972e5804a6,9,health_beauty
c27a30338b5d9d59399825f77e7dcc61,2b4609f8948be18874494203496bc318,10,health_beauty
c2a444c39a2d87b50039f910db917e3d,99a4788cb24856965c36a24e339b6058,1,bed_bath_table
c2a444c39a2d87b50039f910db917e3d,aca2eb7d00ea1a7b8ebd4e68314663af,2,furniture_decor
c2a444c39a2d87b50039f910db917e3d,422879e10f46682990de24d770e7f83d,3,garden_tools
c2a444c39a2d87b50039f910db917e3d,53b36df67ebb7c41585e8d54d6772e08,4,watches_gifts
c2a444c39a2d87b50039f910db917e3d,389d119b48cf3043d311335e499d9c6b,5,garden_tools
c2a444c39a2d87b50039f910db917e3d,d1c427060a0f73f6b889a5c7c61f2ac4,6,computers_accessories
c2a444c39a2d87b50039f910db917e3d,368c6c730842d78016ad823897a372db,7,garden_tools
c2a444c39a2d87b50039f910db917e3d,53759a2ecddad2bb87a079a1f1519f73,8,garden_tools
c2a444c39a2d87b50039f910db917e3d,154e7e31ebfa092203795c972e5804a6,9,health_beauty
c2a444c39a2d87b50039f910db917e3d,2b4609f8948be18874494203496bc318,10,health_beauty
c32c120fa230c291ecc017406aa2f39d,99a4788cb24856965c36a24e339b6058,1,bed_bath_table
c32c120fa230c291ecc017406aa2f39d,aca2eb7d00ea1a7b8ebd4e68314663af,2,furniture_decor
c32c120fa230c291ecc017406aa2f39d,422879e10f46682990de24d770e7f83d,3,garden_tools
c32c120fa230c291ecc017406aa2f39d,53b36df67ebb7c41585e8d54d6772e08,4,watches_gifts
c32c120fa230c291ecc017406aa2f39d,389d119b48cf3043d311335e499d9c6b,5,garden_tools
c32c120fa230c291ecc017406aa2f39d,d1c427060a0f73f6b889a5c7c61f2ac4,6,computers_accessories
c32c120fa230c291ecc017406aa2f39d,368c6c730842d78016ad823897a372db,7,garden_tools
c32c120fa230c291ecc017406aa2f39d,53759a2ecddad2bb87a079a1f1519f73,8,garden_tools
c32c120fa230c291ecc017406aa2f39d,154e7e31ebfa092203795c972e5804a6,9,health_beauty
c32c120fa230c291ecc017406aa2f39d,2b4609f8948be18874494203496bc318,10,health_beauty
c36acb527b8f2c464abd036b879f4ec8,99a4788cb24856965c36a24e339b6058,1,bed_bath_table
c36acb527b8f2c464abd036b879f4ec8,aca2eb7d00ea1a7b8ebd4e68314663af,2,furniture_decor
c36acb527b8f2c464abd036b879f4ec8,422879e10f46682990de24d770e7f83d,3,garden_tools
c36acb527b8f2c464abd036b879f4ec8,53b36df67ebb7c41585e8d54d6772e08,4,watches_gifts
c36acb527b8f2c464abd036b879f4ec8,389d119b48cf3043d311335e499d9c6b,5,garden_tools
c36acb527b8f2c464abd036b879f4ec8,d1c427060a0f73f6b889a5c7c61f2ac4,6,computers_accessories
c36acb527b8f2c464abd036b879f4ec8,368c6c730842d78016ad823897a372db,7,garden_tools
c36acb527b8f2c464abd036b879f4ec8,53759a2ecddad2bb87a079a1f1519f73,8,garden_tools
c36acb527b8f2c464abd036b879f4ec8,154e7e31ebfa092203795c972e5804a6,9,health_beauty
c36acb527b8f2c464abd036b879f4ec8,2b4609f8948be18874494203496bc318,10,health_beauty
c37cc6c1a59d81460a3059744f7ada1c,99a4788cb24856965c36a24e339b6058,1,bed_bath_table
c37cc6c1a59d81460a3059744f7ada1c,aca2eb7d00ea1a7b8ebd4e68314663af,2,furniture_decor
c37cc6c1a59d81460a3059744f7ada1c,422879e10f46682990de24d770e7f83d,3,garden_tools
c37cc6c1a59d81460a3059744f7ada1c,53b36df67ebb7c41585e8d54d6772e08,4,watches_gifts
c37cc6c1a59d81460a3059744f7ada1c,389d119b48cf3043d311335e499d9c6b,5,garden_tools
c37cc6c1a59d81460a3059744f7ada1c,d1c427060a0f73f6b889a5c7c61f2ac4,6,computers_accessories
c37cc6c1a59d81460a3059744f7ada1c,368c6c730842d78016ad823897a372db,7,garden_tools
c37cc6c1a59d81460a3059744f7ada1c,53759a2ecddad2bb87a079a1f1519f73,8,garden_tools
c37cc6c1a59d81460a3059744f7ada1c,154e7e31ebfa092203795c972e5804a6,9,health_beauty
c37cc6c1a59d81460a3059744f7ada1c,2b4609f8948be18874494203496bc318,10,health_beauty
c4de6c1719eff03b6d30aff09571e272,bf3f9743aeca956fe97611364fec85d9,1,computers_accessories
c4de6c1719eff03b6d30aff09571e272,2b2d98d1e9b6f68a472c5ace64d704fa,2,computers_accessories
c4de6c1719eff03b6d30aff09571e272,84d0e98e468edffdfe4f1f5b178d4ecc,3,sports_leisure
c4de6c1719eff03b6d30aff09571e272,f3720bc68555b1bff49b9ffd41b017ac,4,computers_accessories
c4de6c1719eff03b6d30aff09571e272,6987398dff454a3138231540e2a6ec61,5,computers_accessories
c4de6c1719eff03b6d30aff09571e272,909b87db6cb3a7ab26bd03cc59860136,6,computers_accessories
c4de6c1719eff03b6d30aff09571e272,36f60d45225e60c7da4558b070ce4b60,7,computers_accessories
c5cc0bee4b73138ed973a1720df085aa,99a4788cb24856965c36a24e339b6058,1,bed_bath_table
c5cc0bee4b73138ed973a1720df085aa,aca2eb7d00ea1a7b8ebd4e68314663af,2,furniture_decor
c5cc0bee4b73138ed973a1720df085aa,422879e10f46682990de24d770e7f83d,3,garden_tools
c5cc0bee4b73138ed973a1720df085aa,53b36df67ebb7c41585e8d54d6772e08,4,watches_gifts
c5cc0bee4b73138ed973a1720df085aa,389d119b48cf3043d311335e499d9c6b,5,garden_tools
c5cc0bee4b73138ed973a1720df085aa,d1c427060a0f73f6b889a5c7c61f2ac4,6,computers_accessories
c5cc0bee4b73138ed973a1720df085aa,368c6c730842d78016ad823897a372db,7,garden_tools
c5cc0bee4b73138ed973a1720df085aa,53759a2ecddad2bb87a079a1f1519f73,8,garden_tools
c5cc0bee4b73138ed973a1720df085aa,154e7e31ebfa092203795c972e5804a6,9,health_beauty
c5cc0bee4b73138ed973a1720df085aa,2b4609f8948be18874494203496bc318,10,health_beauty
c694ffd0ff6d172ecf34fcd4202c8693,99a4788cb24856965c36a24e339b6058,1,bed_bath_table
c694ffd0ff6d172ecf34fcd4202c8693,aca2eb7d00ea1a7b8ebd4e68314663af,2,furniture_decor
c694ffd0ff6d172ecf34fcd4202c8693,422879e10f46682990de24d770e7f83d,3,garden_tools
c694ffd0ff6d172ecf34fcd4202c8693,53b36df67ebb7c41585e8d54d6772e08,4,watches_gifts
c694ffd0ff6d172ecf34fcd4202c8693,389d119b48cf3043d311335e499d9c6b,5,garden_tools
c694ffd0ff6d172ecf34fcd4202c8693,d1c427060a0f73f6b889a5c7c61f2ac4,6,computers_accessories
c694ffd0ff6d172ecf34fcd4202c8693,368c6c730842d78016ad823897a372db,7,garden_tools
c694ffd0ff6d172ecf34fcd4202c8693,53759a2ecddad2bb87a079a1f1519f73,8,garden_tools
c694ffd0ff6d172ecf34fcd4202c8693,154e7e31ebfa092203795c972e5804a6,9,health_beauty
c694ffd0ff6d172ecf34fcd4202c8693,2b4609f8948be18874494203496bc318,10,health_beauty
c6b2ccbe75ac5addb40fcff5db96a5c1,99a4788cb24856965c36a24e339b6058,1,bed_bath_table
c6b2ccbe75ac5addb40fcff5db96a5c1,aca2eb7d00ea1a7b8ebd4e68314663af,2,furniture_decor
c6b2ccbe75ac5addb40fcff5db96a5c1,422879e10f46682990de24d770e7f83d,3,garden_tools
c6b2ccbe75ac5addb40fcff5db96a5c1,53b36df67ebb7c41585e8d54d6772e08,4,watches_gifts
c6b2ccbe75ac5addb40fcff5db96a5c1,389d119b48cf3043d311335e499d9c6b,5,garden_tools
c6b2ccbe75ac5addb40fcff5db96a5c1,d1c427060a0f73f6b889a5c7c61f2ac4,6,computers_accessories
c6b2ccbe75ac5addb40fcff5db96a5c1,368c6c730842d78016ad823897a372db,7,garden_tools
c6b2ccbe75ac5addb40fcff5db96a5c1,53759a2ecddad2bb87a079a1f1519f73,8,garden_tools
c6b2ccbe75ac5addb40fcff5db96a5c1,154e7e31ebfa092203795c972e5804a6,9,health_beauty
c6b2ccbe75ac5addb40fcff5db96a5c1,2b4609f8948be18874494203496bc318,10,health_beauty
c7819760e70376028f519e3b57e6c441,99a4788cb24856965c36a24e339b6058,1,bed_bath_table
c7819760e70376028f519e3b57e6c441,aca2eb7d00ea1a7b8ebd4e68314663af,2,furniture_decor
c7819760e70376028f519e3b57e6c441,422879e10f46682990de24d770e7f83d,3,garden_tools
c7819760e70376028f519e3b57e6c441,53b36df67ebb7c41585e8d54d6772e08,4,watches_gifts
c7819760e70376028f519e3b57e6c441,389d119b48cf3043d311335e499d9c6b,5,garden_tools
c7819760e70376028f519e3b57e6c441,d1c427060a0f73f6b889a5c7c61f2ac4,6,computers_accessories
c7819760e70376028f519e3b57e6c441,368c6c730842d78016ad823897a372db,7,garden_tools
c7819760e70376028f519e3b57e6c441,53759a2ecddad2bb87a079a1f1519f73,8,garden_tools
c7819760e70376028f519e3b57e6c441,154e7e31ebfa092203795c972e5804a6,9,health_beauty
c7819760e70376028f519e3b57e6c441,2b4609f8948be18874494203496bc318,10,health_beauty
c7c19110042036e6266adc998cbf1289,99a4788cb24856965c36a24e339b6058,1,bed_bath_table
c7c19110042036e6266adc998cbf1289,aca2eb7d00ea1a7b8ebd4e68314663af,2,furniture_decor
c7c19110042036e6266adc998cbf1289,422879e10f46682990de24d770e7f83d,3,garden_tools
c7c19110042036e6266adc998cbf1289,53b36df67ebb7c41585e8d54d6772e08,4,watches_gifts
c7c19110042036e6266adc998cbf1289,389d119b48cf3043d311335e499d9c6b,5,garden_tools
c7c19110042036e6266adc998cbf1289,d1c427060a0f73f6b889a5c7c61f2ac4,6,computers_accessories
c7c19110042036e6266adc998cbf1289,368c6c730842d78016ad823897a372db,7,garden_tools
c7c19110042036e6266adc998cbf1289,53759a2ecddad2bb87a079a1f1519f73,8,garden_tools
c7c19110042036e6266adc998cbf1289,154e7e31ebfa092203795c972e5804a6,9,health_beauty
c7c19110042036e6266adc998cbf1289,2b4609f8948be18874494203496bc318,10,health_beauty
c893e6fe915add1b28ef934048f0023e,99a4788cb24856965c36a24e339b6058,1,bed_bath_table
c893e6fe915add1b28ef934048f0023e,aca2eb7d00ea1a7b8ebd4e68314663af,2,furniture_decor
c893e6fe915add1b28ef934048f0023e,422879e10f46682990de24d770e7f83d,3,garden_tools
c893e6fe915add1b28ef934048f0023e,53b36df67ebb7c41585e8d54d6772e08,4,watches_gifts
c893e6fe915add1b28ef934048f0023e,389d119b48cf3043d311335e499d9c6b,5,garden_tools
c893e6fe915add1b28ef934048f0023e,d1c427060a0f73f6b889a5c7c61f2ac4,6,computers_accessories
c893e6fe915add1b28ef934048f0023e,368c6c730842d78016ad823897a372db,7,garden_tools
c893e6fe915add1b28ef934048f0023e,53759a2ecddad2bb87a079a1f1519f73,8,garden_tools
c893e6fe915add1b28ef934048f0023e,154e7e31ebfa092203795c972e5804a6,9,health_beauty
c893e6fe915add1b28ef934048f0023e,2b4609f8948be18874494203496bc318,10,health_beauty
c8abffe7e68de3d6c4b6dd6d4c320dd4,99a4788cb24856965c36a24e339b6058,1,bed_bath_table
c8abffe7e68de3d6c4b6dd6d4c320dd4,aca2eb7d00ea1a7b8ebd4e68314663af,2,furniture_decor
c8abffe7e68de3d6c4b6dd6d4c320dd4,422879e10f46682990de24d770e7f83d,3,garden_tools
c8abffe7e68de3d6c4b6dd6d4c320dd4,53b36df67ebb7c41585e8d54d6772e08,4,watches_gifts
c8abffe7e68de3d6c4b6dd6d4c320dd4,389d119b48cf3043d311335e499d9c6b,5,garden_tools
c8abffe7e68de3d6c4b6dd6d4c320dd4,d1c427060a0f73f6b889a5c7c61f2ac4,6,computers_accessories
c8abffe7e68de3d6c4b6dd6d4c320dd4,368c6c730842d78016ad823897a372db,7,garden_tools
c8abffe7e68de3d6c4b6dd6d4c320dd4,53759a2ecddad2bb87a079a1f1519f73,8,garden_tools
c8abffe7e68de3d6c4b6dd6d4c320dd4,154e7e31ebfa092203795c972e5804a6,9,health_beauty
c8abffe7e68de3d6c4b6dd6d4c320dd4,2b4609f8948be18874494203496bc318,10,health_beauty
c8e2ea7e324f7dd660e7481ec85bef3c,83bfae859f4a37b048a3abcecb17c506,1,housewares
c8e2ea7e324f7dd660e7481ec85bef3c,9e2ce829b01f3d1a0a9d5ddf7ee21864,2,housewares
ca12da7d856692d5cf4960c5edd99756,99a4788cb24856965c36a24e339b6058,1,bed_bath_table
ca12da7d856692d5cf4960c5edd99756,aca2eb7d00ea1a7b8ebd4e68314663af,2,furniture_decor
ca12da7d856692d5cf4960c5edd99756,422879e10f46682990de24d770e7f83d,3,garden_tools
ca12da7d856692d5cf4960c5edd99756,53b36df67ebb7c41585e8d54d6772e08,4,watches_gifts
ca12da7d856692d5cf4960c5edd99756,389d119b48cf3043d311335e499d9c6b,5,garden_tools
ca12da7d856692d5cf4960c5edd99756,d1c427060a0f73f6b889a5c7c61f2ac4,6,computers_accessories
ca12da7d856692d5cf4960c5edd99756,368c6c730842d78016ad823897a372db,7,garden_tools
ca12da7d856692d5cf4960c5edd99756,53759a2ecddad2bb87a079a1f1519f73,8,garden_tools
ca12da7d856692d5cf4960c5edd99756,154e7e31ebfa092203795c972e5804a6,9,health_beauty
ca12da7d856692d5cf4960c5edd99756,2b4609f8948be18874494203496bc318,10,health_beauty
ca77025e7201e3b30c44b472ff346268,99a4788cb24856965c36a24e339b6058,1,bed_bath_table
cb36d0f12c99d07935b706269045f613,99a4788cb24856965c36a24e339b6058,1,bed_bath_table
cb36d0f12c99d07935b706269045f613,aca2eb7d00ea1a7b8ebd4e68314663af,2,furniture_decor
cb36d0f12c99d07935b706269045f613,422879e10f46682990de24d770e7f83d,3,garden_tools
cb36d0f12c99d07935b706269045f613,53b36df67ebb7c41585e8d54d6772e08,4,watches_gifts
cb36d0f12c99d07935b706269045f613,389d119b48cf3043d311335e499d9c6b,5,garden_tools
cb36d0f12c99d07935b706269045f613,d1c427060a0f73f6b889a5c7c61f2ac4,6,computers_accessories
cb36d0f12c99d07935b706269045f613,368c6c730842d78016ad823897a372db,7,garden_tools
cb36d0f12c99d07935b706269045f613,53759a2ecddad2bb87a079a1f1519f73,8,garden_tools
cb36d0f12c99d07935b706269045f613,154e7e31ebfa092203795c972e5804a6,9,health_beauty
cb36d0f12c99d07935b706269045f613,2b4609f8948be18874494203496bc318,10,health_beauty
cc22ee560df02b4c4f088ac4233fa87d,99a4788cb24856965c36a24e339b6058,1,bed_bath_table
cc22ee560df02b4c4f088ac4233fa87d,aca2eb7d00ea1a7b8ebd4e68314663af,2,furniture_decor
cc22ee560df02b4c4f088ac4233fa87d,422879e10f46682990de24d770e7f83d,3,garden_tools
cc22ee560df02b4c4f088ac4233fa87d,53b36df67ebb7c41585e8d54d6772e08,4,watches_gifts
cc22ee560df02b4c4f088ac4233fa87d,389d119b48cf3043d311335e499d9c6b,5,garden_tools
cc22ee560df02b4c4f088ac4233fa87d,d1c427060a0f73f6b889a5c7c61f2ac4,6,computers_accessories
cc22ee560df02b4c4f088ac4233fa87d,368c6c730842d78016ad823897a372db,7,garden_tools
cc22ee560df02b4c4f088ac4233fa87d,53759a2ecddad2bb87a079a1f1519f73,8,garden_tools
cc22ee560df02b4c4f088ac4233fa87d,154e7e31ebfa092203795c972e5804a6,9,health_beauty
cc22ee560df02b4c4f088ac4233fa87d,2b4609f8948be18874494203496bc318,10,health_beauty
cc2bef54fa72102dca9777ff483f75a5,99a4788cb24856965c36a24e339b6058,1,bed_bath_table
cc2bef54fa72102dca9777ff483f75a5,aca2eb7d00ea1a7b8ebd4e68314663af,2,furniture_decor
cc2bef54fa72102dca9777ff483f75a5,422879e10f46682990de24d770e7f83d,3,garden_tools
cc2bef54fa72102dca9777ff483f75a5,53b36df67ebb7c41585e8d54d6772e08,4,watches_gifts
cc2bef54fa72102dca9777ff483f75a5,389d119b48cf3043d311335e499d9c6b,5,garden_tools
cc2bef54fa72102dca9777ff483f75a5,d1c427060a0f73f6b889a5c7c61f2ac4,6,computers_accessories
cc2bef54fa72102dca9777ff483f75a5,368c6c730842d78016ad823897a372db,7,garden_tools
cc2bef54fa72102dca9777ff483f75a5,53759a2ecddad2bb87a079a1f1519f73,8,garden_tools
cc2bef54fa72102dca9777ff483f75a5,154e7e31ebfa092203795c972e5804a6,9,health_beauty
cc2bef54fa72102dca9777ff483f75a5,2b4609f8948be18874494203496bc318,10,health_beauty
cc44d1f72587f44e3af25f68f1db8cd2,99a4788cb24856965c36a24e339b6058,1,bed_bath_table
cc44d1f72587f44e3af25f68f1db8cd2,aca2eb7d00ea1a7b8ebd4e68314663af,2,furniture_decor
cc44d1f72587f44e3af25f68f1db8cd2,422879e10f46682990de24d770e7f83d,3,garden_tools
cc44d1f72587f44e3af25f68f1db8cd2,53b36df67ebb7c41585e8d54d6772e08,4,watches_gifts
cc44d1f72587f44e3af25f68f1db8cd2,389d119b48cf3043d311335e499d9c6b,5,garden_tools
cc44d1f72587f44e3af25f68f1db8cd2,d1c427060a0f73f6b889a5c7c61f2ac4,6,computers_accessories
cc44d1f72587f44e3af25f68f1db8cd2,368c6c730842d78016ad823897a372db,7,garden_tools
cc44d1f72587f44e3af25f68f1db8cd2,53759a2ecddad2bb87a079a1f1519f73,8,garden_tools
cc44d1f72587f44e3af25f68f1db8cd2,154e7e31ebfa092203795c972e5804a6,9,health_beauty
cc44d1f72587f44e3af25f68f1db8cd2,2b4609f8948be18874494203496bc318,10,health_beauty
cc492df9ae61715ec0ede787f6f086d9,5f6906793eb1d554d76c39398ce08693,1,furniture_decor
ccafc1c3f270410521c3c6f3b249870f,99a4788cb24856965c36a24e339b6058,1,bed_bath_table
ccafc1c3f270410521c3c6f3b249870f,aca2eb7d00ea1a7b8ebd4e68314663af,2,furniture_decor
ccafc1c3f270410521c3c6f3b249870f,422879e10f46682990de24d770e7f83d,3,garden_tools
ccafc1c3f270410521c3c6f3b249870f,53b36df67ebb7c41585e8d54d6772e08,4,watches_gifts
ccafc1c3f270410521c3c6f3b249870f,389d119b48cf3043d311335e499d9c6b,5,garden_tools
ccafc1c3f270410521c3c6f3b249870f,d1c427060a0f73f6b889a5c7c61f2ac4,6,computers_accessories
ccafc1c3f270410521c3c6f3b249870f,368c6c730842d78016ad823897a372db,7,garden_tools
ccafc1c3f270410521c3c6f3b249870f,53759a2ecddad2bb87a079a1f1519f73,8,garden_tools
ccafc1c3f270410521c3c6f3b249870f,154e7e31ebfa092203795c972e5804a6,9,health_beauty
ccafc1c3f270410521c3c6f3b249870f,2b4609f8948be18874494203496bc318,10,health_beauty
cd0e1d42225b7f4cf78a382e4f57e704,99a4788cb24856965c36a24e339b6058,1,bed_bath_table
cd0e1d42225b7f4cf78a382e4f57e704,aca2eb7d00ea1a7b8ebd4e68314663af,2,furniture_decor
cd0e1d42225b7f4cf78a382e4f57e704,422879e10f46682990de24d770e7f83d,3,garden_tools
cd0e1d42225b7f4cf78a382e4f57e704,53b36df67ebb7c41585e8d54d6772e08,4,watches_gifts
cd0e1d42225b7f4cf78a382e4f57e704,389d119b48cf3043d311335e499d9c6b,5,garden_tools
cd0e1d42225b7f4cf78a382e4f57e704,d1c427060a0f73f6b889a5c7c61f2ac4,6,computers_accessories
cd0e1d42225b7f4cf78a382e4f57e704,368c6c730842d78016ad823897a372db,7,garden_tools
cd0e1d42225b7f4cf78a382e4f57e704,53759a2ecddad2bb87a079a1f1519f73,8,garden_tools
cd0e1d42225b7f4cf78a382e4f57e704,154e7e31ebfa092203795c972e5804a6,9,health_beauty
cd0e1d42225b7f4cf78a382e4f57e704,2b4609f8948be18874494203496bc318,10,health_beauty
cd6c68c5fad15e0a5a5c1150546704e0,4228398e19ac96e84e14924449bac556,1,toys
cd915c60db8686f9a3dc35745aa1691c,422879e10f46682990de24d770e7f83d,1,garden_tools
cd915c60db8686f9a3dc35745aa1691c,53759a2ecddad2bb87a079a1f1519f73,2,garden_tools
cd915c60db8686f9a3dc35745aa1691c,368c6c730842d78016ad823897a372db,3,garden_tools
cd915c60db8686f9a3dc35745aa1691c,0bcc3eeca39e1064258aa1e932269894,4,garden_tools
cd915c60db8686f9a3dc35745aa1691c,b0961721fd839e9982420e807758a2a6,5,garden_tools
cd915c60db8686f9a3dc35745aa1691c,abda62f854cffdc94184e6bccadc2286,6,housewares
cd915c60db8686f9a3dc35745aa1691c,774e21c631ca26cba7b5606bdca7460f,7,sports_leisure
cd915c60db8686f9a3dc35745aa1691c,97759b2e2035fcd87986a43119b56c7d,8,home_construction
cd915c60db8686f9a3dc35745aa1691c,680874c570dad71c0a2844cfbf417054,9,furniture_decor
cd915c60db8686f9a3dc35745aa1691c,d1c427060a0f73f6b889a5c7c61f2ac4,10,computers_accessories
cdc8b0d152b868db7e28de59f642c94a,99a4788cb24856965c36a24e339b6058,1,bed_bath_table
cdc8b0d152b868db7e28de59f642c94a,aca2eb7d00ea1a7b8ebd4e68314663af,2,furniture_decor
cdc8b0d152b868db7e28de59f642c94a,422879e10f46682990de24d770e7f83d,3,garden_tools
cdc8b0d152b868db7e28de59f642c94a,53b36df67ebb7c41585e8d54d6772e08,4,watches_gifts
cdc8b0d152b868db7e28de59f642c94a,389d119b48cf3043d311335e499d9c6b,5,garden_tools
cdc8b0d152b868db7e28de59f642c94a,d1c427060a0f73f6b889a5c7c61f2ac4,6,computers_accessories
cdc8b0d152b868db7e28de59f642c94a,368c6c730842d78016ad823897a372db,7,garden_tools
cdc8b0d152b868db7e28de59f642c94a,53759a2ecddad2bb87a079a1f1519f73,8,garden_tools
cdc8b0d152b868db7e28de59f642c94a,154e7e31ebfa092203795c972e5804a6,9,health_beauty
cdc8b0d152b868db7e28de59f642c94a,2b4609f8948be18874494203496bc318,10,health_beauty
cde6577300fbd06655ff162902f15b2a,99a4788cb24856965c36a24e339b6058,1,bed_bath_table
cde6577300fbd06655ff162902f15b2a,aca2eb7d00ea1a7b8ebd4e68314663af,2,furniture_decor
cde6577300fbd06655ff162902f15b2a,422879e10f46682990de24d770e7f83d,3,garden_tools
cde6577300fbd06655ff162902f15b2a,53b36df67ebb7c41585e8d54d6772e08,4,watches_gifts
cde6577300fbd06655ff162902f15b2a,389d119b48cf3043d311335e499d9c6b,5,garden_tools
cde6577300fbd06655ff162902f15b2a,d1c427060a0f73f6b889a5c7c61f2ac4,6,computers_accessories
cde6577300fbd06655ff162902f15b2a,368c6c730842d78016ad823897a372db,7,garden_tools
cde6577300fbd06655ff162902f15b2a,53759a2ecddad2bb87a079a1f1519f73,8,garden_tools
cde6577300fbd06655ff162902f15b2a,154e7e31ebfa092203795c972e5804a6,9,health_beauty
cde6577300fbd06655ff162902f15b2a,2b4609f8948be18874494203496bc318,10,health_beauty
ce41a50f9ff95ef577cb759483fe9165,186fe07c8b8005ec6a498587ffbc1352,1,watches_gifts
ce6160651998b40db0a0f3b9d69f7f3d,99a4788cb24856965c36a24e339b6058,1,bed_bath_table
ce6160651998b40db0a0f3b9d69f7f3d,aca2eb7d00ea1a7b8ebd4e68314663af,2,furniture_decor
ce6160651998b40db0a0f3b9d69f7f3d,422879e10f46682990de24d770e7f83d,3,garden_tools
ce6160651998b40db0a0f3b9d69f7f3d,53b36df67ebb7c41585e8d54d6772e08,4,watches_gifts
ce6160651998b40db0a0f3b9d69f7f3d,389d119b48cf3043d311335e499d9c6b,5,garden_tools
ce6160651998b40db0a0f3b9d69f7f3d,d1c427060a0f73f6b889a5c7c61f2ac4,6,computers_accessories
ce6160651998b40db0a0f3b9d69f7f3d,368c6c730842d78016ad823897a372db,7,garden_tools
ce6160651998b40db0a0f3b9d69f7f3d,53759a2ecddad2bb87a079a1f1519f73,8,garden_tools
ce6160651998b40db0a0f3b9d69f7f3d,154e7e31ebfa092203795c972e5804a6,9,health_beauty
ce6160651998b40db0a0f3b9d69f7f3d,2b4609f8948be18874494203496bc318,10,health_beauty
cfa69922f9968e0e6271647abda09b09,99a4788cb24856965c36a24e339b6058,1,bed_bath_table
cfa69922f9968e0e6271647abda09b09,aca2eb7d00ea1a7b8ebd4e68314663af,2,furniture_decor
cfa69922f9968e0e6271647abda09b09,422879e10f46682990de24d770e7f83d,3,garden_tools
cfa69922f9968e0e6271647abda09b09,53b36df67ebb7c41585e8d54d6772e08,4,watches_gifts
cfa69922f9968e0e6271647abda09b09,389d119b48cf3043d311335e499d9c6b,5,garden_tools
cfa69922f9968e0e6271647abda09b09,d1c427060a0f73f6b889a5c7c61f2ac4,6,computers_accessories
cfa69922f9968e0e6271647abda09b09,368c6c730842d78016ad823897a372db,7,garden_tools
cfa69922f9968e0e6271647abda09b09,53759a2ecddad2bb87a079a1f1519f73,8,garden_tools
cfa69922f9968e0e6271647abda09b09,154e7e31ebfa092203795c972e5804a6,9,health_beauty
cfa69922f9968e0e6271647abda09b09,2b4609f8948be18874494203496bc318,10,health_beauty
d0175fc564515a47e95bcfdf40e6bc07,99a4788cb24856965c36a24e339b6058,1,bed_bath_table
d0175fc564515a47e95bcfdf40e6bc07,aca2eb7d00ea1a7b8ebd4e68314663af,2,furniture_decor
d0175fc564515a47e95bcfdf40e6bc07,422879e10f46682990de24d770e7f83d,3,garden_tools
d0175fc564515a47e95bcfdf40e6bc07,53b36df67ebb7c41585e8d54d6772e08,4,watches_gifts
d0175fc564515a47e95bcfdf40e6bc07,389d119b48cf3043d311335e499d9c6b,5,garden_tools
d0175fc564515a47e95bcfdf40e6bc07,d1c427060a0f73f6b889a5c7c61f2ac4,6,computers_accessories
d0175fc564515a47e95bcfdf40e6bc07,368c6c730842d78016ad823897a372db,7,garden_tools
d0175fc564515a47e95bcfdf40e6bc07,53759a2ecddad2bb87a079a1f1519f73,8,garden_tools
d0175fc564515a47e95bcfdf40e6bc07,154e7e31ebfa092203795c972e5804a6,9,health_beauty
d0175fc564515a47e95bcfdf40e6bc07,2b4609f8948be18874494203496bc318,10,health_beauty
d08c29302907086e8fe823369542f3ae,2ffdf10e724b958c0f7ea69e97d32f64,1,watches_gifts
d08c29302907086e8fe823369542f3ae,53b36df67ebb7c41585e8d54d6772e08,2,watches_gifts
d132b863416f85f2abb1a988ca05dd12,1c93b38903bf11d9a9bd28f3c65481d6,1,home_confort
d132b863416f85f2abb1a988ca05dd12,946b20e2799c73ad1f8f95440f723ce4,2,bed_bath_table
d16f2966cda34d01f661bfc50635edb2,99a4788cb24856965c36a24e339b6058,1,bed_bath_table
d16f2966cda34d01f661bfc50635edb2,aca2eb7d00ea1a7b8ebd4e68314663af,2,furniture_decor
d16f2966cda34d01f661bfc50635edb2,422879e10f46682990de24d770e7f83d,3,garden_tools
d16f2966cda34d01f661bfc50635edb2,53b36df67ebb7c41585e8d54d6772e08,4,watches_gifts
d16f2966cda34d01f661bfc50635edb2,389d119b48cf3043d311335e499d9c6b,5,garden_tools
d16f2966cda34d01f661bfc50635edb2,d1c427060a0f73f6b889a5c7c61f2ac4,6,computers_accessories
d16f2966cda34d01f661bfc50635edb2,368c6c730842d78016ad823897a372db,7,garden_tools
d16f2966cda34d01f661bfc50635edb2,53759a2ecddad2bb87a079a1f1519f73,8,garden_tools
d16f2966cda34d01f661bfc50635edb2,154e7e31ebfa092203795c972e5804a6,9,health_beauty
d16f2966cda34d01f661bfc50635edb2,2b4609f8948be18874494203496bc318,10,health_beauty
d2c30c00f9787faf7349ea558c153613,99a4788cb24856965c36a24e339b6058,1,bed_bath_table
d2c30c00f9787faf7349ea558c153613,aca2eb7d00ea1a7b8ebd4e68314663af,2,furniture_decor
d2c30c00f9787faf7349ea558c153613,422879e10f46682990de24d770e7f83d,3,garden_tools
d2c30c00f9787faf7349ea558c153613,53b36df67ebb7c41585e8d54d6772e08,4,watches_gifts
d2c30c00f9787faf7349ea558c153613,389d119b48cf3043d311335e499d9c6b,5,garden_tools
d2c30c00f9787faf7349ea558c153613,d1c427060a0f73f6b889a5c7c61f2ac4,6,computers_accessories
d2c30c00f9787faf7349ea558c153613,368c6c730842d78016ad823897a372db,7,garden_tools
d2c30c00f9787faf7349ea558c153613,53759a2ecddad2bb87a079a1f1519f73,8,garden_tools
d2c30c00f9787faf7349ea558c153613,154e7e31ebfa092203795c972e5804a6,9,health_beauty
d2c30c00f9787faf7349ea558c153613,2b4609f8948be18874494203496bc318,10,health_beauty
d387ea85dc301a91740e31360d355686,286ae430a4ebbf9a6048a42f362fa322,1,watches_gifts
d387ea85dc301a91740e31360d355686,3625fbaf8284047185fb0351f2f84ae3,2,sports_leisure
d42d80a0e58167c0dbb59315c93788bc,99a4788cb24856965c36a24e339b6058,1,bed_bath_table
d42d80a0e58167c0dbb59315c93788bc,aca2eb7d00ea1a7b8ebd4e68314663af,2,furniture_decor
d42d80a0e58167c0dbb59315c93788bc,422879e10f46682990de24d770e7f83d,3,garden_tools
d42d80a0e58167c0dbb59315c93788bc,53b36df67ebb7c41585e8d54d6772e08,4,watches_gifts
d42d80a0e58167c0dbb59315c93788bc,389d119b48cf3043d311335e499d9c6b,5,garden_tools
d42d80a0e58167c0dbb59315c93788bc,d1c427060a0f73f6b889a5c7c61f2ac4,6,computers_accessories
d42d80a0e58167c0dbb59315c93788bc,368c6c730842d78016ad823897a372db,7,garden_tools
d42d80a0e58167c0dbb59315c93788bc,53759a2ecddad2bb87a079a1f1519f73,8,garden_tools
d42d80a0e58167c0dbb59315c93788bc,154e7e31ebfa092203795c972e5804a6,9,health_beauty
d42d80a0e58167c0dbb59315c93788bc,2b4609f8948be18874494203496bc318,10,health_beauty
d4a5e9f19897de65433c9d97bf4b9f8e,924c635d837c240da3956f3c28c1e6f4,1,construction_tools_lights
d58760239457cc420d92744d97087921,99a4788cb24856965c36a24e339b6058,1,bed_bath_table
d58760239457cc420d92744d97087921,aca2eb7d00ea1a7b8ebd4e68314663af,2,furniture_decor
d58760239457cc420d92744d97087921,422879e10f46682990de24d770e7f83d,3,garden_tools
d58760239457cc420d92744d97087921,53b36df67ebb7c41585e8d54d6772e08,4,watches_gifts
d58760239457cc420d92744d97087921,389d119b48cf3043d311335e499d9c6b,5,garden_tools
d58760239457cc420d92744d97087921,d1c427060a0f73f6b889a5c7c61f2ac4,6,computers_accessories
d58760239457cc420d92744d97087921,368c6c730842d78016ad823897a372db,7,garden_tools
d58760239457cc420d92744d97087921,53759a2ecddad2bb87a079a1f1519f73,8,garden_tools
d58760239457cc420d92744d97087921,154e7e31ebfa092203795c972e5804a6,9,health_beauty
d58760239457cc420d92744d97087921,2b4609f8948be18874494203496bc318,10,health_beauty
d5b4fce33a7ef8e6025bff334e6bbf1d,99a4788cb24856965c36a24e339b6058,1,bed_bath_table
d5b4fce33a7ef8e6025bff334e6bbf1d,aca2eb7d00ea1a7b8ebd4e68314663af,2,furniture_decor
d5b4fce33a7ef8e6025bff334e6bbf1d,422879e10f46682990de24d770e7f83d,3,garden_tools
d5b4fce33a7ef8e6025bff334e6bbf1d,53b36df67ebb7c41585e8d54d6772e08,4,watches_gifts
d5b4fce33a7ef8e6025bff334e6bbf1d,389d119b48cf3043d311335e499d9c6b,5,garden_tools
d5b4fce33a7ef8e6025bff334e6bbf1d,d1c427060a0f73f6b889a5c7c61f2ac4,6,computers_accessories
d5b4fce33a7ef8e6025bff334e6bbf1d,368c6c730842d78016ad823897a372db,7,garden_tools
d5b4fce33a7ef8e6025bff334e6bbf1d,53759a2ecddad2bb87a079a1f1519f73,8,garden_tools
d5b4fce33a7ef8e6025bff334e6bbf1d,154e7e31ebfa092203795c972e5804a6,9,health_beauty
d5b4fce33a7ef8e6025bff334e6bbf1d,2b4609f8948be18874494203496bc318,10,health_beauty
d60483078c0c81748581f80d355bbcba,99a4788cb24856965c36a24e339b6058,1,bed_bath_table
d60483078c0c81748581f80d355bbcba,aca2eb7d00ea1a7b8ebd4e68314663af,2,furniture_decor
d60483078c0c81748581f80d355bbcba,422879e10f46682990de24d770e7f83d,3,garden_tools
d60483078c0c81748581f80d355bbcba,53b36df67ebb7c41585e8d54d6772e08,4,watches_gifts
d60483078c0c81748581f80d355bbcba,389d119b48cf3043d311335e499d9c6b,5,garden_tools
d60483078c0c81748581f80d355bbcba,d1c427060a0f73f6b889a5c7c61f2ac4,6,computers_accessories
d60483078c0c81748581f80d355bbcba,368c6c730842d78016ad823897a372db,7,garden_tools
d60483078c0c81748581f80d355bbcba,53759a2ecddad2bb87a079a1f1519f73,8,garden_tools
d60483078c0c81748581f80d355bbcba,154e7e31ebfa092203795c972e5804a6,9,health_beauty
d60483078c0c81748581f80d355bbcba,2b4609f8948be18874494203496bc318,10,health_beauty
d64023c35e5c1452ce568e993ac12c86,99a4788cb24856965c36a24e339b6058,1,bed_bath_table
d64023c35e5c1452ce568e993ac12c86,aca2eb7d00ea1a7b8ebd4e68314663af,2,furniture_decor
d64023c35e5c1452ce568e993ac12c86,422879e10f46682990de24d770e7f83d,3,garden_tools
d64023c35e5c1452ce568e993ac12c86,53b36df67ebb7c41585e8d54d6772e08,4,watches_gifts
d64023c35e5c1452ce568e993ac12c86,389d119b48cf3043d311335e499d9c6b,5,garden_tools
d64023c35e5c1452ce568e993ac12c86,d1c427060a0f73f6b889a5c7c61f2ac4,6,computers_accessories
d64023c35e5c1452ce568e993ac12c86,368c6c730842d78016ad823897a372db,7,garden_tools
d64023c35e5c1452ce568e993ac12c86,53759a2ecddad2bb87a079a1f1519f73,8,garden_tools
d64023c35e5c1452ce568e993ac12c86,154e7e31ebfa092203795c972e5804a6,9,health_beauty
d64023c35e5c1452ce568e993ac12c86,2b4609f8948be18874494203496bc318,10,health_beauty
d65921a138c59000aff343f8c991b896,d1c427060a0f73f6b889a5c7c61f2ac4,1,computers_accessories
d65921a138c59000aff343f8c991b896,52c80cedd4e90108bf4fa6a206ef6b03,2,garden_tools
d6db3091e8c13023bf1e6d367b8c0847,99a4788cb24856965c36a24e339b6058,1,bed_bath_table
d6db3091e8c13023bf1e6d367b8c0847,aca2eb7d00ea1a7b8ebd4e68314663af,2,furniture_decor
d6db3091e8c13023bf1e6d367b8c0847,422879e10f46682990de24d770e7f83d,3,garden_tools
d6db3091e8c13023bf1e6d367b8c0847,53b36df67ebb7c41585e8d54d6772e08,4,watches_gifts
d6db3091e8c13023bf1e6d367b8c0847,389d119b48cf3043d311335e499d9c6b,5,garden_tools
d6db3091e8c13023bf1e6d367b8c0847,d1c427060a0f73f6b889a5c7c61f2ac4,6,computers_accessories
d6db3091e8c13023bf1e6d367b8c0847,368c6c730842d78016ad823897a372db,7,garden_tools
d6db3091e8c13023bf1e6d367b8c0847,53759a2ecddad2bb87a079a1f1519f73,8,garden_tools
d6db3091e8c13023bf1e6d367b8c0847,154e7e31ebfa092203795c972e5804a6,9,health_beauty
d6db3091e8c13023bf1e6d367b8c0847,2b4609f8948be18874494203496bc318,10,health_beauty
d75acd4c5b7b4dfd32b9d9172b195419,99a4788cb24856965c36a24e339b6058,1,bed_bath_table
d75acd4c5b7b4dfd32b9d9172b195419,aca2eb7d00ea1a7b8ebd4e68314663af,2,furniture_decor
d75acd4c5b7b4dfd32b9d9172b195419,422879e10f46682990de24d770e7f83d,3,garden_tools
d75acd4c5b7b4dfd32b9d9172b195419,53b36df67ebb7c41585e8d54d6772e08,4,watches_gifts
d75acd4c5b7b4dfd32b9d9172b195419,389d119b48cf3043d311335e499d9c6b,5,garden_tools
d75acd4c5b7b4dfd32b9d9172b195419,d1c427060a0f73f6b889a5c7c61f2ac4,6,computers_accessories
d75acd4c5b7b4dfd32b9d9172b195419,368c6c730842d78016ad823897a372db,7,garden_tools
d75acd4c5b7b4dfd32b9d9172b195419,53759a2ecddad2bb87a079a1f1519f73,8,garden_tools
d75acd4c5b7b4dfd32b9d9172b195419,154e7e31ebfa092203795c972e5804a6,9,health_beauty
d75acd4c5b7b4dfd32b9d9172b195419,2b4609f8948be18874494203496bc318,10,health_beauty
d7bf7cfe09c3d0f40e1cabde2dc17fd4,457cd0a99cfa977993e4eb6d98d95abb,1,telephony
d83257348027bd8c59a228cc034de5e3,99a4788cb24856965c36a24e339b6058,1,bed_bath_table
d83257348027bd8c59a228cc034de5e3,aca2eb7d00ea1a7b8ebd4e68314663af,2,furniture_decor
d83257348027bd8c59a228cc034de5e3,422879e10f46682990de24d770e7f83d,3,garden_tools
d83257348027bd8c59a228cc034de5e3,53b36df67ebb7c41585e8d54d6772e08,4,watches_gifts
d83257348027bd8c59a228cc034de5e3,389d119b48cf3043d311335e499d9c6b,5,garden_tools
d83257348027bd8c59a228cc034de5e3,d1c427060a0f73f6b889a5c7c61f2ac4,6,computers_accessories
d83257348027bd8c59a228cc034de5e3,368c6c730842d78016ad823897a372db,7,garden_tools
d83257348027bd8c59a228cc034de5e3,53759a2ecddad2bb87a079a1f1519f73,8,garden_tools
d83257348027bd8c59a228cc034de5e3,154e7e31ebfa092203795c972e5804a6,9,health_beauty
d83257348027bd8c59a228cc034de5e3,2b4609f8948be18874494203496bc318,10,health_beauty
d8f3c4f441a9b59a29f977df16724f38,d249f9dc99c68bbd2e4301672e0f97c5,1,furniture_decor
d970a2354b55cfb67fa5840b9b4936ed,99a4788cb24856965c36a24e339b6058,1,bed_bath_table
d970a2354b55cfb67fa5840b9b4936ed,aca2eb7d00ea1a7b8ebd4e68314663af,2,furniture_decor
d970a2354b55cfb67fa5840b9b4936ed,422879e10f46682990de24d770e7f83d,3,garden_tools
d970a2354b55cfb67fa5840b9b4936ed,53b36df67ebb7c41585e8d54d6772e08,4,watches_gifts
d970a2354b55cfb67fa5840b9b4936ed,389d119b48cf3043d311335e499d9c6b,5,garden_tools
d970a2354b55cfb67fa5840b9b4936ed,d1c427060a0f73f6b889a5c7c61f2ac4,6,computers_accessories
d970a2354b55cfb67fa5840b9b4936ed,368c6c730842d78016ad823897a372db,7,garden_tools
d970a2354b55cfb67fa5840b9b4936ed,53759a2ecddad2bb87a079a1f1519f73,8,garden_tools
d970a2354b55cfb67fa5840b9b4936ed,154e7e31ebfa092203795c972e5804a6,9,health_beauty
d970a2354b55cfb67fa5840b9b4936ed,2b4609f8948be18874494203496bc318,10,health_beauty
da8ac849037c7201a41a4db0b1fa963e,99a4788cb24856965c36a24e339b6058,1,bed_bath_table
da8ac849037c7201a41a4db0b1fa963e,aca2eb7d00ea1a7b8ebd4e68314663af,2,furniture_decor
da8ac849037c7201a41a4db0b1fa963e,422879e10f46682990de24d770e7f83d,3,garden_tools
da8ac849037c7201a41a4db0b1fa963e,53b36df67ebb7c41585e8d54d6772e08,4,watches_gifts
da8ac849037c7201a41a4db0b1fa963e,389d119b48cf3043d311335e499d9c6b,5,garden_tools
da8ac849037c7201a41a4db0b1fa963e,d1c427060a0f73f6b889a5c7c61f2ac4,6,computers_accessories
da8ac849037c7201a41a4db0b1fa963e,368c6c730842d78016ad823897a372db,7,garden_tools
da8ac849037c7201a41a4db0b1fa963e,53759a2ecddad2bb87a079a1f1519f73,8,garden_tools
da8ac849037c7201a41a4db0b1fa963e,154e7e31ebfa092203795c972e5804a6,9,health_beauty
da8ac849037c7201a41a4db0b1fa963e,2b4609f8948be18874494203496bc318,10,health_beauty
dad9e634284872d012677965e512b57d,99a4788cb24856965c36a24e339b6058,1,bed_bath_table
dad9e634284872d012677965e512b57d,aca2eb7d00ea1a7b8ebd4e68314663af,2,furniture_decor
dad9e634284872d012677965e512b57d,422879e10f46682990de24d770e7f83d,3,garden_tools
dad9e634284872d012677965e512b57d,53b36df67ebb7c41585e8d54d6772e08,4,watches_gifts
dad9e634284872d012677965e512b57d,389d119b48cf3043d311335e499d9c6b,5,garden_tools
dad9e634284872d012677965e512b57d,d1c427060a0f73f6b889a5c7c61f2ac4,6,computers_accessories
dad9e634284872d012677965e512b57d,368c6c730842d78016ad823897a372db,7,garden_tools
dad9e634284872d012677965e512b57d,53759a2ecddad2bb87a079a1f1519f73,8,garden_tools
dad9e634284872d012677965e512b57d,154e7e31ebfa092203795c972e5804a6,9,health_beauty
dad9e634284872d012677965e512b57d,2b4609f8948be18874494203496bc318,10,health_beauty
dc48b0a1b0e6abb6586f322c189f6b93,99a4788cb24856965c36a24e339b6058,1,bed_bath_table
dc48b0a1b0e6abb6586f322c189f6b93,aca2eb7d00ea1a7b8ebd4e68314663af,2,furniture_decor
dc48b0a1b0e6abb6586f322c189f6b93,422879e10f46682990de24d770e7f83d,3,garden_tools
dc48b0a1b0e6abb6586f322c189f6b93,53b36df67ebb7c41585e8d54d6772e08,4,watches_gifts
dc48b0a1b0e6abb6586f322c189f6b93,389d119b48cf3043d311335e499d9c6b,5,garden_tools
dc48b0a1b0e6abb6586f322c189f6b93,d1c427060a0f73f6b889a5c7c61f2ac4,6,computers_accessories
dc48b0a1b0e6abb6586f322c189f6b93,368c6c730842d78016ad823897a372db,7,garden_tools
dc48b0a1b0e6abb6586f322c189f6b93,53759a2ecddad2bb87a079a1f1519f73,8,garden_tools
dc48b0a1b0e6abb6586f322c189f6b93,154e7e31ebfa092203795c972e5804a6,9,health_beauty
dc48b0a1b0e6abb6586f322c189f6b93,2b4609f8948be18874494203496bc318,10,health_beauty
dc813062e0fc23409cd255f7f53c7074,1b11571a0535a643bb18db34b84b7334,1,cool_stuff
dc813062e0fc23409cd255f7f53c7074,eccec1984cb1d214cc91f3168b113958,2,watches_gifts
dc813062e0fc23409cd255f7f53c7074,6fd82d8f842424334fedf31190e54d24,3,watches_gifts
dd47740f3c285d15d8c9c72fc204e78a,99a4788cb24856965c36a24e339b6058,1,bed_bath_table
dd47740f3c285d15d8c9c72fc204e78a,aca2eb7d00ea1a7b8ebd4e68314663af,2,furniture_decor
dd47740f3c285d15d8c9c72fc204e78a,422879e10f46682990de24d770e7f83d,3,garden_tools
dd47740f3c285d15d8c9c72fc204e78a,53b36df67ebb7c41585e8d54d6772e08,4,watches_gifts
dd47740f3c285d15d8c9c72fc204e78a,389d119b48cf3043d311335e499d9c6b,5,garden_tools
dd47740f3c285d15d8c9c72fc204e78a,d1c427060a0f73f6b889a5c7c61f2ac4,6,computers_accessories
dd47740f3c285d15d8c9c72fc204e78a,368c6c730842d78016ad823897a372db,7,garden_tools
dd47740f3c285d15d8c9c72fc204e78a,53759a2ecddad2bb87a079a1f1519f73,8,garden_tools
dd47740f3c285d15d8c9c72fc204e78a,154e7e31ebfa092203795c972e5804a6,9,health_beauty
dd47740f3c285d15d8c9c72fc204e78a,2b4609f8948be18874494203496bc318,10,health_beauty
de226a12fac20b56580d731ec8ab8623,99a4788cb24856965c36a24e339b6058,1,bed_bath_table
de226a12fac20b56580d731ec8ab8623,aca2eb7d00ea1a7b8ebd4e68314663af,2,furniture_decor
de226a12fac20b56580d731ec8ab8623,422879e10f46682990de24d770e7f83d,3,garden_tools
de226a12fac20b56580d731ec8ab8623,53b36df67ebb7c41585e8d54d6772e08,4,watches_gifts
de226a12fac20b56580d731ec8ab8623,389d119b48cf3043d311335e499d9c6b,5,garden_tools
de226a12fac20b56580d731ec8ab8623,d1c427060a0f73f6b889a5c7c61f2ac4,6,computers_accessories
de226a12fac20b56580d731ec8ab8623,368c6c730842d78016ad823897a372db,7,garden_tools
de226a12fac20b56580d731ec8ab8623,53759a2ecddad2bb87a079a1f1519f73,8,garden_tools
de226a12fac20b56580d731ec8ab8623,154e7e31ebfa092203795c972e5804a6,9,health_beauty
de226a12fac20b56580d731ec8ab8623,2b4609f8948be18874494203496bc318,10,health_beauty
de73179fb08ccaa16bfbf6c139879855,99a4788cb24856965c36a24e339b6058,1,bed_bath_table
de73179fb08ccaa16bfbf6c139879855,aca2eb7d00ea1a7b8ebd4e68314663af,2,furniture_decor
de73179fb08ccaa16bfbf6c139879855,422879e10f46682990de24d770e7f83d,3,garden_tools
de73179fb08ccaa16bfbf6c139879855,53b36df67ebb7c41585e8d54d6772e08,4,watches_gifts
de73179fb08ccaa16bfbf6c139879855,389d119b48cf3043d311335e499d9c6b,5,garden_tools
de73179fb08ccaa16bfbf6c139879855,d1c427060a0f73f6b889a5c7c61f2ac4,6,computers_accessories
de73179fb08ccaa16bfbf6c139879855,368c6c730842d78016ad823897a372db,7,garden_tools
de73179fb08ccaa16bfbf6c139879855,53759a2ecddad2bb87a079a1f1519f73,8,garden_tools
de73179fb08ccaa16bfbf6c139879855,154e7e31ebfa092203795c972e5804a6,9,health_beauty
de73179fb08ccaa16bfbf6c139879855,2b4609f8948be18874494203496bc318,10,health_beauty
ded4351942c7fc292b88e5b090af2b46,99a4788cb24856965c36a24e339b6058,1,bed_bath_table
ded4351942c7fc292b88e5b090af2b46,aca2eb7d00ea1a7b8ebd4e68314663af,2,furniture_decor
ded4351942c7fc292b88e5b090af2b46,422879e10f46682990de24d770e7f83d,3,garden_tools
ded4351942c7fc292b88e5b090af2b46,53b36df67ebb7c41585e8d54d6772e08,4,watches_gifts
ded4351942c7fc292b88e5b090af2b46,389d119b48cf3043d311335e499d9c6b,5,garden_tools
ded4351942c7fc292b88e5b090af2b46,d1c427060a0f73f6b889a5c7c61f2ac4,6,computers_accessories
ded4351942c7fc292b88e5b090af2b46,368c6c730842d78016ad823897a372db,7,garden_tools
ded4351942c7fc292b88e5b090af2b46,53759a2ecddad2bb87a079a1f1519f73,8,garden_tools
ded4351942c7fc292b88e5b090af2b46,154e7e31ebfa092203795c972e5804a6,9,health_beauty
ded4351942c7fc292b88e5b090af2b46,2b4609f8948be18874494203496bc318,10,health_beauty
e219a439f6ca99e32824bcc7153969c9,99a4788cb24856965c36a24e339b6058,1,bed_bath_table
e219a439f6ca99e32824bcc7153969c9,aca2eb7d00ea1a7b8ebd4e68314663af,2,furniture_decor
e219a439f6ca99e32824bcc7153969c9,422879e10f46682990de24d770e7f83d,3,garden_tools
e219a439f6ca99e32824bcc7153969c9,53b36df67ebb7c41585e8d54d6772e08,4,watches_gifts
e219a439f6ca99e32824bcc7153969c9,389d119b48cf3043d311335e499d9c6b,5,garden_tools
e219a439f6ca99e32824bcc7153969c9,d1c427060a0f73f6b889a5c7c61f2ac4,6,computers_accessories
e219a439f6ca99e32824bcc7153969c9,368c6c730842d78016ad823897a372db,7,garden_tools
e219a439f6ca99e32824bcc7153969c9,53759a2ecddad2bb87a079a1f1519f73,8,garden_tools
e219a439f6ca99e32824bcc7153969c9,154e7e31ebfa092203795c972e5804a6,9,health_beauty
e219a439f6ca99e32824bcc7153969c9,2b4609f8948be18874494203496bc318,10,health_beauty
e2439c7b04c3500e7a4aa7a208e78f70,99a4788cb24856965c36a24e339b6058,1,bed_bath_table
e2439c7b04c3500e7a4aa7a208e78f70,aca2eb7d00ea1a7b8ebd4e68314663af,2,furniture_decor
e2439c7b04c3500e7a4aa7a208e78f70,422879e10f46682990de24d770e7f83d,3,garden_tools
e2439c7b04c3500e7a4aa7a208e78f70,53b36df67ebb7c41585e8d54d6772e08,4,watches_gifts
e2439c7b04c3500e7a4aa7a208e78f70,389d119b48cf3043d311335e499d9c6b,5,garden_tools
e2439c7b04c3500e7a4aa7a208e78f70,d1c427060a0f73f6b889a5c7c61f2ac4,6,computers_accessories
e2439c7b04c3500e7a4aa7a208e78f70,368c6c730842d78016ad823897a372db,7,garden_tools
e2439c7b04c3500e7a4aa7a208e78f70,53759a2ecddad2bb87a079a1f1519f73,8,garden_tools
e2439c7b04c3500e7a4aa7a208e78f70,154e7e31ebfa092203795c972e5804a6,9,health_beauty
e2439c7b04c3500e7a4aa7a208e78f70,2b4609f8948be18874494203496bc318,10,health_beauty
e43c9920240823d6c97bedc723c25281,99a4788cb24856965c36a24e339b6058,1,bed_bath_table
e43c9920240823d6c97bedc723c25281,aca2eb7d00ea1a7b8ebd4e68314663af,2,furniture_decor
e43c9920240823d6c97bedc723c25281,422879e10f46682990de24d770e7f83d,3,garden_tools
e43c9920240823d6c97bedc723c25281,53b36df67ebb7c41585e8d54d6772e08,4,watches_gifts
e43c9920240823d6c97bedc723c25281,389d119b48cf3043d311335e499d9c6b,5,garden_tools
e43c9920240823d6c97bedc723c25281,d1c427060a0f73f6b889a5c7c61f2ac4,6,computers_accessories
e43c9920240823d6c97bedc723c25281,368c6c730842d78016ad823897a372db,7,garden_tools
e43c9920240823d6c97bedc723c25281,53759a2ecddad2bb87a079a1f1519f73,8,garden_tools
e43c9920240823d6c97bedc723c25281,154e7e31ebfa092203795c972e5804a6,9,health_beauty
e43c9920240823d6c97bedc723c25281,2b4609f8948be18874494203496bc318,10,health_beauty
e43e7031cd89dd0ac61dd44b840c311f,99a4788cb24856965c36a24e339b6058,1,bed_bath_table
e43e7031cd89dd0ac61dd44b840c311f,aca2eb7d00ea1a7b8ebd4e68314663af,2,furniture_decor
e43e7031cd89dd0ac61dd44b840c311f,422879e10f46682990de24d770e7f83d,3,garden_tools
e43e7031cd89dd0ac61dd44b840c311f,53b36df67ebb7c41585e8d54d6772e08,4,watches_gifts
e43e7031cd89dd0ac61dd44b840c311f,389d119b48cf3043d311335e499d9c6b,5,garden_tools
e43e7031cd89dd0ac61dd44b840c311f,d1c427060a0f73f6b889a5c7c61f2ac4,6,computers_accessories
e43e7031cd89dd0ac61dd44b840c311f,368c6c730842d78016ad823897a372db,7,garden_tools
e43e7031cd89dd0ac61dd44b840c311f,53759a2ecddad2bb87a079a1f1519f73,8,garden_tools
e43e7031cd89dd0ac61dd44b840c311f,154e7e31ebfa092203795c972e5804a6,9,health_beauty
e43e7031cd89dd0ac61dd44b840c311f,2b4609f8948be18874494203496bc318,10,health_beauty
e4951b10e341a56871ef584deab3f2ef,99a4788cb24856965c36a24e339b6058,1,bed_bath_table
e4951b10e341a56871ef584deab3f2ef,aca2eb7d00ea1a7b8ebd4e68314663af,2,furniture_decor
e4951b10e341a56871ef584deab3f2ef,422879e10f46682990de24d770e7f83d,3,garden_tools
e4951b10e341a56871ef584deab3f2ef,53b36df67ebb7c41585e8d54d6772e08,4,watches_gifts
e4951b10e341a56871ef584deab3f2ef,389d119b48cf3043d311335e499d9c6b,5,garden_tools
e4951b10e341a56871ef584deab3f2ef,d1c427060a0f73f6b889a5c7c61f2ac4,6,computers_accessories
e4951b10e341a56871ef584deab3f2ef,368c6c730842d78016ad823897a372db,7,garden_tools
e4951b10e341a56871ef584deab3f2ef,53759a2ecddad2bb87a079a1f1519f73,8,garden_tools
e4951b10e341a56871ef584deab3f2ef,154e7e31ebfa092203795c972e5804a6,9,health_beauty
e4951b10e341a56871ef584deab3f2ef,2b4609f8948be18874494203496bc318,10,health_beauty
e4971a4defaf07a1d7f2ff615a32c809,99a4788cb24856965c36a24e339b6058,1,bed_bath_table
e4971a4defaf07a1d7f2ff615a32c809,aca2eb7d00ea1a7b8ebd4e68314663af,2,furniture_decor
e4971a4defaf07a1d7f2ff615a32c809,422879e10f46682990de24d770e7f83d,3,garden_tools
e4971a4defaf07a1d7f2ff615a32c809,53b36df67ebb7c41585e8d54d6772e08,4,watches_gifts
e4971a4defaf07a1d7f2ff615a32c809,389d119b48cf3043d311335e499d9c6b,5,garden_tools
e4971a4defaf07a1d7f2ff615a32c809,d1c427060a0f73f6b889a5c7c61f2ac4,6,computers_accessories
e4971a4defaf07a1d7f2ff615a32c809,368c6c730842d78016ad823897a372db,7,garden_tools
e4971a4defaf07a1d7f2ff615a32c809,53759a2ecddad2bb87a079a1f1519f73,8,garden_tools
e4971a4defaf07a1d7f2ff615a32c809,154e7e31ebfa092203795c972e5804a6,9,health_beauty
e4971a4defaf07a1d7f2ff615a32c809,2b4609f8948be18874494203496bc318,10,health_beauty
e4d18909afd252a0289765acc614d3e0,99a4788cb24856965c36a24e339b6058,1,bed_bath_table
e4d18909afd252a0289765acc614d3e0,aca2eb7d00ea1a7b8ebd4e68314663af,2,furniture_decor
e4d18909afd252a0289765acc614d3e0,422879e10f46682990de24d770e7f83d,3,garden_tools
e4d18909afd252a0289765acc614d3e0,53b36df67ebb7c41585e8d54d6772e08,4,watches_gifts
e4d18909afd252a0289765acc614d3e0,389d119b48cf3043d311335e499d9c6b,5,garden_tools
e4d18909afd252a0289765acc614d3e0,d1c427060a0f73f6b889a5c7c61f2ac4,6,computers_accessories
e4d18909afd252a0289765acc614d3e0,368c6c730842d78016ad823897a372db,7,garden_tools
e4d18909afd252a0289765acc614d3e0,53759a2ecddad2bb87a079a1f1519f73,8,garden_tools
e4d18909afd252a0289765acc614d3e0,154e7e31ebfa092203795c972e5804a6,9,health_beauty
e4d18909afd252a0289765acc614d3e0,2b4609f8948be18874494203496bc318,10,health_beauty
e53fd5575f1418397aae732c5755b6fc,99a4788cb24856965c36a24e339b6058,1,bed_bath_table
e53fd5575f1418397aae732c5755b6fc,aca2eb7d00ea1a7b8ebd4e68314663af,2,furniture_decor
e53fd5575f1418397aae732c5755b6fc,422879e10f46682990de24d770e7f83d,3,garden_tools
e53fd5575f1418397aae732c5755b6fc,53b36df67ebb7c41585e8d54d6772e08,4,watches_gifts
e53fd5575f1418397aae732c5755b6fc,389d119b48cf3043d311335e499d9c6b,5,garden_tools
e53fd5575f1418397aae732c5755b6fc,d1c427060a0f73f6b889a5c7c61f2ac4,6,computers_accessories
e53fd5575f1418397aae732c5755b6fc,368c6c730842d78016ad823897a372db,7,garden_tools
e53fd5575f1418397aae732c5755b6fc,53759a2ecddad2bb87a079a1f1519f73,8,garden_tools
e53fd5575f1418397aae732c5755b6fc,154e7e31ebfa092203795c972e5804a6,9,health_beauty
e53fd5575f1418397aae732c5755b6fc,2b4609f8948be18874494203496bc318,10,health_beauty
e5f19a93cf85b13edc0376d90e4a0ba5,41b4baff1ceec845ba126eaeb07efa4a,1,watches_gifts
e7ea4c3049b0ffcb326d8fcf44a06c05,e887a6dd92133f40be82741d1998b9de,1,health_beauty
e8001d7ab27230c1f2fb39aa63aea136,99a4788cb24856965c36a24e339b6058,1,bed_bath_table
e8001d7ab27230c1f2fb39aa63aea136,aca2eb7d00ea1a7b8ebd4e68314663af,2,furniture_decor
e8001d7ab27230c1f2fb39aa63aea136,422879e10f46682990de24d770e7f83d,3,garden_tools
e8001d7ab27230c1f2fb39aa63aea136,53b36df67ebb7c41585e8d54d6772e08,4,watches_gifts
e8001d7ab27230c1f2fb39aa63aea136,389d119b48cf3043d311335e499d9c6b,5,garden_tools
e8001d7ab27230c1f2fb39aa63aea136,d1c427060a0f73f6b889a5c7c61f2ac4,6,computers_accessories
e8001d7ab27230c1f2fb39aa63aea136,368c6c730842d78016ad823897a372db,7,garden_tools
e8001d7ab27230c1f2fb39aa63aea136,53759a2ecddad2bb87a079a1f1519f73,8,garden_tools
e8001d7ab27230c1f2fb39aa63aea136,154e7e31ebfa092203795c972e5804a6,9,health_beauty
e8001d7ab27230c1f2fb39aa63aea136,2b4609f8948be18874494203496bc318,10,health_beauty
e836a4279bd9127752d8949d46f7a5a5,99a4788cb24856965c36a24e339b6058,1,bed_bath_table
e836a4279bd9127752d8949d46f7a5a5,aca2eb7d00ea1a7b8ebd4e68314663af,2,furniture_decor
e836a4279bd9127752d8949d46f7a5a5,422879e10f46682990de24d770e7f83d,3,garden_tools
e836a4279bd9127752d8949d46f7a5a5,53b36df67ebb7c41585e8d54d6772e08,4,watches_gifts
e836a4279bd9127752d8949d46f7a5a5,389d119b48cf3043d311335e499d9c6b,5,garden_tools
e836a4279bd9127752d8949d46f7a5a5,d1c427060a0f73f6b889a5c7c61f2ac4,6,computers_accessories
e836a4279bd9127752d8949d46f7a5a5,368c6c730842d78016ad823897a372db,7,garden_tools
e836a4279bd9127752d8949d46f7a5a5,53759a2ecddad2bb87a079a1f1519f73,8,garden_tools
e836a4279bd9127752d8949d46f7a5a5,154e7e31ebfa092203795c972e5804a6,9,health_beauty
e836a4279bd9127752d8949d46f7a5a5,2b4609f8948be18874494203496bc318,10,health_beauty
e97081db25f1967ef831179b1995eead,99a4788cb24856965c36a24e339b6058,1,bed_bath_table
e97081db25f1967ef831179b1995eead,aca2eb7d00ea1a7b8ebd4e68314663af,2,furniture_decor
e97081db25f1967ef831179b1995eead,422879e10f46682990de24d770e7f83d,3,garden_tools
e97081db25f1967ef831179b1995eead,53b36df67ebb7c41585e8d54d6772e08,4,watches_gifts
e97081db25f1967ef831179b1995eead,389d119b48cf3043d311335e499d9c6b,5,garden_tools
e97081db25f1967ef831179b1995eead,d1c427060a0f73f6b889a5c7c61f2ac4,6,computers_accessories
e97081db25f1967ef831179b1995eead,368c6c730842d78016ad823897a372db,7,garden_tools
e97081db25f1967ef831179b1995eead,53759a2ecddad2bb87a079a1f1519f73,8,garden_tools
e97081db25f1967ef831179b1995eead,154e7e31ebfa092203795c972e5804a6,9,health_beauty
e97081db25f1967ef831179b1995eead,2b4609f8948be18874494203496bc318,10,health_beauty
e9e9aa9ebf0957826090f74c9f5fd4e4,99a4788cb24856965c36a24e339b6058,1,bed_bath_table
e9e9aa9ebf0957826090f74c9f5fd4e4,aca2eb7d00ea1a7b8ebd4e68314663af,2,furniture_decor
e9e9aa9ebf0957826090f74c9f5fd4e4,422879e10f46682990de24d770e7f83d,3,garden_tools
e9e9aa9ebf0957826090f74c9f5fd4e4,53b36df67ebb7c41585e8d54d6772e08,4,watches_gifts
e9e9aa9ebf0957826090f74c9f5fd4e4,389d119b48cf3043d311335e499d9c6b,5,garden_tools
e9e9aa9ebf0957826090f74c9f5fd4e4,d1c427060a0f73f6b889a5c7c61f2ac4,6,computers_accessories
e9e9aa9ebf0957826090f74c9f5fd4e4,368c6c730842d78016ad823897a372db,7,garden_tools
e9e9aa9ebf0957826090f74c9f5fd4e4,53759a2ecddad2bb87a079a1f1519f73,8,garden_tools
e9e9aa9ebf0957826090f74c9f5fd4e4,154e7e31ebfa092203795c972e5804a6,9,health_beauty
e9e9aa9ebf0957826090f74c9f5fd4e4,2b4609f8948be18874494203496bc318,10,health_beauty
eb3401656cd6eaad985629735dc1c339,608396ec032711eb443596cb8cdce050,1,bed_bath_table
eb3401656cd6eaad985629735dc1c339,a2ee607f03a8f581d1625b68fbaa6166,2,bed_bath_table
eb3401656cd6eaad985629735dc1c339,7d88b36f73acc7533ca83ecbdebd565f,3,furniture_decor
eb3401656cd6eaad985629735dc1c339,a1dd59756b92c62cd39375d0b0222698,4,bed_bath_table
eb4520b16c32518b6615f2d50f1be1bb,99a4788cb24856965c36a24e339b6058,1,bed_bath_table
eb4520b16c32518b6615f2d50f1be1bb,aca2eb7d00ea1a7b8ebd4e68314663af,2,furniture_decor
eb4520b16c32518b6615f2d50f1be1bb,422879e10f46682990de24d770e7f83d,3,garden_tools
eb4520b16c32518b6615f2d50f1be1bb,53b36df67ebb7c41585e8d54d6772e08,4,watches_gifts
eb4520b16c32518b6615f2d50f1be1bb,389d119b48cf3043d311335e499d9c6b,5,garden_tools
eb4520b16c32518b6615f2d50f1be1bb,d1c427060a0f73f6b889a5c7c61f2ac4,6,computers_accessories
eb4520b16c32518b6615f2d50f1be1bb,368c6c730842d78016ad823897a372db,7,garden_tools
eb4520b16c32518b6615f2d50f1be1bb,53759a2ecddad2bb87a079a1f1519f73,8,garden_tools
eb4520b16c32518b6615f2d50f1be1bb,154e7e31ebfa092203795c972e5804a6,9,health_beauty
eb4520b16c32518b6615f2d50f1be1bb,2b4609f8948be18874494203496bc318,10,health_beauty
ebf40c0db4fe06ddd15a7a44238c986e,99a4788cb24856965c36a24e339b6058,1,bed_bath_table
ebf40c0db4fe06ddd15a7a44238c986e,aca2eb7d00ea1a7b8ebd4e68314663af,2,furniture_decor
ebf40c0db4fe06ddd15a7a44238c986e,422879e10f46682990de24d770e7f83d,3,garden_tools
ebf40c0db4fe06ddd15a7a44238c986e,53b36df67ebb7c41585e8d54d6772e08,4,watches_gifts
ebf40c0db4fe06ddd15a7a44238c986e,389d119b48cf3043d311335e499d9c6b,5,garden_tools
ebf40c0db4fe06ddd15a7a44238c986e,d1c427060a0f73f6b889a5c7c61f2ac4,6,computers_accessories
ebf40c0db4fe06ddd15a7a44238c986e,368c6c730842d78016ad823897a372db,7,garden_tools
ebf40c0db4fe06ddd15a7a44238c986e,53759a2ecddad2bb87a079a1f1519f73,8,garden_tools
ebf40c0db4fe06ddd15a7a44238c986e,154e7e31ebfa092203795c972e5804a6,9,health_beauty
ebf40c0db4fe06ddd15a7a44238c986e,2b4609f8948be18874494203496bc318,10,health_beauty
ecc693b513a0c362c8da8e6beeeb545a,99a4788cb24856965c36a24e339b6058,1,bed_bath_table
ecc693b513a0c362c8da8e6beeeb545a,aca2eb7d00ea1a7b8ebd4e68314663af,2,furniture_decor
ecc693b513a0c362c8da8e6beeeb545a,422879e10f46682990de24d770e7f83d,3,garden_tools
ecc693b513a0c362c8da8e6beeeb545a,53b36df67ebb7c41585e8d54d6772e08,4,watches_gifts
ecc693b513a0c362c8da8e6beeeb545a,389d119b48cf3043d311335e499d9c6b,5,garden_tools
ecc693b513a0c362c8da8e6beeeb545a,d1c427060a0f73f6b889a5c7c61f2ac4,6,computers_accessories
ecc693b513a0c362c8da8e6beeeb545a,368c6c730842d78016ad823897a372db,7,garden_tools
ecc693b513a0c362c8da8e6beeeb545a,53759a2ecddad2bb87a079a1f1519f73,8,garden_tools
ecc693b513a0c362c8da8e6beeeb545a,154e7e31ebfa092203795c972e5804a6,9,health_beauty
ecc693b513a0c362c8da8e6beeeb545a,2b4609f8948be18874494203496bc318,10,health_beauty
ed42ccde391485cde5b0699b84b5c070,99a4788cb24856965c36a24e339b6058,1,bed_bath_table
ed42ccde391485cde5b0699b84b5c070,aca2eb7d00ea1a7b8ebd4e68314663af,2,furniture_decor
ed42ccde391485cde5b0699b84b5c070,422879e10f46682990de24d770e7f83d,3,garden_tools
ed42ccde391485cde5b0699b84b5c070,53b36df67ebb7c41585e8d54d6772e08,4,watches_gifts
ed42ccde391485cde5b0699b84b5c070,389d119b48cf3043d311335e499d9c6b,5,garden_tools
ed42ccde391485cde5b0699b84b5c070,d1c427060a0f73f6b889a5c7c61f2ac4,6,computers_accessories
ed42ccde391485cde5b0699b84b5c070,368c6c730842d78016ad823897a372db,7,garden_tools
ed42ccde391485cde5b0699b84b5c070,53759a2ecddad2bb87a079a1f1519f73,8,garden_tools
ed42ccde391485cde5b0699b84b5c070,154e7e31ebfa092203795c972e5804a6,9,health_beauty
ed42ccde391485cde5b0699b84b5c070,2b4609f8948be18874494203496bc318,10,health_beauty
ed917c786a8a3e411eae87aeca27cb27,99a4788cb24856965c36a24e339b6058,1,bed_bath_table
ed917c786a8a3e411eae87aeca27cb27,aca2eb7d00ea1a7b8ebd4e68314663af,2,furniture_decor
ed917c786a8a3e411eae87aeca27cb27,422879e10f46682990de24d770e7f83d,3,garden_tools
ed917c786a8a3e411eae87aeca27cb27,53b36df67ebb7c41585e8d54d6772e08,4,watches_gifts
ed917c786a8a3e411eae87aeca27cb27,389d119b48cf3043d311335e499d9c6b,5,garden_tools
ed917c786a8a3e411eae87aeca27cb27,d1c427060a0f73f6b889a5c7c61f2ac4,6,computers_accessories
ed917c786a8a3e411eae87aeca27cb27,368c6c730842d78016ad823897a372db,7,garden_tools
ed917c786a8a3e411eae87aeca27cb27,53759a2ecddad2bb87a079a1f1519f73,8,garden_tools
ed917c786a8a3e411eae87aeca27cb27,154e7e31ebfa092203795c972e5804a6,9,health_beauty
ed917c786a8a3e411eae87aeca27cb27,2b4609f8948be18874494203496bc318,10,health_beauty
ee04cc9bca4c9198bec5c54c2542dd3b,99a4788cb24856965c36a24e339b6058,1,bed_bath_table
ee04cc9bca4c9198bec5c54c2542dd3b,aca2eb7d00ea1a7b8ebd4e68314663af,2,furniture_decor
ee04cc9bca4c9198bec5c54c2542dd3b,422879e10f46682990de24d770e7f83d,3,garden_tools
ee04cc9bca4c9198bec5c54c2542dd3b,53b36df67ebb7c41585e8d54d6772e08,4,watches_gifts
ee04cc9bca4c9198bec5c54c2542dd3b,389d119b48cf3043d311335e499d9c6b,5,garden_tools
ee04cc9bca4c9198bec5c54c2542dd3b,d1c427060a0f73f6b889a5c7c61f2ac4,6,computers_accessories
ee04cc9bca4c9198bec5c54c2542dd3b,368c6c730842d78016ad823897a372db,7,garden_tools
ee04cc9bca4c9198bec5c54c2542dd3b,53759a2ecddad2bb87a079a1f1519f73,8,garden_tools
ee04cc9bca4c9198bec5c54c2542dd3b,154e7e31ebfa092203795c972e5804a6,9,health_beauty
ee04cc9bca4c9198bec5c54c2542dd3b,2b4609f8948be18874494203496bc318,10,health_beauty
eeea20d93b0e221411defcabab3c8949,35afc973633aaeb6b877ff57b2793310,1,home_confort
eeea20d93b0e221411defcabab3c8949,f2e53dd1670f3c376518263b3f71424d,2,bed_bath_table
eeea20d93b0e221411defcabab3c8949,eebbed5ed3b134eceb717496c47652ba,3,bed_bath_table
eeea20d93b0e221411defcabab3c8949,3e5201fe0d1ba474d9b90152c83c706c,4,bed_bath_table
eeea20d93b0e221411defcabab3c8949,7aef20f12c90de905bf7782cb29dffb3,5,furniture_decor
eeea20d93b0e221411defcabab3c8949,0a23fd10720c5ffc6c7f5e66b0b26ae2,6,furniture_decor
eeea20d93b0e221411defcabab3c8949,f2c1df0fc307ec60e3321c708c1dcac3,7,bed_bath_table
eeea20d93b0e221411defcabab3c8949,3a3502ecc84a931af1064f5a82ed267a,8,furniture_decor
eeea20d93b0e221411defcabab3c8949,b05fae603a3a28a977633c139cece058,9,bed_bath_table
eeea20d93b0e221411defcabab3c8949,9bc39c44d241610638729a32026eb37a,10,bed_bath_table
ef6f8fd740ae1fe88a80a321306bac50,99a4788cb24856965c36a24e339b6058,1,bed_bath_table
ef6f8fd740ae1fe88a80a321306bac50,aca2eb7d00ea1a7b8ebd4e68314663af,2,furniture_decor
ef6f8fd740ae1fe88a80a321306bac50,422879e10f46682990de24d770e7f83d,3,garden_tools
ef6f8fd740ae1fe88a80a321306bac50,53b36df67ebb7c41585e8d54d6772e08,4,watches_gifts
ef6f8fd740ae1fe88a80a321306bac50,389d119b48cf3043d311335e499d9c6b,5,garden_tools
ef6f8fd740ae1fe88a80a321306bac50,d1c427060a0f73f6b889a5c7c61f2ac4,6,computers_accessories
ef6f8fd740ae1fe88a80a321306bac50,368c6c730842d78016ad823897a372db,7,garden_tools
ef6f8fd740ae1fe88a80a321306bac50,53759a2ecddad2bb87a079a1f1519f73,8,garden_tools
ef6f8fd740ae1fe88a80a321306bac50,154e7e31ebfa092203795c972e5804a6,9,health_beauty
ef6f8fd740ae1fe88a80a321306bac50,2b4609f8948be18874494203496bc318,10,health_beauty
f00e99f043c33da533ebc107f5a68c4e,da37b504ecf6099b4f8af452ebdab0cc,1,baby
f0a8e36658d6d08f6e96b9ecf389fd52,99a4788cb24856965c36a24e339b6058,1,bed_bath_table
f0a8e36658d6d08f6e96b9ecf389fd52,aca2eb7d00ea1a7b8ebd4e68314663af,2,furniture_decor
f0a8e36658d6d08f6e96b9ecf389fd52,422879e10f46682990de24d770e7f83d,3,garden_tools
f0a8e36658d6d08f6e96b9ecf389fd52,53b36df67ebb7c41585e8d54d6772e08,4,watches_gifts
f0a8e36658d6d08f6e96b9ecf389fd52,389d119b48cf3043d311335e499d9c6b,5,garden_tools
f0a8e36658d6d08f6e96b9ecf389fd52,d1c427060a0f73f6b889a5c7c61f2ac4,6,computers_accessories
f0a8e36658d6d08f6e96b9ecf389fd52,368c6c730842d78016ad823897a372db,7,garden_tools
f0a8e36658d6d08f6e96b9ecf389fd52,53759a2ecddad2bb87a079a1f1519f73,8,garden_tools
f0a8e36658d6d08f6e96b9ecf389fd52,154e7e31ebfa092203795c972e5804a6,9,health_beauty
f0a8e36658d6d08f6e96b9ecf389fd52,2b4609f8948be18874494203496bc318,10,health_beauty
f0ac405c280fab1d087b8982e7801b54,c6ea63369936552872ae890c82175b4b,1,bed_bath_table
f0fd988c7c2a4cba167138a8adada6ca,99a4788cb24856965c36a24e339b6058,1,bed_bath_table
f0fd988c7c2a4cba167138a8adada6ca,aca2eb7d00ea1a7b8ebd4e68314663af,2,furniture_decor
f0fd988c7c2a4cba167138a8adada6ca,422879e10f46682990de24d770e7f83d,3,garden_tools
f0fd988c7c2a4cba167138a8adada6ca,53b36df67ebb7c41585e8d54d6772e08,4,watches_gifts
f0fd988c7c2a4cba167138a8adada6ca,389d119b48cf3043d311335e499d9c6b,5,garden_tools
f0fd988c7c2a4cba167138a8adada6ca,d1c427060a0f73f6b889a5c7c61f2ac4,6,computers_accessories
f0fd988c7c2a4cba167138a8adada6ca,368c6c730842d78016ad823897a372db,7,garden_tools
f0fd988c7c2a4cba167138a8adada6ca,53759a2ecddad2bb87a079a1f1519f73,8,garden_tools
f0fd988c7c2a4cba167138a8adada6ca,154e7e31ebfa092203795c972e5804a6,9,health_beauty
f0fd988c7c2a4cba167138a8adada6ca,2b4609f8948be18874494203496bc318,10,health_beauty
f113042ff356f926d517f3087d4a1ba8,99a4788cb24856965c36a24e339b6058,1,bed_bath_table
f113042ff356f926d517f3087d4a1ba8,aca2eb7d00ea1a7b8ebd4e68314663af,2,furniture_decor
f113042ff356f926d517f3087d4a1ba8,422879e10f46682990de24d770e7f83d,3,garden_tools
f113042ff356f926d517f3087d4a1ba8,53b36df67ebb7c41585e8d54d6772e08,4,watches_gifts
f113042ff356f926d517f3087d4a1ba8,389d119b48cf3043d311335e499d9c6b,5,garden_tools
f113042ff356f926d517f3087d4a1ba8,d1c427060a0f73f6b889a5c7c61f2ac4,6,computers_accessories
f113042ff356f926d517f3087d4a1ba8,368c6c730842d78016ad823897a372db,7,garden_tools
f113042ff356f926d517f3087d4a1ba8,53759a2ecddad2bb87a079a1f1519f73,8,garden_tools
f113042ff356f926d517f3087d4a1ba8,154e7e31ebfa092203795c972e5804a6,9,health_beauty
f113042ff356f926d517f3087d4a1ba8,2b4609f8948be18874494203496bc318,10,health_beauty
f1c08d13b8520a6efa197627fada3a56,0781ed724941f4eaafbd9e6c5a20be49,1,bed_bath_table
f25c82f041560f45f4a408157ff3a5de,99a4788cb24856965c36a24e339b6058,1,bed_bath_table
f25c82f041560f45f4a408157ff3a5de,aca2eb7d00ea1a7b8ebd4e68314663af,2,furniture_decor
f25c82f041560f45f4a408157ff3a5de,422879e10f46682990de24d770e7f83d,3,garden_tools
f25c82f041560f45f4a408157ff3a5de,53b36df67ebb7c41585e8d54d6772e08,4,watches_gifts
f25c82f041560f45f4a408157ff3a5de,389d119b48cf3043d311335e499d9c6b,5,garden_tools
f25c82f041560f45f4a408157ff3a5de,d1c427060a0f73f6b889a5c7c61f2ac4,6,computers_accessories
f25c82f041560f45f4a408157ff3a5de,368c6c730842d78016ad823897a372db,7,garden_tools
f25c82f041560f45f4a408157ff3a5de,53759a2ecddad2bb87a079a1f1519f73,8,garden_tools
f25c82f041560f45f4a408157ff3a5de,154e7e31ebfa092203795c972e5804a6,9,health_beauty
f25c82f041560f45f4a408157ff3a5de,2b4609f8948be18874494203496bc318,10,health_beauty
f25c83fef4ae7252feec416e7927acac,481aad97c80d6786a7c6096991003274,1,watches_gifts
f25c83fef4ae7252feec416e7927acac,368c6c730842d78016ad823897a372db,2,garden_tools
f31ac54af6af7097bddd1053011e7a3a,0521fe3eb04940304b489d0fb49a37dd,1,garden_tools
f58595c5ecdf5e9781678b83ba2e0c21,6eb70dfb283dc3f645ed7b03c990dc72,1,audio
f5d32f2ee3d4caec1870de481c276bd8,99a4788cb24856965c36a24e339b6058,1,bed_bath_table
f5d32f2ee3d4caec1870de481c276bd8,aca2eb7d00ea1a7b8ebd4e68314663af,2,furniture_decor
f5d32f2ee3d4caec1870de481c276bd8,422879e10f46682990de24d770e7f83d,3,garden_tools
f5d32f2ee3d4caec1870de481c276bd8,53b36df67ebb7c41585e8d54d6772e08,4,watches_gifts
f5d32f2ee3d4caec1870de481c276bd8,389d119b48cf3043d311335e499d9c6b,5,garden_tools
f5d32f2ee3d4caec1870de481c276bd8,d1c427060a0f73f6b889a5c7c61f2ac4,6,computers_accessories
f5d32f2ee3d4caec1870de481c276bd8,368c6c730842d78016ad823897a372db,7,garden_tools
f5d32f2ee3d4caec1870de481c276bd8,53759a2ecddad2bb87a079a1f1519f73,8,garden_tools
f5d32f2ee3d4caec1870de481c276bd8,154e7e31ebfa092203795c972e5804a6,9,health_beauty
f5d32f2ee3d4caec1870de481c276bd8,2b4609f8948be18874494203496bc318,10,health_beauty
f613612c35de4ffbbdb680f32e3baa80,99a4788cb24856965c36a24e339b6058,1,bed_bath_table
f613612c35de4ffbbdb680f32e3baa80,aca2eb7d00ea1a7b8ebd4e68314663af,2,furniture_decor
f613612c35de4ffbbdb680f32e3baa80,422879e10f46682990de24d770e7f83d,3,garden_tools
f613612c35de4ffbbdb680f32e3baa80,53b36df67ebb7c41585e8d54d6772e08,4,watches_gifts
f613612c35de4ffbbdb680f32e3baa80,389d119b48cf3043d311335e499d9c6b,5,garden_tools
f613612c35de4ffbbdb680f32e3baa80,d1c427060a0f73f6b889a5c7c61f2ac4,6,computers_accessories
f613612c35de4ffbbdb680f32e3baa80,368c6c730842d78016ad823897a372db,7,garden_tools
f613612c35de4ffbbdb680f32e3baa80,53759a2ecddad2bb87a079a1f1519f73,8,garden_tools
f613612c35de4ffbbdb680f32e3baa80,154e7e31ebfa092203795c972e5804a6,9,health_beauty
f613612c35de4ffbbdb680f32e3baa80,2b4609f8948be18874494203496bc318,10,health_beauty
f6b12abd5112545273ecbdc84f6cf35f,ea15d7ef3399e16b992e190d22dd3fd3,1,health_beauty
f6dc4789e4669873c35f8f92fdbed89f,086351823300e0339f6955b27998c186,1,bed_bath_table
f6dc4789e4669873c35f8f92fdbed89f,10717ff440b2320081989126e858b220,2,bed_bath_table
f6dc4789e4669873c35f8f92fdbed89f,363218ba55c610b750224f90bdd34be1,3,bed_bath_table
f71da337f7e2b3a70c74fa505f0f6ac9,854f1672c41eaa84b3e3a79e06146f63,1,telephony
f733f4254cce4a375a82258c272d1549,99a4788cb24856965c36a24e339b6058,1,bed_bath_table
f733f4254cce4a375a82258c272d1549,aca2eb7d00ea1a7b8ebd4e68314663af,2,furniture_decor
f733f4254cce4a375a82258c272d1549,422879e10f46682990de24d770e7f83d,3,garden_tools
f733f4254cce4a375a82258c272d1549,53b36df67ebb7c41585e8d54d6772e08,4,watches_gifts
f733f4254cce4a375a82258c272d1549,389d119b48cf3043d311335e499d9c6b,5,garden_tools
f733f4254cce4a375a82258c272d1549,d1c427060a0f73f6b889a5c7c61f2ac4,6,computers_accessories
f733f4254cce4a375a82258c272d1549,368c6c730842d78016ad823897a372db,7,garden_tools
f733f4254cce4a375a82258c272d1549,53759a2ecddad2bb87a079a1f1519f73,8,garden_tools
f733f4254cce4a375a82258c272d1549,154e7e31ebfa092203795c972e5804a6,9,health_beauty
f733f4254cce4a375a82258c272d1549,2b4609f8948be18874494203496bc318,10,health_beauty
f8bc1d81f395f6239a2a5ab1b9edf1ab,422879e10f46682990de24d770e7f83d,1,garden_tools
f8bc1d81f395f6239a2a5ab1b9edf1ab,53759a2ecddad2bb87a079a1f1519f73,2,garden_tools
f8bc1d81f395f6239a2a5ab1b9edf1ab,368c6c730842d78016ad823897a372db,3,garden_tools
f8bc1d81f395f6239a2a5ab1b9edf1ab,0bcc3eeca39e1064258aa1e932269894,4,garden_tools
f8bc1d81f395f6239a2a5ab1b9edf1ab,b0961721fd839e9982420e807758a2a6,5,garden_tools
f8bc1d81f395f6239a2a5ab1b9edf1ab,abda62f854cffdc94184e6bccadc2286,6,housewares
f8bc1d81f395f6239a2a5ab1b9edf1ab,774e21c631ca26cba7b5606bdca7460f,7,sports_leisure
f8bc1d81f395f6239a2a5ab1b9edf1ab,97759b2e2035fcd87986a43119b56c7d,8,home_construction
f8bc1d81f395f6239a2a5ab1b9edf1ab,680874c570dad71c0a2844cfbf417054,9,furniture_decor
f8bc1d81f395f6239a2a5ab1b9edf1ab,d1c427060a0f73f6b889a5c7c61f2ac4,10,computers_accessories
f8daef44c2589a488bfed29f1be8396a,99a4788cb24856965c36a24e339b6058,1,bed_bath_table
f8daef44c2589a488bfed29f1be8396a,aca2eb7d00ea1a7b8ebd4e68314663af,2,furniture_decor
f8daef44c2589a488bfed29f1be8396a,422879e10f46682990de24d770e7f83d,3,garden_tools
f8daef44c2589a488bfed29f1be8396a,53b36df67ebb7c41585e8d54d6772e08,4,watches_gifts
f8daef44c2589a488bfed29f1be8396a,389d119b48cf3043d311335e499d9c6b,5,garden_tools
f8daef44c2589a488bfed29f1be8396a,d1c427060a0f73f6b889a5c7c61f2ac4,6,computers_accessories
f8daef44c2589a488bfed29f1be8396a,368c6c730842d78016ad823897a372db,7,garden_tools
f8daef44c2589a488bfed29f1be8396a,53759a2ecddad2bb87a079a1f1519f73,8,garden_tools
f8daef44c2589a488bfed29f1be8396a,154e7e31ebfa092203795c972e5804a6,9,health_beauty
f8daef44c2589a488bfed29f1be8396a,2b4609f8948be18874494203496bc318,10,health_beauty
f95407bbebadeb8eb236153ba339e998,36f60d45225e60c7da4558b070ce4b60,1,computers_accessories
f95407bbebadeb8eb236153ba339e998,56cdfe67fbda57c1dcc752f5f361f981,2,computers_accessories
f95407bbebadeb8eb236153ba339e998,f293514e0176006f3af40d473cf24a1e,3,computers_accessories
f97ab9c166ca8d6f5313653ee439a6a8,99a4788cb24856965c36a24e339b6058,1,bed_bath_table
f97ab9c166ca8d6f5313653ee439a6a8,aca2eb7d00ea1a7b8ebd4e68314663af,2,furniture_decor
f97ab9c166ca8d6f5313653ee439a6a8,422879e10f46682990de24d770e7f83d,3,garden_tools
f97ab9c166ca8d6f5313653ee439a6a8,53b36df67ebb7c41585e8d54d6772e08,4,watches_gifts
f97ab9c166ca8d6f5313653ee439a6a8,389d119b48cf3043d311335e499d9c6b,5,garden_tools
f97ab9c166ca8d6f5313653ee439a6a8,d1c427060a0f73f6b889a5c7c61f2ac4,6,computers_accessories
f97ab9c166ca8d6f5313653ee439a6a8,368c6c730842d78016ad823897a372db,7,garden_tools
f97ab9c166ca8d6f5313653ee439a6a8,53759a2ecddad2bb87a079a1f1519f73,8,garden_tools
f97ab9c166ca8d6f5313653ee439a6a8,154e7e31ebfa092203795c972e5804a6,9,health_beauty
f97ab9c166ca8d6f5313653ee439a6a8,2b4609f8948be18874494203496bc318,10,health_beauty
f982853f2882760f3a52e7bdfabb1080,87d780fa7d2cf3710aa02dc4ca8db985,1,bed_bath_table
f982853f2882760f3a52e7bdfabb1080,3477030902c7c383db840003051d8115,2,bed_bath_table
f982853f2882760f3a52e7bdfabb1080,f97a136cf6e5f5d9333b513afc8b153e,3,bed_bath_table
f982853f2882760f3a52e7bdfabb1080,a4fa3b8fa5953b0bd18bf4e0b4de499d,4,bed_bath_table
f982853f2882760f3a52e7bdfabb1080,aa36c2127048efdcd47f4ad5b6b68810,5,bed_bath_table
f982853f2882760f3a52e7bdfabb1080,1eaf224c19e07b6e50bf0119eea1dd26,6,bed_bath_table
f982853f2882760f3a52e7bdfabb1080,607ef4aa416b93fdeb2a811c2c73ad81,7,bed_bath_table
f982853f2882760f3a52e7bdfabb1080,31c1d1dfbb4b2730140b8bd9248bcd58,8,bed_bath_table
f982853f2882760f3a52e7bdfabb1080,0fa81e7123fd0ebe03adbbe99d912827,9,bed_bath_table
f982853f2882760f3a52e7bdfabb1080,fb783e3e545937820b57fe539b2c5a6c,10,bed_bath_table
f9b5d3c8bd2dc9c26ff00bde73171554,99a4788cb24856965c36a24e339b6058,1,bed_bath_table
f9b5d3c8bd2dc9c26ff00bde73171554,aca2eb7d00ea1a7b8ebd4e68314663af,2,furniture_decor
f9b5d3c8bd2dc9c26ff00bde73171554,422879e10f46682990de24d770e7f83d,3,garden_tools
f9b5d3c8bd2dc9c26ff00bde73171554,53b36df67ebb7c41585e8d54d6772e08,4,watches_gifts
f9b5d3c8bd2dc9c26ff00bde73171554,389d119b48cf3043d311335e499d9c6b,5,garden_tools
f9b5d3c8bd2dc9c26ff00bde73171554,d1c427060a0f73f6b889a5c7c61f2ac4,6,computers_accessories
f9b5d3c8bd2dc9c26ff00bde73171554,368c6c730842d78016ad823897a372db,7,garden_tools
f9b5d3c8bd2dc9c26ff00bde73171554,53759a2ecddad2bb87a079a1f1519f73,8,garden_tools
f9b5d3c8bd2dc9c26ff00bde73171554,154e7e31ebfa092203795c972e5804a6,9,health_beauty
f9b5d3c8bd2dc9c26ff00bde73171554,2b4609f8948be18874494203496bc318,10,health_beauty
fa494e4132e6539d70a8478f1d0cf3e3,c72336b153d63586e6c0599a1b78f47c,1,sports_leisure
fa494e4132e6539d70a8478f1d0cf3e3,f6af9afab66b4968cf9c27dcdfc42047,2,auto
fa980c101c0dcecaecd3a1b5984c6b5c,422879e10f46682990de24d770e7f83d,1,garden_tools
fa980c101c0dcecaecd3a1b5984c6b5c,53759a2ecddad2bb87a079a1f1519f73,2,garden_tools
fa980c101c0dcecaecd3a1b5984c6b5c,368c6c730842d78016ad823897a372db,3,garden_tools
fa980c101c0dcecaecd3a1b5984c6b5c,0bcc3eeca39e1064258aa1e932269894,4,garden_tools
fa980c101c0dcecaecd3a1b5984c6b5c,b0961721fd839e9982420e807758a2a6,5,garden_tools
fa980c101c0dcecaecd3a1b5984c6b5c,abda62f854cffdc94184e6bccadc2286,6,housewares
fa980c101c0dcecaecd3a1b5984c6b5c,774e21c631ca26cba7b5606bdca7460f,7,sports_leisure
fa980c101c0dcecaecd3a1b5984c6b5c,97759b2e2035fcd87986a43119b56c7d,8,home_construction
fa980c101c0dcecaecd3a1b5984c6b5c,680874c570dad71c0a2844cfbf417054,9,furniture_decor
fa980c101c0dcecaecd3a1b5984c6b5c,d1c427060a0f73f6b889a5c7c61f2ac4,10,computers_accessories
fb920961e4d8e55fd9c357976a611765,7cfb84c1323fb861a17478de42b1839f,1,bed_bath_table
fb920961e4d8e55fd9c357976a611765,8b45810da2ef9860496d56f62435fc40,2,bed_bath_table
fe3e52de024b82706717c38c8e183084,99a4788cb24856965c36a24e339b6058,1,bed_bath_table
fe3e52de024b82706717c38c8e183084,aca2eb7d00ea1a7b8ebd4e68314663af,2,furniture_decor
fe3e52de024b82706717c38c8e183084,422879e10f46682990de24d770e7f83d,3,garden_tools
fe3e52de024b82706717c38c8e183084,53b36df67ebb7c41585e8d54d6772e08,4,watches_gifts
fe3e52de024b82706717c38c8e183084,389d119b48cf3043d311335e499d9c6b,5,garden_tools
fe3e52de024b82706717c38c8e183084,d1c427060a0f73f6b889a5c7c61f2ac4,6,computers_accessories
fe3e52de024b82706717c38c8e183084,368c6c730842d78016ad823897a372db,7,garden_tools
fe3e52de024b82706717c38c8e183084,53759a2ecddad2bb87a079a1f1519f73,8,garden_tools
fe3e52de024b82706717c38c8e183084,154e7e31ebfa092203795c972e5804a6,9,health_beauty
fe3e52de024b82706717c38c8e183084,2b4609f8948be18874494203496bc318,10,health_beauty
fe81bb32c243a86b2f86fbf053fe6140,907539b8216ca1250e5e974b4047699d,1,watches_gifts
ff03923ad1eb9e32304deb7f9b2a45c9,5f42d57952b7815098979a5c4fa6f82a,1,health_beauty
